customer_id,tenure,monthly_charges,total_charges,contract,internet_service,payment_method,senior_citizen,partner,dependents,phone_service,multiple_lines,online_security,online_backup,tech_support,streaming_tv,streaming_movies,paperless_billing,churn
CUST-00001,52,118.93,6177.83,One year,Fiber optic,Mailed check,0,Yes,No,Yes,No,Yes,Yes,No,No,No,Yes,0
CUST-00002,15,87.8,1293.58,Month-to-month,Fiber optic,Mailed check,0,No,No,Yes,Yes,Yes,Yes,Yes,Yes,Yes,No,1
CUST-00003,72,114.8,8269.65,Month-to-month,Fiber optic,Credit card,0,Yes,No,Yes,Yes,Yes,No,No,No,No,Yes,0
CUST-00004,61,32.54,1953.8,Month-to-month,DSL,Electronic check,1,No,No,Yes,No,No,Yes,No,Yes,No,Yes,0
CUST-00005,21,56.98,1197.37,One year,No,Electronic check,0,No,No,No,No phone service,No internet service,No internet service,No internet service,No internet service,No internet service,No,0
CUST-00006,24,74.58,1761.46,One year,No,Credit card,0,Yes,No,Yes,Yes,No internet service,No internet service,No internet service,No internet service,No internet service,No,0
CUST-00007,3,25.83,86.72,One year,Fiber optic,Mailed check,0,Yes,No,Yes,No,No,Yes,Yes,No,Yes,No,0
CUST-00008,22,18.43,386.97,Month-to-month,DSL,Mailed check,0,No,No,Yes,Yes,No,Yes,Yes,Yes,No,Yes,0
CUST-00009,53,86.38,4569.12,Month-to-month,DSL,Electronic check,0,No,No,Yes,Yes,Yes,Yes,No,No,Yes,Yes,1
CUST-00010,2,83.47,172.82,Month-to-month,DSL,Credit card,0,No,Yes,Yes,Yes,Yes,Yes,Yes,Yes,Yes,Yes,1
CUST-00011,30,59.9,1781.55,Month-to-month,Fiber optic,Electronic check,0,Yes,No,Yes,No,Yes,No,Yes,Yes,No,No,0
CUST-00012,38,67.94,2580.56,Two year,DSL,Bank transfer,0,Yes,Yes,Yes,Yes,Yes,Yes,No,No,No,Yes,0
CUST-00013,2,60.38,90.48,Two year,No,Credit card,0,No,No,Yes,No,No internet service,No internet service,No internet service,No internet service,No internet service,Yes,0
CUST-00014,64,20.45,1321.42,One year,No,Electronic check,0,Yes,No,Yes,Yes,No internet service,No internet service,No internet service,No internet service,No internet service,Yes,0
CUST-00015,60,52.21,3167.9,Two year,Fiber optic,Credit card,0,No,No,Yes,No,Yes,No,No,No,No,Yes,0
CUST-00016,21,36.06,813.1,One year,Fiber optic,Mailed check,0,Yes,No,Yes,No,No,No,No,Yes,No,Yes,1
CUST-00017,33,28.04,927.14,Month-to-month,Fiber optic,Bank transfer,1,No,No,Yes,Yes,Yes,Yes,Yes,No,No,No,1
CUST-00018,58,115.59,6719.98,Two year,No,Mailed check,0,Yes,Yes,Yes,Yes,No internet service,No internet service,No internet service,No internet service,No internet service,Yes,0
CUST-00019,22,79.13,1705.25,Month-to-month,No,Bank transfer,0,No,No,Yes,No,No internet service,No internet service,No internet service,No internet service,No internet service,No,1
CUST-00020,49,92.32,4553.73,One year,DSL,Electronic check,0,No,No,Yes,No,No,Yes,No,Yes,No,Yes,1
CUST-00021,59,50.17,2975.55,Month-to-month,DSL,Electronic check,0,No,No,Yes,No,Yes,No,No,No,No,Yes,0
CUST-00022,42,58.1,2430.52,Month-to-month,Fiber optic,Credit card,0,Yes,No,Yes,Yes,Yes,Yes,No,No,No,Yes,1
CUST-00023,60,42.17,2554.94,One year,Fiber optic,Electronic check,0,Yes,No,Yes,Yes,Yes,Yes,Yes,Yes,No,No,0
CUST-00024,15,27.89,413.26,Month-to-month,DSL,Credit card,0,Yes,Yes,Yes,No,Yes,No,No,No,Yes,No,1
CUST-00025,62,36.26,2238.96,Month-to-month,Fiber optic,Electronic check,0,No,No,Yes,No,No,No,No,No,Yes,No,1
CUST-00026,62,99.35,6169.21,Month-to-month,Fiber optic,Mailed check,1,No,Yes,Yes,Yes,No,No,Yes,Yes,No,No,1
CUST-00027,47,87.11,4072.9,Month-to-month,DSL,Credit card,0,No,Yes,Yes,No,No,Yes,Yes,No,Yes,Yes,1
CUST-00028,62,73.79,4595.41,Two year,No,Electronic check,1,Yes,No,Yes,Yes,No internet service,No internet service,No internet service,No internet service,No internet service,Yes,0
CUST-00029,51,66.46,3368.34,One year,DSL,Credit card,0,No,No,Yes,No,No,Yes,Yes,Yes,No,Yes,0
CUST-00030,55,112.09,6143.95,Month-to-month,Fiber optic,Mailed check,0,Yes,Yes,Yes,Yes,No,Yes,No,No,Yes,Yes,1
CUST-00031,64,25.42,1608.69,Month-to-month,Fiber optic,Mailed check,0,Yes,No,Yes,No,Yes,Yes,No,No,No,Yes,1
CUST-00032,3,46.62,155.05,Two year,DSL,Bank transfer,0,No,No,Yes,Yes,Yes,Yes,Yes,No,Yes,Yes,0
CUST-00033,51,53.69,2725.85,Month-to-month,Fiber optic,Mailed check,0,Yes,No,Yes,Yes,No,Yes,Yes,No,No,Yes,0
CUST-00034,7,97.81,657.71,Month-to-month,Fiber optic,Mailed check,1,No,No,Yes,No,No,No,No,No,Yes,Yes,1
CUST-00035,21,119.24,2491.93,Month-to-month,No,Bank transfer,0,No,Yes,Yes,No,No internet service,No internet service,No internet service,No internet service,No internet service,Yes,0
CUST-00036,39,42.55,1658.81,Two year,Fiber optic,Electronic check,0,No,No,Yes,No,No,No,Yes,No,Yes,No,1
CUST-00037,18,107.18,1905.62,Month-to-month,Fiber optic,Electronic check,0,No,No,Yes,Yes,Yes,Yes,No,Yes,Yes,Yes,1
CUST-00038,4,102.72,387.85,Month-to-month,Fiber optic,Credit card,0,Yes,No,Yes,No,No,No,No,No,Yes,Yes,1
CUST-00039,60,40.92,2497.43,Month-to-month,Fiber optic,Credit card,0,No,No,Yes,Yes,Yes,No,No,Yes,No,No,1
CUST-00040,14,58.73,805.01,Month-to-month,No,Mailed check,0,Yes,Yes,Yes,Yes,No internet service,No internet service,No internet service,No internet service,No internet service,No,0
CUST-00041,9,59.79,531.65,One year,DSL,Mailed check,0,Yes,No,Yes,Yes,Yes,Yes,Yes,No,Yes,No,0
CUST-00042,53,117.78,6235.0,Month-to-month,DSL,Bank transfer,0,No,Yes,Yes,Yes,Yes,Yes,Yes,Yes,Yes,Yes,1
CUST-00043,2,36.45,64.47,Month-to-month,Fiber optic,Mailed check,1,No,No,No,No phone service,No,Yes,Yes,Yes,Yes,No,0
CUST-00044,60,99.51,5983.03,Month-to-month,DSL,Mailed check,0,Yes,No,Yes,Yes,Yes,Yes,No,Yes,Yes,Yes,1
CUST-00045,71,52.09,3717.35,Month-to-month,No,Credit card,0,Yes,No,Yes,Yes,No internet service,No internet service,No internet service,No internet service,No internet service,Yes,0
CUST-00046,44,92.55,4066.08,Two year,Fiber optic,Electronic check,0,No,Yes,Yes,Yes,No,Yes,No,Yes,Yes,No,1
CUST-00047,8,60.84,461.99,Two year,Fiber optic,Bank transfer,0,Yes,No,Yes,No,No,Yes,No,Yes,No,Yes,1
CUST-00048,47,76.99,3644.02,Month-to-month,No,Credit card,0,No,No,Yes,No,No internet service,No internet service,No internet service,No internet service,No internet service,Yes,0
CUST-00049,35,102.93,3600.64,Month-to-month,Fiber optic,Bank transfer,0,Yes,Yes,Yes,No,No,Yes,No,Yes,Yes,No,1
CUST-00050,36,100.02,3635.33,Month-to-month,Fiber optic,Credit card,1,Yes,No,Yes,No,No,No,No,Yes,No,No,0
CUST-00051,50,106.38,5274.09,One year,DSL,Electronic check,0,No,No,Yes,No,No,No,Yes,Yes,No,No,0
CUST-00052,4,24.08,100.23,One year,Fiber optic,Electronic check,0,No,Yes,No,No phone service,Yes,Yes,Yes,Yes,No,No,0
CUST-00053,2,88.59,215.55,Month-to-month,DSL,Credit card,1,No,Yes,Yes,No,No,No,Yes,Yes,No,No,0
CUST-00054,6,32.28,186.61,One year,Fiber optic,Mailed check,0,No,No,Yes,No,Yes,Yes,Yes,No,No,Yes,0
CUST-00055,54,60.41,3257.63,One year,Fiber optic,Bank transfer,0,Yes,Yes,Yes,Yes,No,No,Yes,No,No,Yes,0
CUST-00056,4,73.96,301.75,Two year,DSL,Electronic check,0,No,No,No,No phone service,Yes,No,No,No,No,Yes,0
CUST-00057,54,59.08,3179.14,Month-to-month,Fiber optic,Bank transfer,0,Yes,No,Yes,No,Yes,No,Yes,No,No,Yes,1
CUST-00058,63,71.0,4466.76,Month-to-month,DSL,Mailed check,0,No,No,Yes,No,No,Yes,No,Yes,Yes,No,0
CUST-00059,18,119.65,2146.94,Month-to-month,No,Electronic check,0,Yes,Yes,No,No phone service,No internet service,No internet service,No internet service,No internet service,No internet service,Yes,1
CUST-00060,44,31.79,1386.21,Two year,DSL,Mailed check,0,Yes,No,No,No phone service,No,Yes,No,No,Yes,No,0
CUST-00061,34,86.9,2979.18,One year,No,Bank transfer,0,Yes,No,Yes,Yes,No internet service,No internet service,No internet service,No internet service,No internet service,No,1
CUST-00062,62,58.39,3629.4,One year,Fiber optic,Electronic check,0,No,No,Yes,No,No,No,Yes,No,Yes,Yes,0
CUST-00063,14,31.57,446.99,Month-to-month,Fiber optic,Bank transfer,0,Yes,No,Yes,No,No,No,No,Yes,Yes,Yes,0
CUST-00064,48,34.19,1657.29,Month-to-month,DSL,Mailed check,0,No,Yes,Yes,Yes,No,Yes,Yes,No,No,Yes,1
CUST-00065,15,114.83,1717.16,Month-to-month,No,Electronic check,0,Yes,No,Yes,No,No internet service,No internet service,No internet service,No internet service,No internet service,Yes,1
CUST-00066,72,107.72,7740.36,One year,DSL,Bank transfer,1,Yes,No,Yes,Yes,No,Yes,No,No,No,Yes,0
CUST-00067,62,110.52,6840.19,Month-to-month,Fiber optic,Electronic check,0,Yes,No,Yes,Yes,Yes,No,No,Yes,No,No,1
CUST-00068,40,119.14,4765.64,Month-to-month,No,Electronic check,0,Yes,Yes,Yes,Yes,No internet service,No internet service,No internet service,No internet service,No internet service,Yes,0
CUST-00069,53,39.25,2059.07,One year,No,Mailed check,1,No,Yes,Yes,Yes,No internet service,No internet service,No internet service,No internet service,No internet service,Yes,0
CUST-00070,24,54.25,1291.99,Month-to-month,Fiber optic,Bank transfer,0,No,No,Yes,Yes,Yes,No,No,No,Yes,Yes,0
CUST-00071,26,86.26,2232.44,Month-to-month,No,Credit card,1,No,No,Yes,No,No internet service,No internet service,No internet service,No internet service,No internet service,Yes,1
CUST-00072,60,67.35,4083.49,Month-to-month,Fiber optic,Electronic check,0,Yes,No,No,No phone service,Yes,Yes,No,Yes,Yes,No,1
CUST-00073,41,60.68,2432.4,Two year,DSL,Mailed check,1,No,Yes,Yes,Yes,Yes,No,Yes,Yes,Yes,No,0
CUST-00074,29,54.5,1576.91,One year,Fiber optic,Electronic check,0,Yes,No,Yes,No,Yes,No,No,No,No,Yes,0
CUST-00075,15,78.57,1213.06,Two year,DSL,Bank transfer,0,No,No,Yes,Yes,No,No,Yes,No,No,No,0
CUST-00076,45,76.71,3454.39,Month-to-month,DSL,Mailed check,1,Yes,No,Yes,Yes,No,No,Yes,No,No,Yes,0
CUST-00077,65,34.47,2255.62,Two year,Fiber optic,Bank transfer,0,No,No,Yes,No,No,No,Yes,Yes,Yes,Yes,0
CUST-00078,71,66.12,4696.52,Two year,Fiber optic,Electronic check,0,No,No,Yes,No,No,Yes,No,Yes,No,Yes,0
CUST-00079,9,74.45,656.7,One year,DSL,Credit card,0,Yes,No,Yes,No,Yes,Yes,No,Yes,No,Yes,0
CUST-00080,1,76.17,31.33,Two year,No,Mailed check,0,Yes,Yes,Yes,No,No internet service,No internet service,No internet service,No internet service,No internet service,Yes,0
CUST-00081,8,39.43,319.55,Month-to-month,DSL,Credit card,0,No,No,No,No phone service,No,No,Yes,Yes,No,No,1
CUST-00082,63,93.71,5888.22,Month-to-month,No,Electronic check,0,Yes,Yes,Yes,Yes,No internet service,No internet service,No internet service,No internet service,No internet service,Yes,1
CUST-00083,11,20.57,210.26,Month-to-month,No,Mailed check,1,No,Yes,Yes,No,No internet service,No internet service,No internet service,No internet service,No internet service,No,1
CUST-00084,8,54.19,423.54,One year,No,Bank transfer,0,No,Yes,Yes,No,No internet service,No internet service,No internet service,No internet service,No internet service,Yes,0
CUST-00085,35,97.58,3450.2,One year,No,Bank transfer,0,No,No,Yes,No,No internet service,No internet service,No internet service,No internet service,No internet service,No,0
CUST-00086,35,75.52,2691.3,One year,DSL,Electronic check,0,No,No,Yes,No,Yes,Yes,Yes,Yes,No,No,0
CUST-00087,33,44.64,1477.46,Month-to-month,Fiber optic,Credit card,0,Yes,No,No,No phone service,No,No,No,No,Yes,Yes,0
CUST-00088,5,88.89,435.15,Month-to-month,DSL,Electronic check,0,Yes,No,Yes,No,Yes,Yes,Yes,No,No,Yes,1
CUST-00089,41,75.87,3087.13,Month-to-month,DSL,Electronic check,0,Yes,Yes,Yes,Yes,No,Yes,Yes,Yes,Yes,No,1
CUST-00090,28,99.22,2787.53,One year,Fiber optic,Mailed check,0,No,No,Yes,Yes,Yes,No,No,No,Yes,Yes,1
CUST-00091,7,92.97,686.45,Month-to-month,DSL,Mailed check,1,No,No,Yes,Yes,Yes,No,No,Yes,Yes,Yes,1
CUST-00092,72,80.23,5771.61,Two year,No,Bank transfer,0,No,No,Yes,Yes,No internet service,No internet service,No internet service,No internet service,No internet service,No,0
CUST-00093,12,67.79,765.9,Month-to-month,No,Mailed check,0,No,Yes,Yes,Yes,No internet service,No internet service,No internet service,No internet service,No internet service,No,1
CUST-00094,34,31.58,1087.12,Month-to-month,Fiber optic,Mailed check,0,No,No,Yes,No,No,Yes,Yes,No,Yes,No,1
CUST-00095,33,44.66,1493.49,Two year,Fiber optic,Mailed check,0,No,No,Yes,Yes,No,Yes,Yes,No,Yes,No,1
CUST-00096,48,60.75,2884.28,Month-to-month,Fiber optic,Mailed check,0,Yes,No,Yes,No,No,No,No,No,Yes,Yes,1
CUST-00097,23,79.13,1823.52,Month-to-month,No,Credit card,0,No,No,Yes,Yes,No internet service,No internet service,No internet service,No internet service,No internet service,Yes,1
CUST-00098,62,70.4,4373.82,Month-to-month,Fiber optic,Credit card,0,No,No,Yes,Yes,Yes,No,No,Yes,No,No,1
CUST-00099,37,47.39,1751.97,Month-to-month,DSL,Mailed check,0,Yes,Yes,Yes,No,No,Yes,No,Yes,No,Yes,0
CUST-00100,44,18.66,805.22,Two year,Fiber optic,Electronic check,0,Yes,No,Yes,No,No,Yes,No,No,Yes,Yes,0
CUST-00101,35,68.62,2422.02,One year,Fiber optic,Credit card,0,Yes,Yes,Yes,Yes,No,Yes,No,No,No,No,0
CUST-00102,65,47.13,3055.38,Month-to-month,No,Electronic check,0,No,Yes,Yes,Yes,No internet service,No internet service,No internet service,No internet service,No internet service,Yes,0
CUST-00103,47,92.93,4338.01,One year,DSL,Electronic check,0,No,Yes,Yes,Yes,Yes,Yes,No,Yes,No,No,0
CUST-00104,3,20.44,20.33,Month-to-month,DSL,Electronic check,0,Yes,No,Yes,No,No,No,No,No,Yes,Yes,0
CUST-00105,1,77.65,102.87,One year,No,Electronic check,0,No,No,Yes,Yes,No internet service,No internet service,No internet service,No internet service,No internet service,Yes,0
CUST-00106,5,114.03,582.48,Two year,No,Credit card,0,Yes,No,Yes,No,No internet service,No internet service,No internet service,No internet service,No internet service,No,1
CUST-00107,14,35.79,502.82,Two year,No,Bank transfer,0,No,Yes,Yes,No,No internet service,No internet service,No internet service,No internet service,No internet service,No,0
CUST-00108,27,66.11,1776.16,Month-to-month,Fiber optic,Credit card,0,No,Yes,Yes,No,Yes,Yes,No,Yes,Yes,Yes,0
CUST-00109,9,27.33,235.39,Month-to-month,Fiber optic,Electronic check,0,No,No,Yes,No,Yes,No,No,Yes,Yes,No,1
CUST-00110,15,81.82,1205.79,Month-to-month,Fiber optic,Mailed check,0,Yes,No,Yes,No,No,No,Yes,Yes,Yes,Yes,1
CUST-00111,42,74.15,3105.67,One year,DSL,Credit card,0,No,No,Yes,No,Yes,Yes,Yes,No,No,Yes,0
CUST-00112,51,59.55,2994.65,Month-to-month,Fiber optic,Credit card,0,Yes,Yes,Yes,Yes,Yes,No,No,Yes,No,Yes,0
CUST-00113,63,71.18,4469.62,Month-to-month,DSL,Bank transfer,0,Yes,No,Yes,No,Yes,No,Yes,Yes,No,Yes,1
CUST-00114,52,109.45,5685.18,Two year,DSL,Electronic check,0,Yes,No,Yes,Yes,No,Yes,Yes,No,Yes,Yes,0
CUST-00115,4,38.02,164.28,Month-to-month,No,Bank transfer,0,No,Yes,Yes,No,No internet service,No internet service,No internet service,No internet service,No internet service,No,0
CUST-00116,23,20.3,466.1,Month-to-month,DSL,Mailed check,0,No,No,Yes,Yes,No,Yes,No,No,No,No,1
CUST-00117,15,105.89,1604.25,Month-to-month,No,Mailed check,1,No,No,Yes,No,No internet service,No internet service,No internet service,No internet service,No internet service,No,1
CUST-00118,43,76.87,3332.39,Month-to-month,DSL,Bank transfer,0,No,Yes,Yes,No,No,No,Yes,No,No,No,0
CUST-00119,29,108.85,3177.81,Month-to-month,DSL,Bank transfer,0,Yes,No,Yes,Yes,Yes,No,No,Yes,Yes,No,0
CUST-00120,36,78.89,2849.45,Month-to-month,Fiber optic,Bank transfer,1,Yes,No,Yes,No,No,Yes,No,No,No,No,0
CUST-00121,13,100.64,1308.56,Month-to-month,Fiber optic,Bank transfer,0,No,No,Yes,Yes,No,No,No,Yes,Yes,Yes,1
CUST-00122,32,61.83,1958.94,Month-to-month,Fiber optic,Electronic check,0,Yes,Yes,Yes,No,No,Yes,No,Yes,No,Yes,0
CUST-00123,71,94.49,6723.59,One year,No,Mailed check,0,No,No,Yes,Yes,No internet service,No internet service,No internet service,No internet service,No internet service,Yes,0
CUST-00124,59,111.13,6590.26,Month-to-month,DSL,Bank transfer,0,No,Yes,Yes,Yes,Yes,No,No,No,No,Yes,0
CUST-00125,28,76.36,2144.92,One year,No,Electronic check,1,Yes,No,Yes,No,No internet service,No internet service,No internet service,No internet service,No internet service,No,0
CUST-00126,66,36.44,2443.39,Month-to-month,DSL,Electronic check,1,No,No,Yes,No,No,Yes,Yes,Yes,Yes,No,0
CUST-00127,42,45.42,1877.13,Month-to-month,No,Electronic check,0,Yes,No,Yes,Yes,No internet service,No internet service,No internet service,No internet service,No internet service,Yes,1
CUST-00128,45,38.26,1698.62,Two year,Fiber optic,Mailed check,0,Yes,No,Yes,No,Yes,Yes,Yes,No,Yes,No,0
CUST-00129,62,43.18,2694.26,Month-to-month,No,Credit card,0,No,Yes,Yes,Yes,No internet service,No internet service,No internet service,No internet service,No internet service,Yes,0
CUST-00130,57,49.25,2812.54,Month-to-month,Fiber optic,Electronic check,0,No,No,Yes,Yes,Yes,Yes,No,No,Yes,Yes,1
CUST-00131,6,74.62,474.0,Two year,DSL,Mailed check,0,No,Yes,Yes,Yes,No,No,Yes,No,Yes,Yes,1
CUST-00132,28,77.98,2183.13,One year,No,Bank transfer,0,Yes,Yes,Yes,Yes,No internet service,No internet service,No internet service,No internet service,No internet service,Yes,0
CUST-00133,28,61.5,1704.64,Month-to-month,DSL,Electronic check,0,No,No,Yes,No,No,No,No,No,No,Yes,1
CUST-00134,44,80.77,3549.61,Month-to-month,DSL,Credit card,1,Yes,No,Yes,No,Yes,Yes,Yes,Yes,No,No,1
CUST-00135,30,26.32,758.95,One year,No,Mailed check,0,Yes,No,Yes,No,No internet service,No internet service,No internet service,No internet service,No internet service,No,0
CUST-00136,62,26.95,1648.33,Two year,DSL,Credit card,0,No,No,Yes,No,No,No,No,No,No,Yes,0
CUST-00137,62,35.53,2222.31,Month-to-month,DSL,Electronic check,0,Yes,No,No,No phone service,No,Yes,Yes,Yes,Yes,Yes,1
CUST-00138,1,70.84,88.3,Month-to-month,Fiber optic,Electronic check,1,No,No,Yes,Yes,No,Yes,No,No,No,No,1
CUST-00139,27,39.83,1082.67,Month-to-month,No,Electronic check,0,No,Yes,Yes,Yes,No internet service,No internet service,No internet service,No internet service,No internet service,No,1
CUST-00140,62,46.9,2873.38,Month-to-month,DSL,Mailed check,0,Yes,No,Yes,No,Yes,Yes,No,No,No,Yes,1
CUST-00141,3,58.83,169.32,Month-to-month,Fiber optic,Credit card,0,No,Yes,Yes,Yes,Yes,No,No,Yes,Yes,Yes,0
CUST-00142,70,100.81,7032.2,Month-to-month,Fiber optic,Electronic check,1,Yes,Yes,Yes,Yes,Yes,Yes,No,No,No,No,1
CUST-00143,72,19.41,1421.05,Month-to-month,No,Bank transfer,1,No,Yes,Yes,Yes,No internet service,No internet service,No internet service,No internet service,No internet service,No,0
CUST-00144,27,84.24,2262.81,Month-to-month,No,Electronic check,0,Yes,Yes,Yes,No,No internet service,No internet service,No internet service,No internet service,No internet service,No,0
CUST-00145,9,86.23,754.36,Two year,Fiber optic,Credit card,0,Yes,No,Yes,No,No,Yes,Yes,No,No,Yes,1
CUST-00146,62,99.46,6167.12,Month-to-month,Fiber optic,Bank transfer,0,No,No,Yes,No,No,Yes,No,Yes,Yes,No,1
CUST-00147,37,113.14,4173.38,Month-to-month,Fiber optic,Mailed check,0,No,No,Yes,No,Yes,No,Yes,Yes,No,Yes,0
CUST-00148,51,20.05,1052.22,Month-to-month,DSL,Electronic check,1,No,No,Yes,Yes,No,Yes,No,Yes,No,No,0
CUST-00149,44,33.69,1467.66,Two year,Fiber optic,Bank transfer,0,Yes,No,Yes,No,Yes,No,No,No,No,Yes,0
CUST-00150,24,108.39,2573.38,One year,No,Electronic check,0,Yes,No,Yes,Yes,No internet service,No internet service,No internet service,No internet service,No internet service,No,0
CUST-00151,59,64.77,3778.37,One year,Fiber optic,Electronic check,0,No,No,Yes,No,Yes,Yes,Yes,No,No,Yes,1
CUST-00152,32,75.59,2418.26,Month-to-month,DSL,Bank transfer,0,No,Yes,Yes,Yes,No,No,Yes,No,No,No,0
CUST-00153,52,85.63,4441.52,Two year,Fiber optic,Credit card,0,Yes,Yes,Yes,Yes,No,No,Yes,Yes,No,No,0
CUST-00154,62,87.26,5381.54,Month-to-month,Fiber optic,Credit card,0,Yes,No,Yes,No,No,Yes,Yes,Yes,No,No,0
CUST-00155,58,113.04,6580.1,Month-to-month,Fiber optic,Bank transfer,0,Yes,No,Yes,No,No,Yes,No,No,No,No,0
CUST-00156,52,119.69,6237.22,One year,Fiber optic,Mailed check,0,Yes,Yes,Yes,Yes,No,No,No,Yes,No,Yes,0
CUST-00157,12,91.46,1096.96,Two year,Fiber optic,Credit card,0,No,No,Yes,Yes,Yes,No,No,Yes,Yes,No,1
CUST-00158,39,47.3,1871.99,One year,DSL,Mailed check,1,Yes,No,Yes,Yes,No,Yes,Yes,No,Yes,Yes,0
CUST-00159,2,107.73,228.71,Two year,No,Mailed check,0,Yes,Yes,Yes,No,No internet service,No internet service,No internet service,No internet service,No internet service,No,0
CUST-00160,3,23.02,52.6,Two year,Fiber optic,Credit card,0,Yes,No,Yes,No,No,Yes,Yes,Yes,No,No,0
CUST-00161,56,41.57,2307.14,Month-to-month,DSL,Electronic check,0,Yes,No,Yes,No,No,No,Yes,Yes,Yes,Yes,0
CUST-00162,59,109.53,6478.63,Month-to-month,DSL,Electronic check,0,Yes,Yes,Yes,No,Yes,No,No,No,No,No,1
CUST-00163,2,44.13,96.19,Month-to-month,No,Bank transfer,0,No,No,Yes,Yes,No internet service,No internet service,No internet service,No internet service,No internet service,Yes,0
CUST-00164,2,40.51,84.41,Two year,No,Electronic check,0,No,No,Yes,No,No internet service,No internet service,No internet service,No internet service,No internet service,Yes,0
CUST-00165,54,32.09,1715.93,Month-to-month,Fiber optic,Mailed check,1,Yes,No,Yes,No,No,No,Yes,No,Yes,Yes,0
CUST-00166,1,105.63,117.79,Two year,DSL,Mailed check,0,No,Yes,Yes,No,Yes,Yes,Yes,No,No,Yes,0
CUST-00167,19,69.01,1296.08,Month-to-month,DSL,Mailed check,0,No,No,Yes,Yes,No,No,No,Yes,Yes,Yes,0
CUST-00168,2,86.84,171.64,Month-to-month,DSL,Credit card,0,Yes,Yes,Yes,No,Yes,No,Yes,Yes,Yes,Yes,1
CUST-00169,53,42.38,2275.08,Month-to-month,Fiber optic,Electronic check,0,Yes,Yes,Yes,No,No,Yes,Yes,Yes,No,Yes,1
CUST-00170,44,95.32,4180.86,Month-to-month,Fiber optic,Mailed check,0,Yes,No,Yes,Yes,No,No,Yes,Yes,No,No,1
CUST-00171,32,95.52,3025.18,Two year,Fiber optic,Electronic check,1,No,No,Yes,Yes,Yes,Yes,Yes,Yes,Yes,Yes,0
CUST-00172,70,49.88,3470.55,Month-to-month,Fiber optic,Bank transfer,0,No,No,Yes,No,Yes,No,Yes,Yes,No,Yes,1
CUST-00173,32,59.89,1936.37,Month-to-month,DSL,Bank transfer,0,Yes,No,Yes,No,Yes,No,No,Yes,Yes,Yes,0
CUST-00174,68,39.39,2683.61,Month-to-month,DSL,Mailed check,0,No,No,Yes,No,No,No,No,Yes,Yes,No,1
CUST-00175,55,117.61,6465.97,Month-to-month,Fiber optic,Electronic check,0,No,No,No,No phone service,No,Yes,Yes,Yes,No,No,0
CUST-00176,56,83.85,4685.42,Month-to-month,DSL,Bank transfer,1,Yes,Yes,Yes,No,No,No,Yes,Yes,Yes,Yes,0
CUST-00177,17,113.32,1936.15,Month-to-month,DSL,Mailed check,0,No,No,Yes,No,No,No,Yes,Yes,No,No,1
CUST-00178,38,48.95,1843.12,Two year,Fiber optic,Electronic check,0,Yes,No,Yes,Yes,No,No,Yes,No,Yes,No,0
CUST-00179,24,97.75,2352.11,Month-to-month,No,Mailed check,0,No,Yes,Yes,No,No internet service,No internet service,No internet service,No internet service,No internet service,Yes,0
CUST-00180,69,96.12,6617.65,Month-to-month,Fiber optic,Mailed check,0,Yes,No,Yes,Yes,No,No,No,Yes,No,Yes,1
CUST-00181,70,88.55,6180.55,One year,No,Credit card,0,No,No,No,No phone service,No internet service,No internet service,No internet service,No internet service,No internet service,No,0
CUST-00182,11,116.5,1268.75,Month-to-month,Fiber optic,Credit card,0,Yes,Yes,Yes,No,Yes,Yes,Yes,No,Yes,Yes,1
CUST-00183,16,58.14,922.73,Month-to-month,Fiber optic,Bank transfer,0,No,Yes,No,No phone service,Yes,Yes,Yes,Yes,No,No,0
CUST-00184,59,31.33,1847.49,Month-to-month,DSL,Credit card,0,Yes,No,Yes,Yes,No,No,Yes,Yes,No,No,0
CUST-00185,70,86.51,6060.41,Month-to-month,No,Bank transfer,0,No,No,Yes,Yes,No internet service,No internet service,No internet service,No internet service,No internet service,Yes,0
CUST-00186,3,92.39,203.4,One year,DSL,Credit card,0,Yes,Yes,Yes,Yes,No,Yes,No,Yes,Yes,Yes,0
CUST-00187,20,76.66,1517.05,Month-to-month,DSL,Electronic check,0,Yes,No,Yes,Yes,No,No,Yes,No,No,Yes,0
CUST-00188,59,39.1,2299.07,One year,DSL,Mailed check,0,Yes,No,Yes,No,No,No,Yes,No,No,No,0
CUST-00189,36,69.45,2530.3,Two year,No,Bank transfer,0,Yes,No,Yes,No,No internet service,No internet service,No internet service,No internet service,No internet service,No,0
CUST-00190,19,49.84,925.36,Month-to-month,No,Bank transfer,0,No,No,Yes,Yes,No internet service,No internet service,No internet service,No internet service,No internet service,No,0
CUST-00191,67,61.6,4130.46,Month-to-month,No,Electronic check,0,No,No,Yes,Yes,No internet service,No internet service,No internet service,No internet service,No internet service,No,0
CUST-00192,19,83.81,1622.29,Month-to-month,Fiber optic,Mailed check,0,No,No,Yes,No,Yes,Yes,Yes,No,Yes,Yes,1
CUST-00193,20,94.01,1853.94,Month-to-month,Fiber optic,Electronic check,0,No,No,Yes,No,No,No,Yes,No,Yes,No,1
CUST-00194,71,41.69,2967.87,Two year,No,Electronic check,0,Yes,Yes,Yes,No,No internet service,No internet service,No internet service,No internet service,No internet service,Yes,0
CUST-00195,52,59.34,3069.63,One year,Fiber optic,Mailed check,0,Yes,Yes,Yes,No,No,No,No,No,Yes,Yes,1
CUST-00196,33,45.45,1489.76,Month-to-month,No,Mailed check,0,No,No,Yes,Yes,No internet service,No internet service,No internet service,No internet service,No internet service,Yes,0
CUST-00197,40,38.26,1514.34,Month-to-month,DSL,Credit card,0,No,No,Yes,Yes,Yes,No,No,No,Yes,Yes,0
CUST-00198,39,97.91,3803.85,Month-to-month,DSL,Bank transfer,0,No,Yes,Yes,No,Yes,No,Yes,No,No,Yes,0
CUST-00199,1,110.74,165.18,One year,No,Credit card,1,Yes,No,Yes,Yes,No internet service,No internet service,No internet service,No internet service,No internet service,Yes,1
CUST-00200,11,55.76,630.25,One year,DSL,Credit card,0,Yes,No,Yes,Yes,No,Yes,Yes,Yes,No,Yes,0
CUST-00201,57,94.63,5415.94,One year,No,Mailed check,0,Yes,No,No,No phone service,No internet service,No internet service,No internet service,No internet service,No internet service,Yes,0
CUST-00202,50,109.49,5484.34,Month-to-month,Fiber optic,Mailed check,0,Yes,Yes,No,No phone service,Yes,Yes,Yes,No,No,Yes,1
CUST-00203,23,104.3,2366.77,One year,No,Electronic check,0,No,No,Yes,Yes,No internet service,No internet service,No internet service,No internet service,No internet service,Yes,0
CUST-00204,31,36.65,1144.05,Month-to-month,DSL,Credit card,0,Yes,Yes,Yes,No,Yes,Yes,Yes,Yes,Yes,No,0
CUST-00205,42,115.54,4874.14,Month-to-month,Fiber optic,Electronic check,0,No,No,Yes,Yes,Yes,Yes,Yes,No,Yes,No,1
CUST-00206,7,56.42,377.87,Month-to-month,Fiber optic,Bank transfer,0,No,No,Yes,No,Yes,No,Yes,No,Yes,Yes,0
CUST-00207,16,52.6,860.91,Month-to-month,Fiber optic,Mailed check,0,No,No,Yes,Yes,Yes,Yes,Yes,No,Yes,Yes,0
CUST-00208,60,24.37,1476.29,One year,Fiber optic,Credit card,0,No,Yes,Yes,No,Yes,No,No,No,No,No,0
CUST-00209,2,67.59,172.22,Two year,No,Mailed check,0,Yes,No,No,No phone service,No internet service,No internet service,No internet service,No internet service,No internet service,Yes,0
CUST-00210,1,29.12,20.76,Month-to-month,Fiber optic,Credit card,0,No,Yes,Yes,No,No,Yes,No,No,No,Yes,1
CUST-00211,48,43.35,2058.85,Two year,DSL,Electronic check,0,Yes,No,Yes,No,Yes,Yes,Yes,Yes,Yes,No,0
CUST-00212,12,50.33,596.73,Month-to-month,No,Electronic check,0,No,No,Yes,Yes,No internet service,No internet service,No internet service,No internet service,No internet service,Yes,1
CUST-00213,69,100.5,6963.21,One year,DSL,Bank transfer,0,Yes,No,Yes,No,No,No,Yes,Yes,Yes,No,0
CUST-00214,37,107.3,3933.53,Two year,Fiber optic,Credit card,0,Yes,No,Yes,Yes,No,Yes,Yes,No,Yes,Yes,0
CUST-00215,32,48.85,1521.83,Month-to-month,DSL,Mailed check,0,Yes,No,Yes,No,Yes,No,Yes,No,No,No,0
CUST-00216,9,105.59,952.1,Two year,No,Credit card,0,Yes,Yes,Yes,Yes,No internet service,No internet service,No internet service,No internet service,No internet service,Yes,0
CUST-00217,19,105.44,1994.51,Month-to-month,DSL,Bank transfer,0,No,Yes,Yes,No,No,No,No,No,Yes,No,1
CUST-00218,48,95.99,4607.67,Month-to-month,DSL,Credit card,0,No,No,Yes,No,Yes,No,Yes,No,Yes,No,0
CUST-00219,3,32.96,117.79,One year,No,Mailed check,0,No,Yes,Yes,Yes,No internet service,No internet service,No internet service,No internet service,No internet service,Yes,0
CUST-00220,20,88.41,1757.15,Two year,No,Mailed check,1,No,Yes,Yes,Yes,No internet service,No internet service,No internet service,No internet service,No internet service,No,0
CUST-00221,24,114.39,2707.9,Two year,DSL,Electronic check,0,No,No,Yes,Yes,No,No,No,No,No,No,1
CUST-00222,54,87.62,4772.37,One year,Fiber optic,Credit card,0,Yes,No,Yes,No,No,Yes,Yes,Yes,No,Yes,1
CUST-00223,33,51.82,1690.12,Month-to-month,No,Credit card,0,No,Yes,No,No phone service,No internet service,No internet service,No internet service,No internet service,No internet service,No,0
CUST-00224,24,69.06,1636.26,Month-to-month,DSL,Bank transfer,0,No,No,Yes,No,Yes,No,No,Yes,Yes,Yes,1
CUST-00225,72,83.86,6059.99,Two year,No,Electronic check,0,No,No,Yes,Yes,No internet service,No internet service,No internet service,No internet service,No internet service,Yes,0
CUST-00226,36,70.08,2515.19,Month-to-month,Fiber optic,Electronic check,0,No,No,No,No phone service,No,Yes,No,Yes,Yes,Yes,1
CUST-00227,38,30.24,1147.85,One year,Fiber optic,Credit card,0,Yes,Yes,Yes,No,Yes,No,Yes,Yes,No,No,0
CUST-00228,25,49.83,1255.41,Month-to-month,Fiber optic,Electronic check,1,Yes,No,Yes,No,Yes,Yes,Yes,No,No,No,0
CUST-00229,18,99.84,1818.79,One year,Fiber optic,Credit card,0,No,No,Yes,Yes,Yes,No,Yes,Yes,No,No,0
CUST-00230,66,105.86,6980.09,Month-to-month,DSL,Mailed check,1,No,No,No,No phone service,No,No,Yes,No,No,Yes,1
CUST-00231,54,32.0,1758.4,Two year,Fiber optic,Mailed check,0,No,No,Yes,No,No,No,Yes,Yes,Yes,No,0
CUST-00232,35,115.14,3987.18,One year,DSL,Credit card,1,No,No,Yes,No,Yes,No,No,No,Yes,Yes,0
CUST-00233,61,51.54,3159.14,Two year,Fiber optic,Electronic check,1,Yes,No,Yes,Yes,Yes,No,Yes,No,Yes,Yes,0
CUST-00234,41,85.56,3491.17,Month-to-month,DSL,Mailed check,0,Yes,Yes,Yes,No,No,No,Yes,No,Yes,Yes,0
CUST-00235,33,94.69,3152.22,One year,No,Credit card,0,Yes,Yes,Yes,No,No internet service,No internet service,No internet service,No internet service,No internet service,No,0
CUST-00236,68,100.82,6858.6,One year,DSL,Bank transfer,0,No,No,Yes,Yes,No,Yes,Yes,Yes,Yes,No,0
CUST-00237,33,114.47,3764.05,One year,Fiber optic,Bank transfer,0,Yes,Yes,Yes,No,No,No,Yes,No,No,Yes,1
CUST-00238,14,49.92,712.14,Two year,Fiber optic,Bank transfer,1,No,Yes,Yes,Yes,No,No,Yes,No,Yes,No,0
CUST-00239,21,105.57,2234.83,Month-to-month,Fiber optic,Electronic check,0,No,No,Yes,No,No,Yes,No,Yes,Yes,Yes,1
CUST-00240,48,31.43,1521.48,Month-to-month,Fiber optic,Electronic check,0,No,No,Yes,Yes,Yes,Yes,Yes,No,No,Yes,0
CUST-00241,20,89.91,1777.61,Month-to-month,Fiber optic,Mailed check,0,Yes,Yes,Yes,No,Yes,No,No,Yes,Yes,Yes,0
CUST-00242,8,93.68,739.76,Month-to-month,DSL,Mailed check,0,Yes,No,Yes,Yes,Yes,Yes,No,No,Yes,Yes,0
CUST-00243,7,87.13,609.83,Two year,DSL,Mailed check,0,No,No,Yes,No,No,Yes,No,Yes,No,Yes,0
CUST-00244,67,43.74,2929.75,Month-to-month,Fiber optic,Bank transfer,0,No,No,Yes,No,No,Yes,No,Yes,No,No,1
CUST-00245,17,107.05,1834.84,Month-to-month,No,Electronic check,0,No,No,Yes,Yes,No internet service,No internet service,No internet service,No internet service,No internet service,Yes,1
CUST-00246,33,35.22,1121.96,Month-to-month,DSL,Bank transfer,0,No,No,Yes,No,No,No,Yes,No,No,Yes,1
CUST-00247,48,23.47,1133.25,Month-to-month,DSL,Electronic check,1,Yes,No,Yes,Yes,Yes,No,Yes,Yes,No,No,1
CUST-00248,59,91.18,5373.82,Month-to-month,DSL,Electronic check,0,Yes,No,Yes,No,Yes,No,Yes,No,No,Yes,0
CUST-00249,22,66.5,1446.23,Month-to-month,Fiber optic,Mailed check,1,Yes,No,No,No phone service,Yes,No,No,No,No,Yes,0
CUST-00250,30,104.61,3123.45,Month-to-month,Fiber optic,Credit card,0,No,No,Yes,Yes,Yes,Yes,Yes,Yes,No,Yes,1
CUST-00251,38,57.11,2165.89,Month-to-month,No,Electronic check,0,Yes,No,Yes,No,No internet service,No internet service,No internet service,No internet service,No internet service,Yes,0
CUST-00252,51,35.16,1721.14,Two year,DSL,Mailed check,0,No,No,Yes,Yes,No,Yes,No,No,No,Yes,0
CUST-00253,54,103.32,5565.25,Month-to-month,DSL,Bank transfer,0,No,No,Yes,Yes,Yes,Yes,No,No,No,Yes,1
CUST-00254,8,73.99,574.4,Month-to-month,DSL,Electronic check,0,Yes,Yes,Yes,Yes,No,No,Yes,No,Yes,Yes,1
CUST-00255,27,37.3,1017.76,Two year,Fiber optic,Mailed check,0,No,No,Yes,Yes,No,No,Yes,No,Yes,Yes,0
CUST-00256,27,91.48,2453.85,One year,Fiber optic,Credit card,0,No,Yes,Yes,Yes,Yes,No,No,No,No,No,0
CUST-00257,21,70.13,1468.43,Two year,DSL,Mailed check,0,No,No,No,No phone service,No,Yes,No,Yes,Yes,Yes,0
CUST-00258,30,79.64,2420.05,Two year,No,Electronic check,1,Yes,Yes,Yes,No,No internet service,No internet service,No internet service,No internet service,No internet service,Yes,0
CUST-00259,28,65.01,1840.17,Month-to-month,DSL,Bank transfer,0,Yes,No,Yes,No,No,Yes,No,No,No,No,0
CUST-00260,64,102.53,6579.97,One year,Fiber optic,Bank transfer,0,Yes,No,Yes,Yes,No,No,No,Yes,No,No,0
CUST-00261,69,102.62,7070.78,Month-to-month,Fiber optic,Electronic check,0,Yes,No,Yes,Yes,No,Yes,Yes,Yes,Yes,Yes,0
CUST-00262,61,90.36,5522.82,Month-to-month,DSL,Electronic check,1,Yes,Yes,Yes,No,Yes,Yes,No,No,No,No,1
CUST-00263,48,28.75,1375.32,Two year,No,Electronic check,1,No,No,Yes,Yes,No internet service,No internet service,No internet service,No internet service,No internet service,No,0
CUST-00264,19,103.56,1963.72,Month-to-month,No,Electronic check,1,Yes,No,Yes,Yes,No internet service,No internet service,No internet service,No internet service,No internet service,Yes,1
CUST-00265,4,86.44,353.95,One year,Fiber optic,Electronic check,0,No,No,Yes,No,No,No,Yes,Yes,Yes,No,1
CUST-00266,35,89.1,3106.56,One year,Fiber optic,Mailed check,1,No,No,Yes,Yes,No,Yes,No,Yes,Yes,Yes,0
CUST-00267,64,55.02,3551.14,Month-to-month,DSL,Mailed check,0,Yes,No,Yes,Yes,No,Yes,Yes,No,No,Yes,1
CUST-00268,49,107.69,5273.61,Two year,Fiber optic,Credit card,1,No,Yes,Yes,No,Yes,Yes,Yes,Yes,Yes,No,1
CUST-00269,17,91.99,1576.2,Month-to-month,DSL,Bank transfer,0,No,No,Yes,Yes,No,Yes,No,No,Yes,No,1
CUST-00270,44,29.48,1326.23,Month-to-month,No,Credit card,1,No,No,No,No phone service,No internet service,No internet service,No internet service,No internet service,No internet service,Yes,1
CUST-00271,30,59.59,1808.33,Two year,DSL,Mailed check,0,Yes,Yes,Yes,Yes,Yes,Yes,Yes,No,Yes,Yes,0
CUST-00272,46,108.41,4958.68,Month-to-month,DSL,Electronic check,0,No,No,No,No phone service,No,No,Yes,Yes,Yes,Yes,0
CUST-00273,6,22.81,145.76,One year,DSL,Mailed check,0,Yes,No,No,No phone service,Yes,No,Yes,Yes,Yes,Yes,1
CUST-00274,37,116.06,4311.23,Month-to-month,DSL,Credit card,0,No,No,Yes,No,No,Yes,No,No,Yes,Yes,1
CUST-00275,24,87.27,2112.32,Month-to-month,Fiber optic,Electronic check,0,No,Yes,Yes,Yes,No,No,No,Yes,No,No,1
CUST-00276,46,82.4,3768.13,Two year,DSL,Electronic check,0,Yes,No,Yes,Yes,Yes,No,Yes,No,Yes,Yes,0
CUST-00277,53,45.6,2403.66,One year,Fiber optic,Electronic check,0,Yes,No,Yes,No,No,No,No,Yes,Yes,Yes,0
CUST-00278,60,43.38,2622.69,Month-to-month,DSL,Mailed check,0,No,No,Yes,No,Yes,No,Yes,No,No,Yes,0
CUST-00279,63,114.09,7172.43,Month-to-month,Fiber optic,Electronic check,0,No,No,Yes,Yes,No,No,Yes,No,Yes,Yes,1
CUST-00280,32,48.42,1543.45,Two year,Fiber optic,Electronic check,0,No,No,Yes,No,Yes,No,No,No,Yes,Yes,1
CUST-00281,33,97.1,3235.82,Month-to-month,No,Electronic check,1,Yes,No,Yes,No,No internet service,No internet service,No internet service,No internet service,No internet service,Yes,1
CUST-00282,67,58.1,3891.74,Two year,No,Bank transfer,0,Yes,No,Yes,No,No internet service,No internet service,No internet service,No internet service,No internet service,No,0
CUST-00283,18,32.2,565.06,Month-to-month,No,Mailed check,0,Yes,No,No,No phone service,No internet service,No internet service,No internet service,No internet service,No internet service,Yes,1
CUST-00284,25,19.09,459.7,One year,Fiber optic,Bank transfer,0,No,No,Yes,Yes,No,Yes,Yes,No,Yes,Yes,1
CUST-00285,54,73.51,3976.19,Two year,Fiber optic,Mailed check,0,Yes,Yes,Yes,Yes,Yes,No,Yes,No,No,Yes,0
CUST-00286,58,117.53,6790.08,Month-to-month,Fiber optic,Mailed check,0,Yes,No,Yes,Yes,Yes,No,Yes,Yes,No,Yes,0
CUST-00287,67,55.65,3723.6,One year,No,Electronic check,0,Yes,No,Yes,No,No internet service,No internet service,No internet service,No internet service,No internet service,Yes,0
CUST-00288,46,54.43,2510.44,One year,DSL,Mailed check,0,No,No,Yes,No,No,Yes,Yes,No,Yes,No,0
CUST-00289,24,53.1,1300.38,One year,Fiber optic,Electronic check,0,No,No,Yes,Yes,No,No,No,Yes,No,No,1
CUST-00290,32,71.1,2288.55,Month-to-month,DSL,Mailed check,0,No,Yes,No,No phone service,No,No,No,No,Yes,Yes,1
CUST-00291,47,62.95,2944.37,One year,Fiber optic,Bank transfer,1,No,No,Yes,No,Yes,Yes,Yes,Yes,No,No,1
CUST-00292,23,107.75,2501.82,One year,Fiber optic,Electronic check,0,Yes,No,Yes,No,Yes,No,No,Yes,No,No,1
CUST-00293,66,69.56,4584.97,Two year,Fiber optic,Electronic check,0,No,Yes,Yes,No,No,No,No,No,No,Yes,0
CUST-00294,27,69.79,1859.62,One year,Fiber optic,Electronic check,1,No,No,Yes,Yes,Yes,No,Yes,No,Yes,Yes,1
CUST-00295,2,32.11,60.78,Month-to-month,No,Electronic check,0,No,No,No,No phone service,No internet service,No internet service,No internet service,No internet service,No internet service,Yes,1
CUST-00296,17,118.24,2038.84,Two year,Fiber optic,Mailed check,0,Yes,Yes,Yes,No,Yes,No,No,No,Yes,Yes,0
CUST-00297,33,43.5,1438.8,Month-to-month,No,Credit card,0,No,No,Yes,No,No internet service,No internet service,No internet service,No internet service,No internet service,Yes,0
CUST-00298,9,25.48,229.57,Month-to-month,DSL,Mailed check,0,No,No,Yes,No,No,Yes,Yes,No,No,No,0
CUST-00299,43,85.64,3715.26,Month-to-month,Fiber optic,Mailed check,0,No,Yes,Yes,Yes,No,No,No,Yes,Yes,Yes,1
CUST-00300,48,78.73,3750.41,Month-to-month,Fiber optic,Bank transfer,1,No,No,Yes,Yes,Yes,No,Yes,No,Yes,Yes,0
CUST-00301,39,60.34,2327.55,Month-to-month,DSL,Bank transfer,0,No,No,Yes,Yes,No,No,No,No,No,Yes,0
CUST-00302,42,61.06,2532.2,Month-to-month,Fiber optic,Credit card,0,Yes,Yes,Yes,Yes,No,No,No,Yes,No,Yes,1
CUST-00303,26,98.08,2557.53,Month-to-month,Fiber optic,Credit card,1,No,Yes,Yes,Yes,Yes,No,No,No,Yes,No,0
CUST-00304,50,37.96,1901.33,One year,Fiber optic,Credit card,1,No,No,Yes,No,No,Yes,Yes,Yes,Yes,No,0
CUST-00305,25,101.67,2572.6,Month-to-month,Fiber optic,Credit card,0,Yes,No,Yes,No,Yes,Yes,Yes,No,No,No,0
CUST-00306,24,84.17,2024.95,Month-to-month,Fiber optic,Electronic check,0,Yes,No,Yes,No,Yes,Yes,Yes,Yes,No,No,1
CUST-00307,13,60.73,781.41,Month-to-month,DSL,Bank transfer,0,No,No,Yes,Yes,No,Yes,Yes,No,Yes,Yes,0
CUST-00308,60,64.72,3883.24,Month-to-month,Fiber optic,Credit card,0,Yes,No,Yes,Yes,No,No,No,No,Yes,No,1
CUST-00309,7,44.18,311.61,Month-to-month,DSL,Bank transfer,0,No,No,Yes,No,No,No,Yes,Yes,No,Yes,0
CUST-00310,57,94.72,5365.6,One year,DSL,Credit card,0,Yes,No,Yes,Yes,Yes,No,Yes,Yes,No,Yes,0
CUST-00311,36,70.31,2585.37,Two year,DSL,Electronic check,0,No,No,Yes,No,Yes,No,Yes,No,No,Yes,0
CUST-00312,45,50.73,2293.25,Two year,DSL,Mailed check,0,No,No,Yes,No,No,No,No,Yes,Yes,Yes,0
CUST-00313,20,78.8,1580.2,Two year,DSL,Credit card,0,Yes,No,Yes,Yes,No,Yes,No,No,Yes,Yes,0
CUST-00314,65,119.56,7783.7,Month-to-month,DSL,Mailed check,0,Yes,No,Yes,No,No,No,No,Yes,Yes,No,1
CUST-00315,8,62.4,513.39,Month-to-month,DSL,Bank transfer,0,Yes,Yes,Yes,No,Yes,No,Yes,No,Yes,No,1
CUST-00316,16,111.91,1787.75,Month-to-month,Fiber optic,Electronic check,1,Yes,Yes,Yes,No,Yes,No,No,Yes,Yes,Yes,0
CUST-00317,14,53.19,732.04,One year,DSL,Bank transfer,0,No,Yes,Yes,Yes,Yes,Yes,No,No,Yes,Yes,0
CUST-00318,15,23.58,365.69,Month-to-month,Fiber optic,Credit card,0,Yes,No,Yes,Yes,Yes,No,Yes,Yes,No,No,0
CUST-00319,66,38.83,2570.49,One year,No,Mailed check,1,No,Yes,Yes,Yes,No internet service,No internet service,No internet service,No internet service,No internet service,Yes,0
CUST-00320,32,60.71,1926.52,Month-to-month,No,Electronic check,0,No,Yes,No,No phone service,No internet service,No internet service,No internet service,No internet service,No internet service,No,1
CUST-00321,63,40.4,2573.58,Month-to-month,DSL,Electronic check,0,Yes,No,Yes,Yes,No,No,No,Yes,Yes,Yes,1
CUST-00322,51,18.02,924.89,Two year,No,Credit card,0,Yes,Yes,Yes,No,No internet service,No internet service,No internet service,No internet service,No internet service,No,0
CUST-00323,25,111.33,2797.85,One year,DSL,Bank transfer,0,Yes,Yes,Yes,No,No,Yes,Yes,No,No,Yes,1
CUST-00324,58,104.08,6064.48,Two year,DSL,Electronic check,0,No,No,Yes,Yes,Yes,Yes,Yes,Yes,No,Yes,0
CUST-00325,63,93.71,5904.17,One year,No,Electronic check,1,Yes,No,Yes,Yes,No internet service,No internet service,No internet service,No internet service,No internet service,No,1
CUST-00326,62,35.12,2183.78,Two year,No,Credit card,0,Yes,Yes,Yes,No,No internet service,No internet service,No internet service,No internet service,No internet service,Yes,0
CUST-00327,22,30.28,682.36,One year,Fiber optic,Credit card,0,Yes,No,Yes,Yes,Yes,Yes,No,No,Yes,Yes,0
CUST-00328,58,24.9,1429.7,Two year,Fiber optic,Electronic check,0,No,No,Yes,Yes,Yes,Yes,Yes,No,No,No,0
CUST-00329,58,91.85,5328.38,Month-to-month,Fiber optic,Electronic check,0,No,No,Yes,No,Yes,No,No,Yes,No,Yes,0
CUST-00330,49,112.74,5526.77,One year,DSL,Bank transfer,0,No,No,Yes,Yes,No,No,No,No,No,Yes,0
CUST-00331,52,61.91,3200.2,One year,DSL,Mailed check,0,Yes,Yes,Yes,No,No,Yes,Yes,Yes,Yes,No,0
CUST-00332,42,30.15,1312.65,Month-to-month,Fiber optic,Credit card,0,Yes,No,Yes,Yes,No,Yes,No,Yes,No,Yes,1
CUST-00333,70,70.26,4890.05,Two year,No,Mailed check,0,Yes,No,Yes,Yes,No internet service,No internet service,No internet service,No internet service,No internet service,No,0
CUST-00334,15,53.58,777.74,Two year,DSL,Bank transfer,0,No,No,Yes,No,No,Yes,Yes,Yes,Yes,Yes,0
CUST-00335,54,56.23,3062.7,Month-to-month,Fiber optic,Mailed check,1,Yes,No,Yes,No,Yes,No,No,Yes,Yes,No,0
CUST-00336,60,81.38,4897.07,Month-to-month,DSL,Credit card,0,Yes,No,No,No phone service,No,No,Yes,Yes,No,Yes,0
CUST-00337,8,91.31,709.96,Month-to-month,Fiber optic,Mailed check,0,Yes,No,Yes,No,No,No,Yes,No,Yes,Yes,1
CUST-00338,53,29.28,1563.99,Two year,Fiber optic,Electronic check,0,No,No,Yes,Yes,No,Yes,No,No,Yes,No,0
CUST-00339,60,21.63,1327.16,One year,Fiber optic,Electronic check,0,Yes,No,Yes,Yes,Yes,No,No,Yes,Yes,Yes,1
CUST-00340,5,119.42,596.49,Month-to-month,DSL,Credit card,0,No,No,Yes,Yes,Yes,No,Yes,Yes,Yes,No,0
CUST-00341,68,41.74,2890.3,Month-to-month,Fiber optic,Mailed check,0,No,No,No,No phone service,Yes,Yes,No,No,No,Yes,1
CUST-00342,6,23.49,106.46,Month-to-month,Fiber optic,Mailed check,1,Yes,Yes,Yes,Yes,Yes,Yes,Yes,No,Yes,Yes,1
CUST-00343,47,37.37,1770.27,One year,DSL,Mailed check,0,No,No,Yes,No,Yes,Yes,No,No,Yes,Yes,0
CUST-00344,55,21.97,1231.68,Month-to-month,DSL,Electronic check,1,No,Yes,Yes,No,Yes,Yes,No,No,Yes,No,0
CUST-00345,40,57.96,2336.23,Month-to-month,Fiber optic,Electronic check,1,No,No,Yes,No,No,Yes,No,Yes,No,No,0
CUST-00346,52,99.84,5187.59,One year,Fiber optic,Electronic check,0,Yes,Yes,Yes,Yes,Yes,No,No,No,No,Yes,0
CUST-00347,16,52.81,839.15,Month-to-month,DSL,Bank transfer,0,Yes,Yes,Yes,Yes,No,Yes,Yes,Yes,Yes,No,0
CUST-00348,13,63.31,831.91,Month-to-month,Fiber optic,Bank transfer,0,No,No,Yes,No,No,No,No,Yes,No,Yes,1
CUST-00349,30,86.91,2623.62,Month-to-month,No,Credit card,0,Yes,Yes,Yes,No,No internet service,No internet service,No internet service,No internet service,No internet service,No,0
CUST-00350,19,69.91,1340.34,Month-to-month,DSL,Credit card,1,No,Yes,Yes,No,No,Yes,No,No,No,Yes,0
CUST-00351,17,105.87,1820.59,Month-to-month,Fiber optic,Mailed check,0,No,No,Yes,Yes,No,No,Yes,No,No,Yes,0
CUST-00352,63,106.34,6679.04,Two year,DSL,Bank transfer,0,No,No,Yes,No,Yes,Yes,No,No,No,Yes,0
CUST-00353,19,19.01,356.63,Two year,DSL,Electronic check,0,Yes,No,Yes,No,Yes,No,Yes,No,Yes,Yes,0
CUST-00354,58,97.36,5628.08,Two year,DSL,Electronic check,0,No,No,Yes,No,No,No,No,No,No,No,0
CUST-00355,55,64.99,3566.73,Two year,Fiber optic,Electronic check,0,No,Yes,Yes,Yes,Yes,No,Yes,Yes,No,No,0
CUST-00356,62,118.86,7389.62,Month-to-month,No,Mailed check,0,No,No,Yes,Yes,No internet service,No internet service,No internet service,No internet service,No internet service,No,1
CUST-00357,23,67.29,1549.83,Month-to-month,DSL,Electronic check,0,Yes,No,Yes,No,Yes,No,Yes,Yes,Yes,Yes,0
CUST-00358,9,118.66,1120.08,Month-to-month,Fiber optic,Electronic check,0,No,No,Yes,No,No,No,Yes,Yes,No,No,1
CUST-00359,12,94.97,1143.51,Two year,Fiber optic,Bank transfer,1,Yes,No,Yes,No,Yes,No,Yes,No,No,Yes,0
CUST-00360,1,43.36,44.55,One year,DSL,Mailed check,0,Yes,No,Yes,Yes,No,No,Yes,No,No,No,1
CUST-00361,58,72.92,4231.48,Month-to-month,Fiber optic,Mailed check,1,No,No,No,No phone service,No,No,No,Yes,No,Yes,0
CUST-00362,1,119.2,106.44,Month-to-month,No,Mailed check,0,No,Yes,Yes,No,No internet service,No internet service,No internet service,No internet service,No internet service,Yes,1
CUST-00363,34,105.47,3584.82,Month-to-month,No,Electronic check,0,Yes,Yes,Yes,Yes,No internet service,No internet service,No internet service,No internet service,No internet service,No,1
CUST-00364,48,27.93,1363.2,Month-to-month,No,Electronic check,0,No,No,Yes,No,No internet service,No internet service,No internet service,No internet service,No internet service,Yes,0
CUST-00365,1,90.05,92.33,Two year,DSL,Electronic check,0,Yes,Yes,Yes,Yes,Yes,No,Yes,No,Yes,No,0
CUST-00366,16,53.25,836.13,Month-to-month,No,Electronic check,0,Yes,No,No,No phone service,No internet service,No internet service,No internet service,No internet service,No internet service,Yes,0
CUST-00367,61,18.71,1122.81,Two year,DSL,Bank transfer,0,No,Yes,Yes,Yes,No,No,No,Yes,No,No,0
CUST-00368,64,59.16,3777.24,Month-to-month,Fiber optic,Credit card,1,Yes,No,Yes,No,No,No,Yes,No,No,Yes,1
CUST-00369,63,41.94,2643.7,One year,No,Electronic check,0,No,No,Yes,No,No internet service,No internet service,No internet service,No internet service,No internet service,Yes,0
CUST-00370,69,101.52,7028.75,Two year,DSL,Mailed check,1,No,No,Yes,No,No,No,No,No,Yes,Yes,0
CUST-00371,22,52.41,1126.21,Two year,Fiber optic,Credit card,0,Yes,No,No,No phone service,Yes,Yes,No,No,No,No,0
CUST-00372,67,102.41,6855.07,Month-to-month,Fiber optic,Electronic check,1,No,No,Yes,No,No,Yes,Yes,Yes,No,Yes,0
CUST-00373,26,18.06,472.45,Month-to-month,Fiber optic,Electronic check,0,Yes,No,Yes,No,Yes,Yes,Yes,Yes,Yes,Yes,0
CUST-00374,16,49.4,753.73,Month-to-month,DSL,Mailed check,0,No,Yes,Yes,No,No,No,No,No,Yes,No,0
CUST-00375,51,42.6,2155.93,Month-to-month,No,Bank transfer,0,No,No,Yes,No,No internet service,No internet service,No internet service,No internet service,No internet service,Yes,0
CUST-00376,57,41.82,2370.14,One year,Fiber optic,Bank transfer,1,No,No,No,No phone service,Yes,No,No,No,No,No,0
CUST-00377,29,24.96,707.92,Two year,DSL,Bank transfer,0,Yes,No,Yes,Yes,Yes,Yes,No,Yes,Yes,Yes,0
CUST-00378,69,37.09,2563.05,Month-to-month,DSL,Electronic check,0,Yes,Yes,Yes,No,Yes,No,Yes,Yes,No,Yes,0
CUST-00379,47,74.67,3506.28,Month-to-month,Fiber optic,Mailed check,0,Yes,Yes,Yes,Yes,Yes,Yes,Yes,No,Yes,Yes,0
CUST-00380,62,47.72,2947.53,Month-to-month,DSL,Electronic check,0,No,No,Yes,No,No,Yes,No,Yes,Yes,No,0
CUST-00381,69,60.57,4187.89,Two year,DSL,Bank transfer,1,No,Yes,Yes,Yes,No,No,No,No,Yes,Yes,1
CUST-00382,16,56.44,937.5,Two year,Fiber optic,Credit card,0,Yes,No,Yes,No,No,No,Yes,No,No,No,1
CUST-00383,48,107.34,5185.11,Month-to-month,Fiber optic,Electronic check,0,Yes,No,Yes,No,Yes,Yes,No,No,Yes,No,1
CUST-00384,39,110.34,4264.8,Month-to-month,Fiber optic,Electronic check,0,No,Yes,Yes,No,No,No,Yes,Yes,No,No,1
CUST-00385,33,68.28,2264.78,One year,Fiber optic,Electronic check,1,Yes,No,Yes,No,Yes,Yes,No,No,No,No,0
CUST-00386,23,51.68,1185.08,One year,Fiber optic,Electronic check,1,Yes,No,Yes,No,Yes,Yes,No,Yes,No,No,0
CUST-00387,10,28.89,292.0,Month-to-month,No,Electronic check,0,No,No,Yes,No,No internet service,No internet service,No internet service,No internet service,No internet service,Yes,1
CUST-00388,69,115.25,7944.28,Two year,DSL,Mailed check,0,Yes,No,Yes,Yes,Yes,No,No,Yes,Yes,Yes,0
CUST-00389,34,24.14,823.11,Two year,Fiber optic,Credit card,0,No,No,Yes,Yes,Yes,No,No,No,Yes,Yes,0
CUST-00390,52,48.36,2517.75,One year,No,Mailed check,0,Yes,No,Yes,Yes,No internet service,No internet service,No internet service,No internet service,No internet service,No,0
CUST-00391,10,48.4,472.42,One year,Fiber optic,Electronic check,0,Yes,No,Yes,No,Yes,Yes,No,Yes,Yes,No,0
CUST-00392,19,50.68,944.99,Month-to-month,Fiber optic,Electronic check,0,No,No,Yes,Yes,Yes,Yes,Yes,Yes,No,No,1
CUST-00393,58,34.76,2007.11,One year,DSL,Electronic check,0,No,No,No,No phone service,Yes,Yes,No,Yes,No,Yes,1
CUST-00394,1,97.88,102.57,Month-to-month,Fiber optic,Electronic check,0,No,No,Yes,Yes,No,No,Yes,No,No,Yes,1
CUST-00395,69,30.49,2115.79,Month-to-month,Fiber optic,Bank transfer,0,Yes,No,Yes,No,Yes,Yes,No,No,No,No,0
CUST-00396,4,82.76,348.11,Month-to-month,Fiber optic,Electronic check,0,No,No,Yes,Yes,No,No,No,No,No,Yes,1
CUST-00397,16,30.63,480.2,Month-to-month,No,Credit card,0,No,Yes,Yes,No,No internet service,No internet service,No internet service,No internet service,No internet service,No,1
CUST-00398,24,25.19,610.24,Month-to-month,DSL,Mailed check,0,Yes,Yes,No,No phone service,No,No,No,Yes,No,Yes,1
CUST-00399,2,110.76,240.77,Month-to-month,DSL,Mailed check,0,No,No,Yes,No,No,Yes,Yes,Yes,Yes,Yes,0
CUST-00400,32,37.39,1219.79,One year,DSL,Mailed check,0,No,Yes,Yes,Yes,No,No,Yes,Yes,No,No,0
CUST-00401,24,101.77,2441.3,One year,Fiber optic,Bank transfer,1,No,No,Yes,No,Yes,No,No,No,Yes,Yes,1
CUST-00402,12,73.55,878.18,Month-to-month,DSL,Mailed check,0,No,No,Yes,Yes,No,Yes,Yes,No,No,No,1
CUST-00403,50,25.94,1300.82,Month-to-month,Fiber optic,Electronic check,0,Yes,No,Yes,Yes,No,No,Yes,No,No,Yes,0
CUST-00404,35,115.46,4018.11,Two year,DSL,Electronic check,0,No,Yes,Yes,Yes,No,No,Yes,Yes,No,Yes,0
CUST-00405,33,43.19,1421.4,Month-to-month,Fiber optic,Credit card,0,No,No,Yes,Yes,No,Yes,No,Yes,No,No,1
CUST-00406,33,105.68,3502.33,Two year,DSL,Electronic check,0,Yes,Yes,Yes,Yes,No,Yes,No,Yes,Yes,No,0
CUST-00407,61,35.22,2161.26,Month-to-month,No,Mailed check,0,No,No,Yes,Yes,No internet service,No internet service,No internet service,No internet service,No internet service,No,1
CUST-00408,51,105.1,5354.69,One year,Fiber optic,Mailed check,0,Yes,No,Yes,No,Yes,Yes,No,Yes,Yes,No,0
CUST-00409,43,19.35,836.4,Month-to-month,No,Electronic check,0,Yes,Yes,Yes,Yes,No internet service,No internet service,No internet service,No internet service,No internet service,No,0
CUST-00410,12,70.2,825.91,One year,Fiber optic,Electronic check,1,Yes,Yes,Yes,No,No,No,No,Yes,Yes,No,1
CUST-00411,67,96.48,6478.23,Two year,DSL,Electronic check,0,No,Yes,Yes,Yes,No,Yes,Yes,Yes,Yes,Yes,0
CUST-00412,65,113.35,7366.19,Two year,DSL,Bank transfer,0,No,Yes,Yes,No,Yes,Yes,Yes,Yes,No,Yes,0
CUST-00413,33,110.74,3648.9,Two year,No,Mailed check,0,Yes,Yes,Yes,Yes,No internet service,No internet service,No internet service,No internet service,No internet service,Yes,0
CUST-00414,40,101.6,4056.77,Month-to-month,Fiber optic,Bank transfer,0,No,No,No,No phone service,No,Yes,No,Yes,No,No,1
CUST-00415,43,108.6,4668.54,One year,DSL,Bank transfer,0,Yes,No,Yes,No,No,No,No,Yes,Yes,Yes,0
CUST-00416,44,38.32,1677.12,Month-to-month,Fiber optic,Electronic check,0,No,No,Yes,No,No,Yes,No,Yes,Yes,Yes,1
CUST-00417,29,46.99,1375.87,One year,Fiber optic,Mailed check,0,No,No,Yes,Yes,No,No,No,Yes,No,Yes,0
CUST-00418,13,47.47,609.2,Month-to-month,DSL,Bank transfer,0,No,No,No,No phone service,No,Yes,No,No,Yes,Yes,1
CUST-00419,12,56.46,709.38,Two year,DSL,Bank transfer,0,No,Yes,Yes,Yes,Yes,Yes,No,Yes,No,No,1
CUST-00420,46,58.12,2702.82,Two year,No,Bank transfer,0,Yes,Yes,Yes,No,No internet service,No internet service,No internet service,No internet service,No internet service,No,0
CUST-00421,2,73.54,129.25,Month-to-month,DSL,Bank transfer,0,No,No,Yes,Yes,No,Yes,No,No,Yes,No,1
CUST-00422,35,34.31,1202.24,Month-to-month,DSL,Electronic check,0,No,No,Yes,No,Yes,Yes,Yes,No,No,No,0
CUST-00423,8,88.51,695.07,Month-to-month,DSL,Bank transfer,0,No,Yes,Yes,Yes,Yes,No,Yes,No,Yes,Yes,0
CUST-00424,26,35.09,905.81,One year,DSL,Electronic check,0,No,No,Yes,No,Yes,Yes,No,No,No,No,0
CUST-00425,34,49.65,1728.15,Month-to-month,Fiber optic,Bank transfer,0,No,Yes,No,No phone service,Yes,Yes,No,No,No,Yes,0
CUST-00426,7,69.34,479.23,Two year,DSL,Electronic check,1,No,No,Yes,Yes,Yes,No,No,Yes,Yes,No,1
CUST-00427,68,99.24,6755.52,One year,DSL,Credit card,0,No,No,Yes,Yes,Yes,Yes,No,Yes,No,Yes,0
CUST-00428,58,93.43,5429.77,One year,No,Mailed check,0,No,No,Yes,No,No internet service,No internet service,No internet service,No internet service,No internet service,Yes,0
CUST-00429,29,83.84,2411.35,One year,DSL,Bank transfer,0,Yes,Yes,Yes,No,No,Yes,Yes,No,Yes,Yes,0
CUST-00430,36,33.89,1202.94,Month-to-month,Fiber optic,Credit card,0,Yes,Yes,Yes,Yes,Yes,No,Yes,No,No,No,1
CUST-00431,21,73.8,1525.68,Two year,Fiber optic,Credit card,0,No,No,Yes,Yes,Yes,Yes,Yes,Yes,No,Yes,0
CUST-00432,36,26.92,951.4,One year,Fiber optic,Bank transfer,0,Yes,No,Yes,No,Yes,No,No,Yes,No,Yes,0
CUST-00433,10,56.49,507.9,Two year,No,Electronic check,0,No,No,Yes,No,No internet service,No internet service,No internet service,No internet service,No internet service,Yes,0
CUST-00434,24,60.18,1455.21,Month-to-month,DSL,Credit card,0,Yes,No,Yes,Yes,No,No,No,No,Yes,Yes,0
CUST-00435,64,22.06,1452.92,One year,No,Bank transfer,0,Yes,No,No,No phone service,No internet service,No internet service,No internet service,No internet service,No internet service,No,0
CUST-00436,49,45.95,2254.51,Month-to-month,Fiber optic,Bank transfer,1,No,Yes,Yes,Yes,No,No,No,Yes,Yes,Yes,1
CUST-00437,36,115.48,4128.95,One year,Fiber optic,Credit card,0,Yes,No,Yes,No,No,Yes,Yes,No,No,Yes,1
CUST-00438,24,115.27,2753.62,One year,DSL,Electronic check,1,Yes,Yes,Yes,No,Yes,No,No,No,No,Yes,0
CUST-00439,23,53.94,1231.44,One year,DSL,Electronic check,0,Yes,No,Yes,Yes,No,No,Yes,No,Yes,Yes,0
CUST-00440,62,22.4,1368.45,One year,Fiber optic,Mailed check,0,No,No,Yes,No,Yes,Yes,No,Yes,Yes,Yes,0
CUST-00441,37,36.27,1359.19,Month-to-month,No,Bank transfer,1,No,No,No,No phone service,No internet service,No internet service,No internet service,No internet service,No internet service,Yes,1
CUST-00442,12,58.01,712.33,Two year,Fiber optic,Mailed check,1,No,Yes,No,No phone service,No,No,Yes,Yes,Yes,No,1
CUST-00443,55,114.67,6283.74,Two year,DSL,Bank transfer,0,Yes,No,Yes,No,Yes,No,No,Yes,Yes,No,1
CUST-00444,13,32.4,435.7,Month-to-month,DSL,Mailed check,1,No,Yes,Yes,Yes,Yes,No,Yes,No,Yes,Yes,0
CUST-00445,23,95.88,2235.78,Two year,Fiber optic,Bank transfer,0,Yes,No,Yes,Yes,No,Yes,No,Yes,No,No,0
CUST-00446,30,29.09,910.75,Month-to-month,Fiber optic,Credit card,0,Yes,No,Yes,Yes,No,Yes,Yes,No,No,Yes,0
CUST-00447,17,118.09,2064.83,One year,DSL,Electronic check,0,No,No,Yes,No,No,No,Yes,No,No,Yes,0
CUST-00448,62,56.92,3511.0,Month-to-month,DSL,Bank transfer,0,Yes,No,Yes,Yes,No,No,No,No,Yes,No,0
CUST-00449,13,97.07,1318.39,Two year,Fiber optic,Bank transfer,0,Yes,No,No,No phone service,No,Yes,Yes,No,Yes,Yes,1
CUST-00450,59,52.94,3116.38,Month-to-month,Fiber optic,Mailed check,0,Yes,Yes,Yes,No,Yes,No,Yes,No,No,No,0
CUST-00451,19,82.02,1546.53,Month-to-month,Fiber optic,Electronic check,0,Yes,No,Yes,Yes,No,Yes,Yes,Yes,Yes,Yes,1
CUST-00452,49,37.59,1848.45,Month-to-month,No,Electronic check,0,No,Yes,Yes,No,No internet service,No internet service,No internet service,No internet service,No internet service,Yes,0
CUST-00453,12,32.89,383.04,Month-to-month,Fiber optic,Credit card,0,Yes,No,Yes,Yes,No,No,No,No,No,Yes,1
CUST-00454,61,113.68,6942.46,One year,DSL,Electronic check,0,No,Yes,Yes,No,Yes,No,No,No,Yes,No,0
CUST-00455,19,111.6,2094.0,Month-to-month,Fiber optic,Mailed check,0,No,Yes,Yes,No,No,Yes,Yes,Yes,Yes,Yes,0
CUST-00456,9,108.52,971.9,One year,No,Electronic check,0,Yes,Yes,Yes,Yes,No internet service,No internet service,No internet service,No internet service,No internet service,No,0
CUST-00457,71,81.79,5832.8,Two year,No,Mailed check,0,No,Yes,Yes,Yes,No internet service,No internet service,No internet service,No internet service,No internet service,No,0
CUST-00458,28,100.44,2811.18,Two year,No,Bank transfer,0,No,No,Yes,No,No internet service,No internet service,No internet service,No internet service,No internet service,Yes,0
CUST-00459,52,25.04,1304.91,Two year,DSL,Bank transfer,0,No,No,Yes,No,No,Yes,No,No,No,No,0
CUST-00460,16,52.15,843.91,Month-to-month,Fiber optic,Mailed check,0,No,Yes,Yes,Yes,Yes,No,No,No,Yes,No,0
CUST-00461,69,50.0,3473.41,Month-to-month,No,Bank transfer,1,No,Yes,Yes,Yes,No internet service,No internet service,No internet service,No internet service,No internet service,Yes,0
CUST-00462,12,82.84,960.98,Month-to-month,Fiber optic,Bank transfer,0,Yes,No,Yes,No,No,Yes,No,No,Yes,Yes,1
CUST-00463,25,54.31,1369.44,Month-to-month,DSL,Electronic check,0,No,No,Yes,No,No,No,Yes,Yes,Yes,No,1
CUST-00464,52,33.15,1718.44,Two year,No,Electronic check,0,No,No,Yes,Yes,No internet service,No internet service,No internet service,No internet service,No internet service,Yes,0
CUST-00465,53,78.84,4181.85,Month-to-month,Fiber optic,Credit card,0,No,No,Yes,Yes,Yes,Yes,Yes,No,Yes,Yes,0
CUST-00466,23,101.07,2345.81,Two year,DSL,Bank transfer,0,No,No,Yes,No,Yes,Yes,No,No,Yes,No,0
CUST-00467,16,56.98,887.8,Month-to-month,DSL,Bank transfer,1,No,No,Yes,Yes,No,No,No,No,Yes,No,1
CUST-00468,57,31.49,1774.68,Two year,Fiber optic,Electronic check,0,Yes,No,Yes,No,No,Yes,Yes,Yes,Yes,Yes,0
CUST-00469,39,38.06,1445.63,Month-to-month,Fiber optic,Credit card,0,No,Yes,Yes,Yes,Yes,Yes,Yes,No,Yes,Yes,1
CUST-00470,53,42.22,2226.68,Month-to-month,DSL,Mailed check,0,No,No,Yes,No,Yes,Yes,Yes,Yes,Yes,No,0
CUST-00471,42,48.59,2067.39,One year,Fiber optic,Credit card,0,Yes,Yes,Yes,Yes,No,Yes,Yes,Yes,Yes,No,1
CUST-00472,58,83.57,4844.65,Month-to-month,No,Credit card,1,Yes,No,Yes,No,No internet service,No internet service,No internet service,No internet service,No internet service,No,0
CUST-00473,39,79.3,3065.9,One year,Fiber optic,Credit card,0,No,No,No,No phone service,Yes,No,No,Yes,No,Yes,0
CUST-00474,14,89.0,1236.29,One year,DSL,Credit card,0,No,No,Yes,Yes,No,No,No,No,No,No,0
CUST-00475,5,54.98,245.14,Month-to-month,Fiber optic,Electronic check,0,Yes,Yes,Yes,No,Yes,Yes,Yes,No,No,Yes,1
CUST-00476,35,102.05,3549.25,Two year,DSL,Credit card,0,Yes,No,Yes,Yes,No,Yes,No,Yes,No,Yes,0
CUST-00477,18,38.82,706.54,Month-to-month,DSL,Electronic check,0,No,Yes,Yes,Yes,No,No,Yes,No,Yes,No,0
CUST-00478,9,65.84,569.08,One year,Fiber optic,Credit card,0,Yes,No,Yes,Yes,No,No,Yes,No,No,Yes,1
CUST-00479,58,99.7,5804.85,Month-to-month,No,Electronic check,0,Yes,No,Yes,Yes,No internet service,No internet service,No internet service,No internet service,No internet service,No,0
CUST-00480,17,36.38,617.04,One year,Fiber optic,Bank transfer,0,No,No,Yes,Yes,No,Yes,No,No,No,Yes,0
CUST-00481,7,29.21,206.18,Month-to-month,DSL,Electronic check,0,No,No,Yes,No,No,No,No,No,Yes,Yes,1
CUST-00482,46,108.14,4968.87,Month-to-month,Fiber optic,Bank transfer,1,No,No,Yes,Yes,No,No,Yes,No,No,Yes,1
CUST-00483,13,52.98,704.2,Month-to-month,Fiber optic,Electronic check,0,No,No,Yes,Yes,No,Yes,No,No,Yes,Yes,0
CUST-00484,40,87.75,3525.66,Month-to-month,No,Mailed check,0,No,Yes,Yes,Yes,No internet service,No internet service,No internet service,No internet service,No internet service,Yes,1
CUST-00485,42,20.59,871.48,Month-to-month,No,Credit card,0,No,Yes,Yes,No,No internet service,No internet service,No internet service,No internet service,No internet service,Yes,0
CUST-00486,9,88.38,806.72,One year,DSL,Bank transfer,0,Yes,No,Yes,Yes,Yes,Yes,No,No,No,No,0
CUST-00487,50,50.24,2507.76,One year,DSL,Electronic check,0,Yes,No,Yes,Yes,Yes,Yes,Yes,Yes,Yes,Yes,0
CUST-00488,27,23.69,650.47,Month-to-month,DSL,Mailed check,0,Yes,No,Yes,No,No,Yes,Yes,No,No,Yes,0
CUST-00489,66,80.2,5286.44,Month-to-month,Fiber optic,Electronic check,0,No,Yes,Yes,Yes,No,No,Yes,No,Yes,No,0
CUST-00490,5,42.56,212.84,Month-to-month,DSL,Bank transfer,0,No,No,Yes,Yes,Yes,No,No,Yes,No,Yes,0
CUST-00491,29,57.45,1660.56,Month-to-month,DSL,Credit card,0,No,No,Yes,No,No,No,Yes,No,No,Yes,1
CUST-00492,37,26.22,961.0,Month-to-month,Fiber optic,Bank transfer,0,No,No,Yes,No,Yes,No,Yes,Yes,No,Yes,0
CUST-00493,38,33.01,1240.6,Month-to-month,DSL,Electronic check,0,No,No,Yes,No,Yes,No,Yes,No,Yes,No,1
CUST-00494,8,48.39,396.47,Two year,DSL,Mailed check,0,No,No,Yes,No,Yes,No,No,Yes,Yes,Yes,0
CUST-00495,65,27.16,1791.61,One year,Fiber optic,Credit card,1,Yes,No,Yes,Yes,Yes,Yes,No,No,Yes,Yes,0
CUST-00496,17,110.9,1908.72,Month-to-month,DSL,Electronic check,0,No,No,Yes,No,Yes,No,Yes,Yes,Yes,No,0
CUST-00497,71,18.62,1296.89,Month-to-month,Fiber optic,Mailed check,0,No,No,Yes,No,No,No,Yes,Yes,No,No,1
CUST-00498,45,67.35,3056.53,One year,No,Mailed check,0,No,No,Yes,No,No internet service,No internet service,No internet service,No internet service,No internet service,No,0
CUST-00499,4,30.57,115.92,Month-to-month,DSL,Bank transfer,0,Yes,No,Yes,No,Yes,Yes,Yes,No,No,No,1
CUST-00500,36,49.38,1789.69,One year,Fiber optic,Credit card,0,No,No,Yes,Yes,No,Yes,Yes,Yes,Yes,Yes,1
CUST-00501,70,112.46,7854.08,Two year,No,Mailed check,0,Yes,No,Yes,Yes,No internet service,No internet service,No internet service,No internet service,No internet service,Yes,0
CUST-00502,31,34.49,1072.03,One year,No,Bank transfer,0,No,Yes,Yes,Yes,No internet service,No internet service,No internet service,No internet service,No internet service,Yes,0
CUST-00503,19,116.51,2219.96,Month-to-month,Fiber optic,Mailed check,0,No,No,Yes,Yes,No,Yes,Yes,No,Yes,No,0
CUST-00504,61,38.99,2348.7,One year,Fiber optic,Electronic check,1,Yes,No,Yes,Yes,Yes,No,Yes,Yes,Yes,No,0
CUST-00505,54,93.64,5068.73,Two year,DSL,Electronic check,0,Yes,Yes,Yes,Yes,No,Yes,Yes,Yes,No,No,0
CUST-00506,39,73.76,2903.56,One year,Fiber optic,Mailed check,0,No,No,Yes,No,Yes,Yes,Yes,Yes,No,Yes,0
CUST-00507,19,108.22,2052.69,One year,No,Electronic check,0,No,Yes,Yes,Yes,No internet service,No internet service,No internet service,No internet service,No internet service,Yes,0
CUST-00508,39,74.51,2933.09,Month-to-month,Fiber optic,Credit card,0,No,Yes,Yes,No,No,Yes,Yes,No,No,Yes,1
CUST-00509,67,72.53,4855.72,Month-to-month,Fiber optic,Electronic check,0,No,Yes,No,No phone service,No,Yes,No,No,Yes,No,1
CUST-00510,45,37.94,1724.29,One year,DSL,Electronic check,0,No,No,No,No phone service,Yes,No,Yes,Yes,No,Yes,0
CUST-00511,13,34.96,410.11,Two year,Fiber optic,Mailed check,0,Yes,Yes,Yes,No,No,No,Yes,Yes,No,No,1
CUST-00512,58,111.48,6514.22,One year,Fiber optic,Electronic check,0,No,No,Yes,Yes,Yes,Yes,No,No,Yes,Yes,0
CUST-00513,20,51.44,1058.71,One year,Fiber optic,Mailed check,0,No,No,Yes,Yes,Yes,Yes,No,No,Yes,Yes,1
CUST-00514,72,55.95,4022.71,Month-to-month,DSL,Mailed check,1,No,No,Yes,No,Yes,No,Yes,No,No,Yes,1
CUST-00515,61,95.5,5786.06,Month-to-month,Fiber optic,Bank transfer,0,Yes,No,Yes,Yes,No,Yes,Yes,Yes,No,No,0
CUST-00516,39,52.56,2055.6,Month-to-month,Fiber optic,Credit card,1,Yes,No,Yes,Yes,No,Yes,No,No,Yes,No,1
CUST-00517,1,115.11,86.23,Month-to-month,DSL,Bank transfer,1,Yes,No,Yes,Yes,No,Yes,Yes,Yes,Yes,No,1
CUST-00518,3,93.27,288.71,One year,DSL,Electronic check,1,No,No,Yes,No,No,Yes,No,No,No,No,0
CUST-00519,62,78.94,4902.51,Month-to-month,DSL,Credit card,0,Yes,No,Yes,No,No,No,Yes,Yes,No,Yes,0
CUST-00520,63,107.85,6775.72,One year,Fiber optic,Mailed check,0,Yes,Yes,Yes,Yes,No,No,No,No,No,No,1
CUST-00521,25,23.06,598.92,Two year,Fiber optic,Mailed check,0,Yes,Yes,Yes,No,No,No,No,Yes,Yes,No,1
CUST-00522,56,44.22,2492.43,Month-to-month,No,Mailed check,0,Yes,Yes,No,No phone service,No internet service,No internet service,No internet service,No internet service,No internet service,No,0
CUST-00523,33,65.43,2178.71,Month-to-month,DSL,Electronic check,0,No,No,Yes,No,No,Yes,Yes,No,No,No,0
CUST-00524,38,41.15,1563.88,One year,No,Credit card,0,No,No,Yes,Yes,No internet service,No internet service,No internet service,No internet service,No internet service,Yes,0
CUST-00525,6,93.88,534.97,Two year,Fiber optic,Electronic check,0,No,No,No,No phone service,Yes,Yes,Yes,Yes,Yes,No,0
CUST-00526,58,111.76,6501.64,One year,Fiber optic,Bank transfer,1,Yes,No,Yes,Yes,No,No,Yes,No,No,No,0
CUST-00527,44,61.22,2688.27,Month-to-month,DSL,Electronic check,0,Yes,No,Yes,No,No,No,No,Yes,Yes,No,1
CUST-00528,45,52.9,2352.7,Month-to-month,DSL,Credit card,0,No,No,Yes,Yes,Yes,Yes,Yes,Yes,Yes,Yes,0
CUST-00529,32,116.08,3741.6,Month-to-month,No,Bank transfer,0,Yes,No,Yes,Yes,No internet service,No internet service,No internet service,No internet service,No internet service,Yes,0
CUST-00530,45,63.37,2893.64,Month-to-month,DSL,Electronic check,1,No,No,Yes,No,No,No,No,No,No,Yes,1
CUST-00531,61,67.88,4139.86,Two year,DSL,Bank transfer,1,Yes,No,Yes,No,Yes,Yes,No,No,No,Yes,0
CUST-00532,47,53.87,2575.07,Two year,DSL,Bank transfer,0,Yes,No,Yes,Yes,No,No,No,Yes,Yes,No,0
CUST-00533,21,110.77,2328.0,Month-to-month,No,Mailed check,0,Yes,No,Yes,Yes,No internet service,No internet service,No internet service,No internet service,No internet service,Yes,0
CUST-00534,36,76.03,2729.47,Month-to-month,DSL,Bank transfer,0,No,No,Yes,No,Yes,No,Yes,Yes,Yes,Yes,1
CUST-00535,19,95.74,1806.45,Month-to-month,DSL,Bank transfer,0,Yes,No,Yes,No,No,Yes,Yes,No,No,No,1
CUST-00536,20,100.8,2048.74,Two year,Fiber optic,Electronic check,0,No,Yes,Yes,Yes,Yes,Yes,No,Yes,No,No,0
CUST-00537,57,52.87,2997.99,Month-to-month,Fiber optic,Bank transfer,0,No,Yes,No,No phone service,No,Yes,Yes,Yes,Yes,Yes,0
CUST-00538,18,62.24,1135.03,One year,Fiber optic,Mailed check,0,Yes,Yes,Yes,No,No,No,Yes,Yes,Yes,Yes,0
CUST-00539,47,104.54,4902.2,Month-to-month,Fiber optic,Mailed check,0,Yes,No,Yes,No,Yes,No,No,Yes,No,Yes,1
CUST-00540,49,55.05,2688.24,One year,No,Credit card,1,No,No,Yes,Yes,No internet service,No internet service,No internet service,No internet service,No internet service,No,0
CUST-00541,14,98.98,1406.32,Month-to-month,No,Electronic check,0,Yes,No,Yes,Yes,No internet service,No internet service,No internet service,No internet service,No internet service,No,0
CUST-00542,15,113.98,1702.1,Month-to-month,No,Electronic check,0,No,No,Yes,Yes,No internet service,No internet service,No internet service,No internet service,No internet service,Yes,0
CUST-00543,31,81.57,2520.57,One year,DSL,Electronic check,0,No,Yes,Yes,Yes,No,Yes,No,Yes,Yes,Yes,0
CUST-00544,1,93.65,116.31,One year,No,Electronic check,0,Yes,Yes,Yes,No,No internet service,No internet service,No internet service,No internet service,No internet service,No,1
CUST-00545,54,100.12,5438.43,Month-to-month,DSL,Electronic check,0,Yes,No,Yes,No,No,Yes,No,No,Yes,Yes,0
CUST-00546,3,104.19,325.46,Month-to-month,DSL,Credit card,0,Yes,No,Yes,Yes,Yes,Yes,No,Yes,Yes,Yes,1
CUST-00547,16,58.3,919.7,Month-to-month,No,Electronic check,0,Yes,No,Yes,Yes,No internet service,No internet service,No internet service,No internet service,No internet service,No,0
CUST-00548,57,23.23,1313.9,Month-to-month,No,Bank transfer,0,Yes,No,Yes,Yes,No internet service,No internet service,No internet service,No internet service,No internet service,Yes,0
CUST-00549,12,58.99,709.48,One year,Fiber optic,Electronic check,0,No,Yes,No,No phone service,Yes,Yes,Yes,No,No,No,0
CUST-00550,16,86.72,1393.94,Two year,No,Bank transfer,1,No,Yes,Yes,Yes,No internet service,No internet service,No internet service,No internet service,No internet service,Yes,0
CUST-00551,72,63.94,4583.92,Month-to-month,No,Credit card,0,No,No,Yes,No,No internet service,No internet service,No internet service,No internet service,No internet service,No,0
CUST-00552,24,94.39,2279.82,Month-to-month,Fiber optic,Electronic check,0,No,No,Yes,Yes,Yes,Yes,Yes,No,Yes,No,1
CUST-00553,28,54.41,1525.19,Month-to-month,Fiber optic,Credit card,1,Yes,No,Yes,No,Yes,Yes,No,No,No,Yes,0
CUST-00554,8,82.74,627.61,Month-to-month,Fiber optic,Credit card,0,Yes,No,Yes,No,No,No,Yes,No,Yes,Yes,1
CUST-00555,36,37.01,1313.78,Month-to-month,DSL,Bank transfer,0,Yes,No,Yes,No,No,No,No,Yes,Yes,Yes,1
CUST-00556,8,94.44,745.44,One year,DSL,Electronic check,0,Yes,No,Yes,Yes,No,Yes,No,No,No,No,0
CUST-00557,58,73.66,4270.82,Month-to-month,Fiber optic,Bank transfer,0,Yes,No,Yes,Yes,No,No,No,Yes,Yes,Yes,0
CUST-00558,60,38.81,2366.39,One year,DSL,Credit card,0,No,No,Yes,Yes,Yes,No,Yes,Yes,No,Yes,0
CUST-00559,50,47.77,2393.26,Two year,DSL,Electronic check,0,No,No,Yes,Yes,Yes,No,Yes,Yes,No,Yes,0
CUST-00560,28,94.36,2625.26,Two year,DSL,Mailed check,0,No,Yes,Yes,Yes,No,Yes,No,Yes,Yes,Yes,0
CUST-00561,41,67.23,2760.84,Two year,Fiber optic,Electronic check,0,Yes,No,Yes,No,Yes,Yes,Yes,Yes,Yes,Yes,1
CUST-00562,64,40.04,2555.52,One year,No,Electronic check,0,No,No,Yes,No,No internet service,No internet service,No internet service,No internet service,No internet service,No,0
CUST-00563,27,116.66,3156.32,Two year,Fiber optic,Credit card,1,No,No,Yes,Yes,No,No,No,Yes,No,No,0
CUST-00564,63,90.94,5740.83,Month-to-month,Fiber optic,Mailed check,0,Yes,No,Yes,Yes,Yes,Yes,No,No,No,Yes,1
CUST-00565,17,115.63,1989.89,Month-to-month,No,Electronic check,0,Yes,No,Yes,No,No internet service,No internet service,No internet service,No internet service,No internet service,No,0
CUST-00566,33,61.56,2030.99,Month-to-month,No,Bank transfer,0,No,Yes,Yes,No,No internet service,No internet service,No internet service,No internet service,No internet service,Yes,0
CUST-00567,29,66.46,1960.12,One year,Fiber optic,Electronic check,0,No,No,Yes,Yes,No,Yes,No,No,No,No,0
CUST-00568,13,109.59,1442.83,Two year,No,Electronic check,0,No,No,Yes,Yes,No internet service,No internet service,No internet service,No internet service,No internet service,No,1
CUST-00569,46,71.56,3277.61,Month-to-month,Fiber optic,Mailed check,0,No,No,Yes,Yes,No,No,No,No,Yes,No,0
CUST-00570,35,90.14,3199.1,One year,DSL,Mailed check,0,Yes,Yes,Yes,Yes,No,Yes,No,Yes,No,No,1
CUST-00571,6,43.72,268.86,One year,DSL,Electronic check,0,Yes,No,Yes,No,No,Yes,No,No,No,No,1
CUST-00572,69,63.57,4369.63,Two year,Fiber optic,Electronic check,0,No,No,Yes,Yes,No,No,No,Yes,No,No,0
CUST-00573,47,30.59,1470.79,One year,Fiber optic,Mailed check,0,Yes,No,No,No phone service,No,Yes,No,No,Yes,No,0
CUST-00574,25,39.01,1016.81,Two year,Fiber optic,Credit card,0,Yes,Yes,Yes,Yes,Yes,No,No,No,Yes,Yes,1
CUST-00575,66,18.1,1193.94,Month-to-month,Fiber optic,Credit card,0,No,No,No,No phone service,Yes,Yes,Yes,No,No,Yes,1
CUST-00576,10,22.01,210.03,Month-to-month,DSL,Electronic check,0,Yes,Yes,Yes,Yes,Yes,Yes,Yes,Yes,Yes,Yes,1
CUST-00577,56,117.68,6586.63,Month-to-month,DSL,Bank transfer,1,Yes,No,Yes,Yes,Yes,Yes,Yes,No,Yes,Yes,0
CUST-00578,30,42.72,1295.89,Month-to-month,Fiber optic,Credit card,0,No,Yes,Yes,No,No,No,Yes,Yes,No,No,1
CUST-00579,5,85.66,453.86,Month-to-month,DSL,Mailed check,1,Yes,No,Yes,No,No,No,Yes,No,No,No,1
CUST-00580,33,103.59,3429.88,One year,Fiber optic,Credit card,0,Yes,No,Yes,No,Yes,No,No,Yes,Yes,No,0
CUST-00581,65,74.17,4823.08,One year,Fiber optic,Credit card,0,Yes,No,Yes,No,No,No,Yes,Yes,No,No,0
CUST-00582,18,33.62,635.12,One year,Fiber optic,Electronic check,0,No,Yes,Yes,Yes,Yes,Yes,Yes,Yes,Yes,Yes,1
CUST-00583,49,92.27,4514.97,Month-to-month,DSL,Electronic check,0,Yes,Yes,Yes,No,Yes,Yes,No,Yes,No,No,0
CUST-00584,11,79.23,892.15,Month-to-month,Fiber optic,Electronic check,0,Yes,No,Yes,Yes,No,No,No,No,No,Yes,1
CUST-00585,26,92.59,2401.58,Month-to-month,No,Electronic check,0,No,No,Yes,Yes,No internet service,No internet service,No internet service,No internet service,No internet service,No,1
CUST-00586,63,96.51,6088.75,Month-to-month,No,Credit card,0,Yes,No,Yes,Yes,No internet service,No internet service,No internet service,No internet service,No internet service,No,0
CUST-00587,59,117.49,6929.64,One year,No,Credit card,0,Yes,No,No,No phone service,No internet service,No internet service,No internet service,No internet service,No internet service,No,0
CUST-00588,27,76.5,2064.38,Month-to-month,Fiber optic,Electronic check,0,No,No,Yes,Yes,No,Yes,Yes,Yes,No,No,1
CUST-00589,49,52.85,2582.1,Month-to-month,DSL,Bank transfer,0,Yes,No,Yes,Yes,Yes,No,Yes,No,No,Yes,0
CUST-00590,33,84.14,2803.52,One year,Fiber optic,Mailed check,1,Yes,No,Yes,No,Yes,No,Yes,Yes,Yes,Yes,0
CUST-00591,1,24.98,10.32,Month-to-month,No,Mailed check,0,No,Yes,Yes,Yes,No internet service,No internet service,No internet service,No internet service,No internet service,No,0
CUST-00592,21,109.53,2285.33,Two year,DSL,Bank transfer,0,No,No,No,No phone service,No,Yes,Yes,Yes,Yes,Yes,0
CUST-00593,55,30.18,1702.32,Month-to-month,DSL,Credit card,0,No,No,Yes,No,No,Yes,No,Yes,Yes,No,1
CUST-00594,6,51.44,328.2,Two year,DSL,Electronic check,1,No,No,Yes,Yes,No,Yes,Yes,Yes,No,Yes,0
CUST-00595,69,101.21,6935.79,Month-to-month,Fiber optic,Electronic check,0,Yes,No,Yes,No,No,No,No,Yes,Yes,Yes,1
CUST-00596,5,78.93,383.34,One year,Fiber optic,Electronic check,0,No,Yes,Yes,Yes,No,Yes,No,Yes,Yes,Yes,0
CUST-00597,3,58.15,138.21,Month-to-month,DSL,Mailed check,0,Yes,Yes,Yes,Yes,No,Yes,Yes,Yes,No,No,1
CUST-00598,53,66.29,3494.36,Two year,No,Electronic check,0,Yes,No,No,No phone service,No internet service,No internet service,No internet service,No internet service,No internet service,Yes,0
CUST-00599,23,105.16,2355.91,Month-to-month,Fiber optic,Mailed check,1,No,Yes,Yes,No,No,Yes,Yes,Yes,Yes,No,0
CUST-00600,53,52.68,2789.3,Month-to-month,DSL,Mailed check,0,Yes,No,Yes,Yes,Yes,No,No,No,Yes,Yes,1
CUST-00601,37,106.7,3925.06,Two year,DSL,Bank transfer,0,No,Yes,Yes,No,Yes,Yes,Yes,Yes,Yes,Yes,0
CUST-00602,17,26.99,460.03,Month-to-month,DSL,Mailed check,0,Yes,Yes,No,No phone service,No,Yes,No,No,No,No,1
CUST-00603,1,97.23,64.73,Month-to-month,Fiber optic,Electronic check,0,Yes,Yes,Yes,No,Yes,No,Yes,No,Yes,Yes,1
CUST-00604,51,104.45,5328.61,Month-to-month,DSL,Credit card,1,No,Yes,Yes,No,Yes,Yes,Yes,Yes,No,Yes,1
CUST-00605,45,36.55,1636.45,One year,Fiber optic,Credit card,1,Yes,No,Yes,Yes,No,No,No,No,No,No,0
CUST-00606,4,61.9,277.64,Month-to-month,Fiber optic,Electronic check,0,No,No,Yes,No,Yes,No,Yes,No,Yes,No,0
CUST-00607,62,34.88,2190.79,Month-to-month,Fiber optic,Electronic check,0,Yes,Yes,Yes,Yes,Yes,Yes,Yes,No,No,Yes,0
CUST-00608,65,90.07,5870.26,Month-to-month,DSL,Credit card,0,Yes,Yes,Yes,Yes,Yes,Yes,Yes,Yes,Yes,No,1
CUST-00609,32,72.61,2316.99,One year,Fiber optic,Electronic check,0,Yes,No,Yes,No,No,Yes,Yes,No,Yes,No,1
CUST-00610,34,82.8,2854.91,One year,No,Electronic check,1,Yes,No,Yes,No,No internet service,No internet service,No internet service,No internet service,No internet service,No,1
CUST-00611,72,38.04,2707.82,Month-to-month,DSL,Mailed check,0,No,No,Yes,Yes,No,No,No,Yes,Yes,No,0
CUST-00612,39,39.6,1516.33,Month-to-month,DSL,Electronic check,0,No,Yes,Yes,No,Yes,No,No,No,No,No,0
CUST-00613,26,22.23,576.3,Month-to-month,Fiber optic,Electronic check,0,No,No,Yes,Yes,Yes,No,Yes,Yes,No,No,1
CUST-00614,34,50.85,1773.98,Month-to-month,Fiber optic,Mailed check,0,No,No,No,No phone service,No,Yes,Yes,No,Yes,No,1
CUST-00615,54,75.09,4050.81,Month-to-month,DSL,Bank transfer,1,No,No,No,No phone service,No,Yes,No,Yes,Yes,Yes,0
CUST-00616,3,105.51,312.87,Month-to-month,Fiber optic,Credit card,0,Yes,No,Yes,No,Yes,No,No,No,No,Yes,1
CUST-00617,50,86.03,4272.66,Month-to-month,Fiber optic,Credit card,0,Yes,No,No,No phone service,Yes,Yes,No,Yes,No,Yes,1
CUST-00618,12,62.41,767.84,Two year,No,Electronic check,0,No,Yes,Yes,No,No internet service,No internet service,No internet service,No internet service,No internet service,Yes,0
CUST-00619,65,115.22,7508.36,Month-to-month,DSL,Electronic check,0,Yes,Yes,Yes,Yes,Yes,Yes,Yes,No,No,Yes,1
CUST-00620,54,91.36,4949.22,One year,Fiber optic,Bank transfer,0,Yes,Yes,Yes,Yes,Yes,No,No,Yes,No,Yes,0
CUST-00621,5,112.88,551.82,Month-to-month,DSL,Mailed check,0,No,No,Yes,No,No,No,No,No,No,Yes,1
CUST-00622,57,71.81,4079.04,Month-to-month,Fiber optic,Electronic check,0,Yes,Yes,Yes,Yes,No,No,Yes,Yes,Yes,Yes,1
CUST-00623,17,44.41,729.11,Two year,Fiber optic,Electronic check,0,Yes,No,Yes,Yes,Yes,Yes,Yes,Yes,No,Yes,1
CUST-00624,47,23.39,1101.01,Month-to-month,Fiber optic,Electronic check,1,Yes,No,Yes,Yes,Yes,Yes,Yes,Yes,Yes,Yes,1
CUST-00625,23,92.06,2095.77,Month-to-month,No,Mailed check,1,No,Yes,Yes,Yes,No internet service,No internet service,No internet service,No internet service,No internet service,Yes,1
CUST-00626,14,30.37,401.63,One year,DSL,Electronic check,0,Yes,No,Yes,Yes,No,No,No,No,Yes,No,0
CUST-00627,66,48.88,3217.61,Month-to-month,Fiber optic,Credit card,0,No,No,Yes,No,No,No,No,No,No,No,1
CUST-00628,51,72.31,3678.03,Month-to-month,DSL,Electronic check,1,Yes,Yes,Yes,No,Yes,Yes,No,No,No,No,0
CUST-00629,38,75.57,2860.9,Month-to-month,Fiber optic,Credit card,0,No,Yes,Yes,No,Yes,No,No,No,No,No,0
CUST-00630,64,79.26,5081.97,Month-to-month,DSL,Credit card,0,Yes,No,Yes,Yes,Yes,Yes,No,Yes,Yes,Yes,0
CUST-00631,38,34.96,1330.06,One year,No,Mailed check,0,No,Yes,No,No phone service,No internet service,No internet service,No internet service,No internet service,No internet service,No,0
CUST-00632,50,56.73,2830.74,Month-to-month,No,Bank transfer,1,No,No,Yes,No,No internet service,No internet service,No internet service,No internet service,No internet service,No,1
CUST-00633,30,80.95,2432.16,Month-to-month,No,Bank transfer,0,No,Yes,Yes,No,No internet service,No internet service,No internet service,No internet service,No internet service,Yes,1
CUST-00634,51,116.92,5943.09,Month-to-month,DSL,Electronic check,0,No,No,Yes,Yes,Yes,No,No,No,No,No,1
CUST-00635,63,92.22,5811.97,Month-to-month,Fiber optic,Electronic check,0,No,No,Yes,Yes,Yes,No,No,Yes,Yes,Yes,0
CUST-00636,52,112.11,5832.73,Two year,DSL,Mailed check,0,Yes,Yes,Yes,Yes,No,Yes,Yes,Yes,No,No,0
CUST-00637,38,95.75,3608.44,Month-to-month,No,Bank transfer,0,No,Yes,Yes,Yes,No internet service,No internet service,No internet service,No internet service,No internet service,Yes,1
CUST-00638,30,78.36,2370.71,Two year,Fiber optic,Mailed check,1,No,Yes,Yes,Yes,No,Yes,No,Yes,No,No,1
CUST-00639,51,37.59,1899.46,One year,Fiber optic,Mailed check,0,Yes,No,Yes,Yes,No,Yes,No,Yes,Yes,Yes,0
CUST-00640,5,86.0,431.81,One year,Fiber optic,Mailed check,0,Yes,No,Yes,No,Yes,Yes,Yes,Yes,No,Yes,1
CUST-00641,29,81.58,2389.11,Month-to-month,DSL,Mailed check,1,Yes,Yes,Yes,No,Yes,Yes,Yes,No,No,Yes,0
CUST-00642,4,79.45,336.31,Month-to-month,Fiber optic,Mailed check,0,Yes,No,Yes,No,Yes,Yes,No,No,Yes,No,1
CUST-00643,10,67.96,680.29,Two year,DSL,Mailed check,0,Yes,No,Yes,No,Yes,No,No,Yes,No,Yes,0
CUST-00644,56,71.92,4020.27,Two year,No,Credit card,0,No,No,Yes,Yes,No internet service,No internet service,No internet service,No internet service,No internet service,No,0
CUST-00645,17,52.11,904.82,Month-to-month,No,Bank transfer,0,Yes,No,Yes,Yes,No internet service,No internet service,No internet service,No internet service,No internet service,Yes,0
CUST-00646,17,70.97,1219.98,Month-to-month,Fiber optic,Bank transfer,0,Yes,No,Yes,No,No,Yes,Yes,No,Yes,Yes,0
CUST-00647,69,38.15,2619.98,Month-to-month,No,Bank transfer,1,No,No,Yes,Yes,No internet service,No internet service,No internet service,No internet service,No internet service,Yes,0
CUST-00648,34,100.13,3388.52,Two year,DSL,Bank transfer,0,No,No,Yes,No,Yes,No,No,Yes,No,Yes,0
CUST-00649,6,36.95,180.25,Month-to-month,No,Bank transfer,1,Yes,Yes,Yes,No,No internet service,No internet service,No internet service,No internet service,No internet service,No,0
CUST-00650,53,26.67,1416.59,One year,DSL,Electronic check,0,Yes,Yes,Yes,No,No,No,Yes,No,No,No,0
CUST-00651,66,62.5,4123.35,One year,Fiber optic,Credit card,0,Yes,No,Yes,No,Yes,No,Yes,Yes,No,Yes,0
CUST-00652,43,85.15,3684.17,One year,Fiber optic,Electronic check,0,Yes,No,Yes,No,Yes,Yes,Yes,No,No,Yes,0
CUST-00653,23,62.65,1448.13,One year,DSL,Mailed check,1,Yes,No,No,No phone service,Yes,Yes,Yes,Yes,Yes,Yes,0
CUST-00654,55,46.23,2569.33,Month-to-month,Fiber optic,Electronic check,0,Yes,No,Yes,Yes,Yes,No,No,Yes,No,No,0
CUST-00655,16,74.93,1184.93,Two year,DSL,Electronic check,0,Yes,No,Yes,No,No,Yes,No,No,No,Yes,0
CUST-00656,8,53.39,449.88,One year,No,Credit card,0,No,Yes,Yes,No,No internet service,No internet service,No internet service,No internet service,No internet service,Yes,0
CUST-00657,4,113.15,442.02,One year,DSL,Mailed check,0,Yes,Yes,Yes,Yes,Yes,No,No,Yes,Yes,No,1
CUST-00658,4,112.11,463.99,Month-to-month,Fiber optic,Credit card,0,Yes,Yes,No,No phone service,Yes,No,Yes,Yes,No,No,1
CUST-00659,56,69.24,3848.26,One year,No,Electronic check,0,No,No,Yes,Yes,No internet service,No internet service,No internet service,No internet service,No internet service,Yes,0
CUST-00660,25,51.44,1290.7,Month-to-month,DSL,Electronic check,0,No,Yes,Yes,Yes,Yes,No,No,No,Yes,No,0
CUST-00661,67,93.19,6204.04,Month-to-month,Fiber optic,Electronic check,0,Yes,Yes,Yes,No,No,Yes,No,No,Yes,Yes,1
CUST-00662,67,21.74,1451.24,One year,Fiber optic,Bank transfer,1,Yes,No,No,No phone service,No,No,No,Yes,Yes,Yes,0
CUST-00663,27,66.43,1802.42,Month-to-month,DSL,Credit card,0,No,Yes,Yes,No,No,Yes,No,Yes,Yes,No,1
CUST-00664,32,52.3,1663.18,One year,Fiber optic,Mailed check,0,Yes,No,Yes,Yes,No,No,Yes,No,No,Yes,1
CUST-00665,50,111.89,5573.49,Month-to-month,DSL,Mailed check,0,No,No,Yes,Yes,No,No,Yes,No,No,Yes,1
CUST-00666,61,19.22,1189.34,One year,DSL,Credit card,0,No,Yes,Yes,No,Yes,No,No,No,Yes,No,0
CUST-00667,51,74.39,3791.82,Month-to-month,Fiber optic,Electronic check,1,Yes,Yes,Yes,Yes,Yes,No,No,No,No,Yes,0
CUST-00668,19,93.55,1767.66,One year,Fiber optic,Mailed check,0,No,No,Yes,No,No,Yes,No,Yes,No,No,0
CUST-00669,21,67.47,1417.71,Month-to-month,No,Mailed check,0,No,No,Yes,No,No internet service,No internet service,No internet service,No internet service,No internet service,Yes,1
CUST-00670,5,26.71,186.28,One year,No,Electronic check,0,No,No,Yes,No,No internet service,No internet service,No internet service,No internet service,No internet service,Yes,1
CUST-00671,42,117.19,4945.05,Two year,Fiber optic,Electronic check,0,Yes,No,Yes,No,Yes,Yes,No,Yes,No,Yes,1
CUST-00672,61,70.84,4344.49,Month-to-month,Fiber optic,Electronic check,0,No,No,Yes,No,Yes,No,Yes,No,Yes,Yes,0
CUST-00673,22,80.65,1783.01,Month-to-month,DSL,Credit card,0,No,Yes,No,No phone service,No,Yes,Yes,No,Yes,Yes,0
CUST-00674,21,42.13,888.06,One year,DSL,Bank transfer,0,No,No,Yes,Yes,No,No,Yes,No,Yes,No,0
CUST-00675,70,67.32,4664.48,One year,Fiber optic,Credit card,0,No,Yes,Yes,Yes,No,Yes,Yes,Yes,Yes,Yes,0
CUST-00676,1,61.77,48.19,One year,No,Mailed check,0,Yes,No,Yes,No,No internet service,No internet service,No internet service,No internet service,No internet service,Yes,0
CUST-00677,5,25.64,118.59,One year,DSL,Bank transfer,0,Yes,Yes,Yes,Yes,No,Yes,No,No,No,Yes,0
CUST-00678,12,28.83,308.46,Month-to-month,DSL,Bank transfer,0,Yes,No,Yes,Yes,No,No,Yes,No,Yes,No,0
CUST-00679,46,103.42,4734.17,Month-to-month,Fiber optic,Credit card,0,Yes,No,Yes,No,No,Yes,Yes,Yes,Yes,No,1
CUST-00680,34,42.46,1404.02,Month-to-month,DSL,Electronic check,0,Yes,Yes,No,No phone service,Yes,No,Yes,No,No,No,1
CUST-00681,49,37.89,1855.84,Month-to-month,Fiber optic,Electronic check,0,Yes,Yes,Yes,No,No,No,Yes,No,Yes,No,1
CUST-00682,45,69.5,3143.88,One year,Fiber optic,Bank transfer,0,Yes,No,Yes,No,No,Yes,No,Yes,No,No,0
CUST-00683,27,96.41,2625.21,Month-to-month,Fiber optic,Credit card,0,No,Yes,Yes,Yes,No,Yes,No,Yes,Yes,No,0
CUST-00684,26,24.32,640.62,Two year,DSL,Credit card,0,No,No,Yes,Yes,No,No,No,No,No,No,0
CUST-00685,47,76.83,3591.74,Two year,No,Bank transfer,0,No,No,Yes,Yes,No internet service,No internet service,No internet service,No internet service,No internet service,Yes,0
CUST-00686,56,30.16,1650.32,Two year,DSL,Electronic check,1,No,No,Yes,Yes,No,Yes,Yes,No,Yes,Yes,0
CUST-00687,63,21.72,1333.22,Two year,No,Electronic check,0,Yes,No,Yes,Yes,No internet service,No internet service,No internet service,No internet service,No internet service,No,0
CUST-00688,48,23.38,1096.86,Month-to-month,Fiber optic,Credit card,0,Yes,No,Yes,No,No,No,No,Yes,No,Yes,0
CUST-00689,61,103.08,6270.1,Two year,No,Mailed check,0,No,Yes,Yes,Yes,No internet service,No internet service,No internet service,No internet service,No internet service,Yes,0
CUST-00690,26,30.03,777.59,Month-to-month,Fiber optic,Electronic check,1,No,No,Yes,No,No,Yes,Yes,Yes,Yes,Yes,1
CUST-00691,36,22.61,793.68,Month-to-month,DSL,Credit card,0,Yes,No,Yes,Yes,No,Yes,No,Yes,No,No,0
CUST-00692,1,62.67,69.45,One year,No,Electronic check,0,No,No,Yes,No,No internet service,No internet service,No internet service,No internet service,No internet service,Yes,0
CUST-00693,8,104.09,828.07,Month-to-month,Fiber optic,Bank transfer,0,No,No,Yes,Yes,Yes,Yes,Yes,No,Yes,Yes,0
CUST-00694,52,44.77,2328.25,Two year,DSL,Bank transfer,1,No,No,Yes,Yes,Yes,Yes,Yes,Yes,No,No,0
CUST-00695,47,61.01,2890.28,One year,DSL,Electronic check,0,Yes,No,Yes,No,Yes,Yes,Yes,Yes,Yes,Yes,0
CUST-00696,56,22.07,1212.32,One year,Fiber optic,Electronic check,0,No,No,Yes,No,Yes,No,No,No,No,No,0
CUST-00697,14,63.81,901.71,Month-to-month,Fiber optic,Electronic check,0,No,No,Yes,No,No,Yes,Yes,Yes,No,No,1
CUST-00698,28,76.92,2153.48,One year,Fiber optic,Bank transfer,0,Yes,No,Yes,No,No,Yes,Yes,No,No,Yes,0
CUST-00699,2,76.23,145.79,Month-to-month,Fiber optic,Mailed check,0,Yes,No,Yes,Yes,No,No,Yes,Yes,No,No,1
CUST-00700,26,51.91,1367.37,Two year,Fiber optic,Electronic check,0,Yes,Yes,Yes,Yes,Yes,Yes,Yes,No,No,Yes,0
CUST-00701,14,50.18,720.1,Month-to-month,Fiber optic,Credit card,1,Yes,No,Yes,No,Yes,No,No,Yes,Yes,No,0
CUST-00702,59,28.88,1684.99,One year,Fiber optic,Mailed check,0,Yes,No,No,No phone service,Yes,Yes,No,Yes,No,Yes,0
CUST-00703,56,55.41,3099.32,Month-to-month,DSL,Electronic check,0,Yes,No,Yes,No,Yes,Yes,Yes,Yes,Yes,Yes,1
CUST-00704,7,28.15,202.67,Month-to-month,No,Electronic check,0,Yes,No,Yes,Yes,No internet service,No internet service,No internet service,No internet service,No internet service,Yes,0
CUST-00705,3,96.19,283.11,Month-to-month,DSL,Electronic check,1,Yes,No,Yes,No,No,No,No,No,No,No,1
CUST-00706,23,116.56,2692.58,Month-to-month,Fiber optic,Credit card,1,Yes,No,Yes,No,Yes,No,Yes,Yes,No,No,1
CUST-00707,18,116.95,2110.72,One year,Fiber optic,Electronic check,0,No,No,Yes,Yes,No,Yes,No,Yes,Yes,No,0
CUST-00708,38,106.24,4073.77,Month-to-month,Fiber optic,Mailed check,0,No,No,Yes,Yes,Yes,Yes,Yes,Yes,No,No,1
CUST-00709,15,79.28,1158.59,Month-to-month,DSL,Credit card,0,Yes,Yes,Yes,Yes,Yes,No,Yes,No,Yes,No,1
CUST-00710,64,89.49,5724.91,One year,DSL,Bank transfer,0,Yes,No,Yes,No,No,No,No,Yes,Yes,Yes,0
CUST-00711,28,47.09,1300.35,Month-to-month,Fiber optic,Mailed check,0,No,No,Yes,Yes,No,Yes,Yes,Yes,No,No,0
CUST-00712,39,82.34,3223.34,Month-to-month,No,Credit card,0,No,No,Yes,Yes,No internet service,No internet service,No internet service,No internet service,No internet service,Yes,1
CUST-00713,57,64.48,3643.02,Two year,Fiber optic,Bank transfer,0,Yes,No,Yes,No,No,No,No,No,No,No,0
CUST-00714,17,67.17,1148.82,Month-to-month,Fiber optic,Electronic check,0,No,No,Yes,Yes,Yes,Yes,Yes,Yes,Yes,No,0
CUST-00715,44,95.29,4180.16,Month-to-month,DSL,Bank transfer,0,Yes,No,Yes,No,Yes,No,No,No,No,No,1
CUST-00716,25,46.76,1154.32,Month-to-month,DSL,Credit card,0,No,No,No,No phone service,Yes,Yes,No,Yes,No,No,1
CUST-00717,17,50.44,828.55,Month-to-month,DSL,Mailed check,0,No,No,No,No phone service,Yes,Yes,No,Yes,Yes,Yes,1
CUST-00718,13,112.31,1450.73,Month-to-month,DSL,Bank transfer,1,Yes,Yes,Yes,No,Yes,Yes,Yes,No,No,Yes,1
CUST-00719,25,23.73,614.94,Month-to-month,Fiber optic,Credit card,0,No,Yes,Yes,Yes,Yes,Yes,No,Yes,No,No,0
CUST-00720,68,67.53,4591.54,One year,DSL,Bank transfer,1,Yes,No,Yes,Yes,Yes,Yes,No,No,Yes,Yes,0
CUST-00721,10,111.11,1123.65,Month-to-month,DSL,Electronic check,0,No,Yes,Yes,Yes,No,No,Yes,No,No,Yes,1
CUST-00722,67,80.26,5410.71,Month-to-month,Fiber optic,Electronic check,0,Yes,No,Yes,No,Yes,No,No,No,No,Yes,1
CUST-00723,18,73.73,1332.42,Month-to-month,No,Bank transfer,0,No,Yes,Yes,Yes,No internet service,No internet service,No internet service,No internet service,No internet service,Yes,1
CUST-00724,34,43.47,1466.8,One year,No,Electronic check,0,Yes,No,No,No phone service,No internet service,No internet service,No internet service,No internet service,No internet service,Yes,0
CUST-00725,8,53.01,433.43,Two year,Fiber optic,Credit card,0,No,No,Yes,Yes,No,No,No,No,No,No,0
CUST-00726,40,104.91,4185.51,Month-to-month,DSL,Mailed check,0,No,No,Yes,No,Yes,No,No,Yes,No,Yes,1
CUST-00727,42,75.04,3141.59,Two year,Fiber optic,Mailed check,1,Yes,Yes,Yes,Yes,No,Yes,Yes,No,Yes,Yes,0
CUST-00728,41,70.5,2860.1,Month-to-month,DSL,Bank transfer,0,Yes,No,Yes,Yes,Yes,No,No,Yes,No,No,0
CUST-00729,6,28.16,187.49,Month-to-month,Fiber optic,Mailed check,0,Yes,Yes,Yes,Yes,No,Yes,Yes,No,Yes,Yes,1
CUST-00730,52,19.63,1013.04,Month-to-month,Fiber optic,Mailed check,0,No,No,Yes,No,No,No,Yes,No,Yes,No,0
CUST-00731,26,116.3,3027.44,Month-to-month,Fiber optic,Electronic check,0,No,No,Yes,No,No,No,Yes,Yes,No,Yes,1
CUST-00732,64,56.45,3592.08,Month-to-month,No,Bank transfer,0,Yes,No,Yes,No,No internet service,No internet service,No internet service,No internet service,No internet service,Yes,0
CUST-00733,59,79.53,4700.99,Month-to-month,Fiber optic,Credit card,0,No,No,Yes,No,Yes,Yes,No,No,No,Yes,0
CUST-00734,56,26.13,1448.04,Month-to-month,Fiber optic,Bank transfer,0,Yes,No,Yes,Yes,No,Yes,Yes,Yes,No,No,0
CUST-00735,59,87.68,5170.29,Month-to-month,DSL,Mailed check,0,Yes,Yes,Yes,No,Yes,Yes,No,Yes,Yes,Yes,0
CUST-00736,70,113.12,7935.96,Month-to-month,No,Electronic check,0,Yes,No,Yes,Yes,No internet service,No internet service,No internet service,No internet service,No internet service,No,0
CUST-00737,33,76.72,2547.58,Month-to-month,DSL,Credit card,0,No,No,Yes,Yes,No,No,Yes,No,Yes,No,0
CUST-00738,53,30.86,1635.14,Two year,No,Credit card,0,No,Yes,Yes,No,No internet service,No internet service,No internet service,No internet service,No internet service,No,0
CUST-00739,22,77.34,1666.12,Month-to-month,DSL,Mailed check,0,No,No,Yes,Yes,No,No,No,No,Yes,Yes,1
CUST-00740,21,96.17,2079.43,One year,DSL,Bank transfer,1,Yes,Yes,Yes,Yes,No,No,Yes,Yes,No,Yes,0
CUST-00741,70,59.45,4196.42,One year,No,Mailed check,0,No,Yes,Yes,Yes,No internet service,No internet service,No internet service,No internet service,No internet service,Yes,0
CUST-00742,70,107.74,7556.25,Month-to-month,DSL,Mailed check,0,Yes,No,Yes,Yes,Yes,No,Yes,Yes,No,Yes,0
CUST-00743,4,84.17,321.62,Month-to-month,No,Credit card,1,Yes,No,Yes,Yes,No internet service,No internet service,No internet service,No internet service,No internet service,No,1
CUST-00744,62,109.72,6800.37,Month-to-month,DSL,Electronic check,0,Yes,No,Yes,No,Yes,Yes,No,Yes,Yes,Yes,0
CUST-00745,62,81.6,5048.33,One year,No,Mailed check,0,Yes,No,Yes,No,No internet service,No internet service,No internet service,No internet service,No internet service,Yes,0
CUST-00746,24,31.39,778.64,Month-to-month,Fiber optic,Electronic check,0,No,Yes,Yes,No,No,No,Yes,Yes,Yes,No,1
CUST-00747,55,49.59,2732.7,Month-to-month,Fiber optic,Electronic check,1,No,Yes,No,No phone service,Yes,No,No,Yes,No,Yes,0
CUST-00748,9,38.58,331.54,Month-to-month,Fiber optic,Bank transfer,0,No,No,Yes,Yes,No,Yes,No,Yes,No,Yes,1
CUST-00749,3,110.7,322.68,Two year,DSL,Electronic check,0,Yes,No,Yes,No,Yes,No,No,Yes,No,No,0
CUST-00750,31,95.56,2984.78,Month-to-month,No,Bank transfer,0,Yes,Yes,Yes,Yes,No internet service,No internet service,No internet service,No internet service,No internet service,Yes,0
CUST-00751,40,86.99,3511.6,One year,DSL,Electronic check,0,Yes,No,Yes,No,No,No,Yes,Yes,Yes,No,1
CUST-00752,36,48.7,1783.77,Month-to-month,Fiber optic,Bank transfer,0,Yes,No,Yes,Yes,Yes,No,Yes,No,Yes,Yes,0
CUST-00753,24,36.77,897.62,Two year,Fiber optic,Electronic check,0,No,Yes,Yes,Yes,No,No,Yes,No,Yes,No,0
CUST-00754,6,95.16,565.91,Month-to-month,Fiber optic,Bank transfer,0,Yes,No,Yes,No,No,No,Yes,No,Yes,Yes,0
CUST-00755,66,66.36,4314.93,Month-to-month,DSL,Bank transfer,0,No,No,Yes,Yes,Yes,Yes,No,No,No,No,0
CUST-00756,4,41.03,170.06,Two year,DSL,Credit card,0,Yes,Yes,No,No phone service,Yes,Yes,Yes,No,Yes,Yes,0
CUST-00757,6,80.9,485.36,One year,DSL,Credit card,0,Yes,No,Yes,No,Yes,No,Yes,No,No,Yes,1
CUST-00758,51,22.11,1130.41,Month-to-month,No,Electronic check,0,Yes,No,Yes,No,No internet service,No internet service,No internet service,No internet service,No internet service,Yes,1
CUST-00759,62,51.27,3179.82,Month-to-month,DSL,Electronic check,0,No,No,Yes,No,Yes,No,Yes,Yes,Yes,Yes,1
CUST-00760,57,65.79,3723.5,One year,No,Bank transfer,0,Yes,No,Yes,No,No internet service,No internet service,No internet service,No internet service,No internet service,No,0
CUST-00761,66,33.09,2195.09,Two year,DSL,Bank transfer,0,No,No,Yes,No,Yes,No,No,No,Yes,No,0
CUST-00762,8,118.43,960.08,Month-to-month,DSL,Electronic check,0,Yes,Yes,No,No phone service,Yes,Yes,Yes,No,Yes,Yes,0
CUST-00763,26,39.33,1036.23,One year,Fiber optic,Electronic check,0,Yes,No,Yes,Yes,Yes,No,No,Yes,Yes,Yes,0
CUST-00764,51,31.3,1615.23,One year,DSL,Bank transfer,0,No,No,Yes,Yes,Yes,Yes,No,No,No,No,0
CUST-00765,45,38.76,1756.28,Month-to-month,Fiber optic,Credit card,1,Yes,Yes,Yes,No,No,No,No,No,Yes,No,0
CUST-00766,44,96.44,4235.16,One year,No,Credit card,0,Yes,Yes,Yes,Yes,No internet service,No internet service,No internet service,No internet service,No internet service,Yes,0
CUST-00767,5,61.4,305.58,Month-to-month,DSL,Electronic check,0,No,No,Yes,Yes,Yes,No,Yes,No,Yes,No,1
CUST-00768,70,75.67,5298.72,Two year,No,Mailed check,0,Yes,No,Yes,No,No internet service,No internet service,No internet service,No internet service,No internet service,No,0
CUST-00769,26,20.14,525.79,One year,Fiber optic,Electronic check,0,No,Yes,Yes,Yes,Yes,No,No,Yes,No,Yes,0
CUST-00770,68,21.51,1482.64,One year,DSL,Mailed check,0,Yes,No,Yes,Yes,Yes,No,No,Yes,Yes,Yes,0
CUST-00771,19,63.47,1218.8,Month-to-month,DSL,Bank transfer,0,Yes,Yes,Yes,Yes,Yes,No,Yes,Yes,No,No,1
CUST-00772,20,101.3,2067.55,Month-to-month,No,Bank transfer,1,Yes,Yes,Yes,No,No internet service,No internet service,No internet service,No internet service,No internet service,Yes,0
CUST-00773,12,108.29,1343.61,Month-to-month,DSL,Mailed check,1,No,No,Yes,Yes,Yes,No,Yes,No,Yes,No,1
CUST-00774,47,26.84,1263.07,One year,No,Electronic check,0,No,No,No,No phone service,No internet service,No internet service,No internet service,No internet service,No internet service,Yes,0
CUST-00775,1,72.91,0.0,One year,Fiber optic,Mailed check,0,No,No,Yes,No,Yes,Yes,No,No,No,Yes,1
CUST-00776,14,111.15,1580.84,Month-to-month,DSL,Credit card,0,No,No,Yes,Yes,Yes,No,Yes,Yes,Yes,Yes,1
CUST-00777,64,57.57,3673.67,One year,Fiber optic,Electronic check,0,Yes,Yes,Yes,Yes,No,No,No,Yes,No,Yes,0
CUST-00778,38,102.62,3883.53,Two year,No,Electronic check,0,Yes,No,Yes,No,No internet service,No internet service,No internet service,No internet service,No internet service,No,0
CUST-00779,37,31.64,1162.71,Month-to-month,Fiber optic,Bank transfer,0,Yes,Yes,Yes,No,Yes,No,Yes,Yes,No,No,1
CUST-00780,11,113.41,1238.58,Month-to-month,Fiber optic,Bank transfer,0,No,No,Yes,No,Yes,Yes,No,No,No,No,1
CUST-00781,3,94.65,296.2,One year,No,Credit card,0,No,No,Yes,Yes,No internet service,No internet service,No internet service,No internet service,No internet service,Yes,0
CUST-00782,33,114.02,3731.47,Month-to-month,DSL,Mailed check,1,Yes,Yes,No,No phone service,No,No,No,Yes,No,Yes,1
CUST-00783,6,87.01,500.51,One year,No,Mailed check,0,Yes,Yes,No,No phone service,No internet service,No internet service,No internet service,No internet service,No internet service,Yes,0
CUST-00784,50,55.07,2760.36,Month-to-month,No,Mailed check,0,No,No,Yes,No,No internet service,No internet service,No internet service,No internet service,No internet service,No,0
CUST-00785,10,113.69,1149.36,Two year,Fiber optic,Credit card,0,No,No,Yes,No,No,No,No,No,Yes,No,1
CUST-00786,5,46.11,243.38,Month-to-month,No,Bank transfer,1,No,Yes,Yes,No,No internet service,No internet service,No internet service,No internet service,No internet service,No,1
CUST-00787,23,51.88,1177.5,Month-to-month,Fiber optic,Credit card,1,Yes,No,Yes,Yes,No,Yes,Yes,No,Yes,No,1
CUST-00788,10,89.48,875.23,Month-to-month,Fiber optic,Electronic check,0,No,No,Yes,Yes,No,Yes,No,Yes,No,Yes,1
CUST-00789,44,96.06,4216.51,Month-to-month,Fiber optic,Credit card,1,No,No,Yes,Yes,Yes,Yes,Yes,Yes,Yes,Yes,1
CUST-00790,2,112.8,230.4,Month-to-month,Fiber optic,Mailed check,0,Yes,No,No,No phone service,Yes,Yes,Yes,Yes,Yes,Yes,1
CUST-00791,13,38.89,535.28,Month-to-month,Fiber optic,Electronic check,0,No,No,Yes,No,No,Yes,Yes,No,No,Yes,0
CUST-00792,40,99.4,3935.05,Two year,DSL,Electronic check,0,Yes,No,Yes,Yes,Yes,No,No,No,No,Yes,0
CUST-00793,2,93.33,182.25,Two year,Fiber optic,Bank transfer,0,Yes,Yes,Yes,Yes,Yes,No,Yes,No,No,No,0
CUST-00794,65,24.51,1566.5,Month-to-month,DSL,Mailed check,0,No,No,Yes,Yes,No,No,Yes,Yes,Yes,Yes,0
CUST-00795,63,57.5,3589.46,One year,DSL,Credit card,0,No,No,Yes,No,No,No,Yes,Yes,No,Yes,0
CUST-00796,17,46.84,815.62,Month-to-month,DSL,Bank transfer,0,Yes,No,Yes,No,Yes,No,Yes,No,No,Yes,0
CUST-00797,9,49.06,452.43,Two year,No,Electronic check,0,Yes,No,No,No phone service,No internet service,No internet service,No internet service,No internet service,No internet service,Yes,0
CUST-00798,15,118.26,1782.89,One year,Fiber optic,Bank transfer,0,No,No,Yes,Yes,No,Yes,Yes,Yes,Yes,No,1
CUST-00799,24,83.56,2023.86,Month-to-month,Fiber optic,Electronic check,0,Yes,Yes,No,No phone service,Yes,Yes,Yes,No,No,No,0
CUST-00800,38,91.2,3456.01,One year,DSL,Mailed check,0,Yes,No,Yes,No,No,No,No,No,No,Yes,1
CUST-00801,35,117.61,4107.7,One year,Fiber optic,Bank transfer,0,Yes,No,Yes,No,No,Yes,Yes,Yes,No,Yes,0
CUST-00802,49,56.47,2810.74,Month-to-month,DSL,Credit card,0,No,No,Yes,Yes,No,Yes,Yes,No,No,Yes,0
CUST-00803,69,99.79,6880.58,Two year,DSL,Mailed check,1,Yes,No,No,No phone service,Yes,No,Yes,No,Yes,No,0
CUST-00804,62,62.32,3878.54,Two year,Fiber optic,Credit card,0,No,No,Yes,No,Yes,Yes,No,No,No,No,0
CUST-00805,60,106.69,6401.53,Month-to-month,Fiber optic,Bank transfer,0,Yes,No,Yes,Yes,No,No,No,No,No,Yes,1
CUST-00806,50,36.43,1784.53,One year,DSL,Mailed check,0,No,No,Yes,Yes,No,Yes,Yes,No,Yes,Yes,0
CUST-00807,9,114.66,991.05,Two year,Fiber optic,Mailed check,1,No,No,Yes,No,Yes,No,Yes,Yes,Yes,Yes,0
CUST-00808,34,40.31,1358.96,Month-to-month,No,Bank transfer,0,No,No,Yes,No,No internet service,No internet service,No internet service,No internet service,No internet service,No,0
CUST-00809,35,51.27,1815.57,Month-to-month,DSL,Electronic check,1,Yes,No,Yes,Yes,Yes,No,Yes,No,No,Yes,1
CUST-00810,1,95.13,110.9,Month-to-month,DSL,Credit card,0,Yes,No,Yes,No,Yes,No,Yes,No,No,No,0
CUST-00811,40,58.16,2344.68,Two year,Fiber optic,Bank transfer,1,No,Yes,Yes,Yes,Yes,Yes,Yes,Yes,Yes,Yes,0
CUST-00812,64,80.04,5102.82,One year,DSL,Electronic check,0,No,No,Yes,Yes,Yes,No,Yes,Yes,Yes,Yes,1
CUST-00813,22,63.35,1426.02,Month-to-month,No,Credit card,1,Yes,No,Yes,No,No internet service,No internet service,No internet service,No internet service,No internet service,Yes,1
CUST-00814,60,93.72,5603.9,Two year,Fiber optic,Electronic check,0,Yes,No,Yes,Yes,Yes,Yes,No,No,Yes,No,0
CUST-00815,64,41.29,2646.82,One year,Fiber optic,Credit card,1,Yes,No,No,No phone service,Yes,Yes,Yes,Yes,No,No,0
CUST-00816,72,23.96,1724.91,Two year,Fiber optic,Electronic check,0,Yes,Yes,Yes,No,Yes,Yes,Yes,No,No,Yes,1
CUST-00817,11,48.59,531.01,Month-to-month,Fiber optic,Bank transfer,0,Yes,Yes,Yes,No,Yes,Yes,No,No,No,Yes,0
CUST-00818,14,66.38,956.09,Month-to-month,DSL,Mailed check,0,No,No,Yes,No,No,Yes,No,Yes,Yes,Yes,1
CUST-00819,60,35.14,2094.3,One year,No,Bank transfer,0,Yes,No,Yes,No,No internet service,No internet service,No internet service,No internet service,No internet service,No,0
CUST-00820,30,54.19,1598.71,Month-to-month,Fiber optic,Electronic check,0,No,No,Yes,Yes,Yes,No,Yes,Yes,Yes,No,0
CUST-00821,35,58.8,2058.4,One year,DSL,Electronic check,0,No,No,No,No phone service,No,Yes,No,Yes,Yes,No,1
CUST-00822,37,23.85,874.45,Two year,Fiber optic,Electronic check,0,Yes,No,Yes,Yes,No,Yes,No,No,Yes,Yes,0
CUST-00823,5,77.5,455.05,Month-to-month,DSL,Credit card,1,No,No,Yes,Yes,Yes,Yes,No,Yes,No,No,0
CUST-00824,26,108.2,2826.73,Two year,DSL,Electronic check,0,Yes,Yes,Yes,Yes,Yes,No,Yes,No,Yes,Yes,0
CUST-00825,62,33.48,2067.57,Month-to-month,Fiber optic,Bank transfer,0,No,No,No,No phone service,Yes,Yes,Yes,Yes,No,Yes,0
CUST-00826,4,78.98,294.8,Month-to-month,Fiber optic,Credit card,1,Yes,No,Yes,No,No,No,Yes,No,Yes,Yes,1
CUST-00827,42,85.8,3565.99,Month-to-month,Fiber optic,Credit card,0,No,No,Yes,No,Yes,Yes,Yes,Yes,No,Yes,0
CUST-00828,18,60.77,1073.36,Month-to-month,DSL,Electronic check,0,Yes,Yes,No,No phone service,Yes,No,Yes,Yes,Yes,No,0
CUST-00829,40,89.51,3582.7,Month-to-month,Fiber optic,Credit card,1,Yes,Yes,Yes,No,No,Yes,Yes,No,Yes,Yes,1
CUST-00830,72,59.89,4340.63,Two year,DSL,Electronic check,0,Yes,Yes,Yes,Yes,No,Yes,Yes,Yes,Yes,Yes,0
CUST-00831,39,69.47,2731.76,One year,Fiber optic,Bank transfer,0,Yes,No,Yes,No,No,No,Yes,No,Yes,No,0
CUST-00832,14,18.75,267.08,Month-to-month,Fiber optic,Bank transfer,1,Yes,No,Yes,No,Yes,Yes,Yes,Yes,No,No,0
CUST-00833,32,88.56,2827.46,One year,Fiber optic,Electronic check,1,No,No,Yes,No,No,Yes,Yes,No,Yes,Yes,0
CUST-00834,51,85.46,4363.84,Month-to-month,No,Electronic check,0,Yes,No,Yes,No,No internet service,No internet service,No internet service,No internet service,No internet service,Yes,0
CUST-00835,38,21.92,822.59,Month-to-month,No,Mailed check,0,No,No,Yes,No,No internet service,No internet service,No internet service,No internet service,No internet service,No,0
CUST-00836,23,55.56,1312.25,One year,No,Mailed check,0,Yes,No,Yes,Yes,No internet service,No internet service,No internet service,No internet service,No internet service,Yes,0
CUST-00837,63,117.86,7421.4,One year,No,Credit card,0,No,No,Yes,Yes,No internet service,No internet service,No internet service,No internet service,No internet service,Yes,0
CUST-00838,15,60.92,912.07,One year,Fiber optic,Mailed check,0,No,No,Yes,Yes,No,Yes,Yes,Yes,Yes,Yes,0
CUST-00839,25,69.2,1685.68,Month-to-month,No,Credit card,0,No,No,Yes,Yes,No internet service,No internet service,No internet service,No internet service,No internet service,Yes,1
CUST-00840,17,110.81,1879.86,One year,No,Mailed check,0,Yes,No,Yes,Yes,No internet service,No internet service,No internet service,No internet service,No internet service,Yes,0
CUST-00841,66,91.16,6033.29,One year,Fiber optic,Credit card,0,Yes,Yes,Yes,Yes,Yes,No,No,Yes,No,No,0
CUST-00842,53,77.37,4079.26,Two year,DSL,Bank transfer,0,Yes,No,Yes,No,Yes,Yes,No,No,No,No,0
CUST-00843,51,99.38,5053.37,Month-to-month,DSL,Credit card,1,No,No,Yes,No,Yes,No,Yes,Yes,Yes,No,0
CUST-00844,39,106.17,4156.48,One year,No,Electronic check,1,No,No,Yes,No,No internet service,No internet service,No internet service,No internet service,No internet service,No,1
CUST-00845,51,64.6,3265.07,One year,Fiber optic,Bank transfer,0,No,No,Yes,Yes,Yes,No,Yes,No,No,No,1
CUST-00846,70,66.46,4673.36,Two year,No,Electronic check,0,Yes,No,Yes,Yes,No internet service,No internet service,No internet service,No internet service,No internet service,No,0
CUST-00847,6,57.38,333.64,Month-to-month,DSL,Electronic check,0,No,No,Yes,Yes,No,Yes,No,No,Yes,No,0
CUST-00848,67,116.6,7804.43,Month-to-month,Fiber optic,Bank transfer,0,No,No,Yes,No,Yes,No,No,Yes,Yes,Yes,0
CUST-00849,7,89.11,601.29,Month-to-month,Fiber optic,Bank transfer,0,Yes,Yes,Yes,No,No,No,No,No,Yes,Yes,1
CUST-00850,51,26.49,1358.55,Month-to-month,No,Electronic check,0,Yes,Yes,Yes,No,No internet service,No internet service,No internet service,No internet service,No internet service,No,1
CUST-00851,72,106.02,7682.64,Month-to-month,DSL,Mailed check,0,No,No,Yes,No,Yes,No,Yes,No,No,Yes,0
CUST-00852,42,67.02,2830.47,Month-to-month,No,Mailed check,0,Yes,Yes,Yes,No,No internet service,No internet service,No internet service,No internet service,No internet service,No,0
CUST-00853,64,25.01,1583.35,One year,No,Electronic check,0,No,No,Yes,No,No internet service,No internet service,No internet service,No internet service,No internet service,No,0
CUST-00854,15,74.07,1133.76,Month-to-month,DSL,Mailed check,0,No,Yes,Yes,Yes,No,No,Yes,No,No,Yes,0
CUST-00855,29,60.55,1749.62,Month-to-month,Fiber optic,Bank transfer,0,No,No,Yes,Yes,Yes,Yes,No,Yes,Yes,No,0
CUST-00856,33,107.53,3575.98,Month-to-month,DSL,Electronic check,0,No,No,Yes,No,Yes,No,No,Yes,Yes,Yes,1
CUST-00857,27,38.81,1064.0,Month-to-month,DSL,Bank transfer,0,No,No,Yes,No,No,Yes,Yes,No,Yes,No,1
CUST-00858,36,102.3,3623.94,Two year,Fiber optic,Bank transfer,0,Yes,No,Yes,Yes,Yes,No,Yes,No,Yes,Yes,0
CUST-00859,29,74.88,2151.44,One year,DSL,Credit card,0,Yes,No,Yes,No,Yes,Yes,No,No,No,No,0
CUST-00860,38,23.57,914.55,Two year,DSL,Electronic check,1,No,Yes,Yes,Yes,No,No,No,No,No,Yes,0
CUST-00861,57,117.13,6679.44,Month-to-month,No,Credit card,0,No,No,Yes,No,No internet service,No internet service,No internet service,No internet service,No internet service,No,1
CUST-00862,27,70.29,1877.35,Two year,Fiber optic,Electronic check,0,No,Yes,Yes,No,No,Yes,No,Yes,No,Yes,0
CUST-00863,55,47.67,2609.18,Month-to-month,Fiber optic,Mailed check,1,Yes,No,Yes,No,Yes,Yes,No,No,No,No,0
CUST-00864,33,65.88,2135.92,One year,DSL,Electronic check,0,Yes,Yes,Yes,No,No,No,No,No,Yes,No,0
CUST-00865,68,105.5,7172.23,Month-to-month,No,Credit card,0,Yes,Yes,Yes,Yes,No internet service,No internet service,No internet service,No internet service,No internet service,No,0
CUST-00866,66,49.1,3284.81,One year,No,Bank transfer,0,Yes,Yes,No,No phone service,No internet service,No internet service,No internet service,No internet service,No internet service,Yes,0
CUST-00867,10,37.65,392.6,One year,Fiber optic,Electronic check,0,No,No,Yes,No,Yes,No,No,No,No,No,1
CUST-00868,5,31.17,199.66,Month-to-month,No,Electronic check,0,No,No,Yes,Yes,No internet service,No internet service,No internet service,No internet service,No internet service,No,0
CUST-00869,38,48.38,1856.09,Month-to-month,No,Electronic check,0,Yes,No,Yes,No,No internet service,No internet service,No internet service,No internet service,No internet service,Yes,1
CUST-00870,13,97.56,1288.83,One year,Fiber optic,Electronic check,1,No,No,Yes,Yes,No,Yes,Yes,Yes,No,Yes,1
CUST-00871,31,66.11,2088.89,Month-to-month,Fiber optic,Bank transfer,0,No,Yes,Yes,Yes,Yes,No,No,Yes,Yes,Yes,0
CUST-00872,47,41.2,1943.95,Month-to-month,DSL,Bank transfer,1,No,No,Yes,No,Yes,Yes,Yes,Yes,No,No,1
CUST-00873,52,34.95,1813.66,Month-to-month,DSL,Credit card,1,No,No,Yes,Yes,No,Yes,Yes,Yes,Yes,No,1
CUST-00874,56,51.94,2929.29,Month-to-month,DSL,Credit card,1,Yes,Yes,Yes,No,No,Yes,No,No,No,No,1
CUST-00875,15,113.87,1737.13,Two year,DSL,Bank transfer,0,No,Yes,Yes,Yes,Yes,No,No,No,Yes,No,0
CUST-00876,29,52.99,1527.11,Month-to-month,DSL,Electronic check,0,Yes,No,Yes,No,No,Yes,Yes,Yes,No,Yes,1
CUST-00877,8,118.79,935.89,Month-to-month,No,Mailed check,0,No,No,Yes,Yes,No internet service,No internet service,No internet service,No internet service,No internet service,No,1
CUST-00878,5,67.49,340.23,Two year,DSL,Mailed check,0,No,No,Yes,No,No,No,Yes,No,Yes,No,0
CUST-00879,29,36.27,1068.46,One year,No,Mailed check,1,No,No,Yes,Yes,No internet service,No internet service,No internet service,No internet service,No internet service,No,0
CUST-00880,47,108.9,5134.26,Month-to-month,Fiber optic,Bank transfer,0,No,No,Yes,No,No,Yes,No,Yes,No,Yes,1
CUST-00881,68,64.96,4388.8,Two year,DSL,Credit card,0,No,No,Yes,No,Yes,No,No,No,No,Yes,0
CUST-00882,45,90.39,4105.78,Month-to-month,Fiber optic,Credit card,1,Yes,No,Yes,Yes,Yes,Yes,Yes,Yes,Yes,Yes,1
CUST-00883,2,118.34,223.86,Month-to-month,DSL,Electronic check,0,Yes,No,Yes,Yes,Yes,No,No,Yes,No,Yes,1
CUST-00884,27,23.12,618.94,Two year,No,Electronic check,0,Yes,Yes,Yes,Yes,No internet service,No internet service,No internet service,No internet service,No internet service,Yes,0
CUST-00885,36,27.86,984.91,Two year,No,Credit card,0,Yes,Yes,Yes,No,No internet service,No internet service,No internet service,No internet service,No internet service,Yes,0
CUST-00886,36,91.49,3347.61,Month-to-month,DSL,Credit card,0,Yes,Yes,Yes,No,Yes,Yes,No,No,No,Yes,1
CUST-00887,26,46.75,1220.34,Month-to-month,No,Electronic check,0,No,No,Yes,Yes,No internet service,No internet service,No internet service,No internet service,No internet service,No,1
CUST-00888,43,36.8,1565.38,Month-to-month,Fiber optic,Bank transfer,0,Yes,Yes,Yes,Yes,Yes,No,Yes,No,No,No,0
CUST-00889,27,22.01,611.55,Month-to-month,DSL,Bank transfer,1,Yes,No,Yes,Yes,No,No,No,Yes,No,Yes,0
CUST-00890,69,20.23,1411.25,Month-to-month,Fiber optic,Mailed check,0,No,No,Yes,No,No,No,No,Yes,Yes,No,0
CUST-00891,20,97.0,1936.25,Month-to-month,Fiber optic,Electronic check,0,No,No,Yes,Yes,Yes,No,Yes,No,No,No,0
CUST-00892,11,31.71,365.62,Two year,DSL,Credit card,0,No,No,Yes,No,No,No,No,Yes,Yes,Yes,1
CUST-00893,38,65.71,2480.47,Two year,Fiber optic,Bank transfer,0,Yes,No,Yes,No,No,Yes,No,No,No,Yes,0
CUST-00894,6,79.8,468.94,Month-to-month,DSL,Electronic check,0,No,No,Yes,No,No,Yes,Yes,No,No,Yes,1
CUST-00895,72,61.69,4401.48,One year,Fiber optic,Bank transfer,0,Yes,No,Yes,No,No,Yes,Yes,No,No,Yes,0
CUST-00896,23,20.76,451.0,Month-to-month,DSL,Bank transfer,0,No,No,Yes,No,No,Yes,No,Yes,No,No,0
CUST-00897,47,97.92,4638.39,Month-to-month,No,Credit card,0,No,No,Yes,No,No internet service,No internet service,No internet service,No internet service,No internet service,Yes,1
CUST-00898,46,19.07,910.05,Month-to-month,Fiber optic,Electronic check,0,Yes,No,Yes,No,No,Yes,No,Yes,Yes,No,0
CUST-00899,12,95.71,1149.84,One year,DSL,Credit card,0,Yes,No,Yes,No,No,Yes,Yes,No,No,Yes,1
CUST-00900,13,109.12,1451.82,Month-to-month,DSL,Electronic check,0,No,No,Yes,No,No,No,No,No,No,Yes,0
CUST-00901,62,62.15,3850.1,Two year,DSL,Bank transfer,0,No,No,Yes,Yes,Yes,Yes,No,No,Yes,Yes,0
CUST-00902,60,72.63,4352.93,One year,Fiber optic,Bank transfer,0,No,No,Yes,Yes,No,No,Yes,No,No,Yes,0
CUST-00903,43,66.65,2867.08,Month-to-month,DSL,Mailed check,1,Yes,No,Yes,No,No,No,No,No,Yes,No,1
CUST-00904,68,57.7,3921.1,Month-to-month,No,Mailed check,0,Yes,No,Yes,Yes,No internet service,No internet service,No internet service,No internet service,No internet service,No,0
CUST-00905,5,108.52,538.3,One year,No,Credit card,0,Yes,Yes,Yes,Yes,No internet service,No internet service,No internet service,No internet service,No internet service,Yes,0
CUST-00906,37,109.18,4062.53,Two year,Fiber optic,Bank transfer,1,No,No,Yes,Yes,Yes,No,No,Yes,Yes,Yes,1
CUST-00907,72,52.25,3765.0,One year,DSL,Mailed check,0,No,No,No,No phone service,Yes,No,Yes,No,No,No,0
CUST-00908,31,80.74,2517.19,Month-to-month,Fiber optic,Electronic check,1,Yes,No,No,No phone service,Yes,No,Yes,No,Yes,Yes,0
CUST-00909,9,112.54,1033.49,One year,Fiber optic,Electronic check,0,Yes,No,Yes,Yes,Yes,Yes,Yes,No,No,No,1
CUST-00910,51,116.13,5930.39,Month-to-month,Fiber optic,Electronic check,1,No,No,Yes,No,No,Yes,Yes,No,No,Yes,1
CUST-00911,29,69.91,2007.98,Two year,Fiber optic,Credit card,0,Yes,No,Yes,No,Yes,No,Yes,No,Yes,No,0
CUST-00912,40,64.19,2540.54,One year,Fiber optic,Bank transfer,0,No,No,Yes,No,Yes,No,No,No,Yes,Yes,1
CUST-00913,41,46.43,1906.61,One year,Fiber optic,Credit card,1,No,Yes,Yes,No,Yes,No,Yes,No,Yes,No,0
CUST-00914,11,115.8,1270.37,Month-to-month,No,Electronic check,1,Yes,Yes,Yes,Yes,No internet service,No internet service,No internet service,No internet service,No internet service,Yes,1
CUST-00915,23,32.57,750.86,One year,DSL,Bank transfer,0,Yes,No,Yes,Yes,Yes,Yes,No,Yes,No,Yes,0
CUST-00916,1,77.14,76.82,Month-to-month,Fiber optic,Electronic check,1,No,No,Yes,Yes,No,No,Yes,No,No,Yes,1
CUST-00917,46,46.82,2205.39,Month-to-month,Fiber optic,Bank transfer,0,Yes,Yes,Yes,Yes,No,No,No,Yes,Yes,No,1
CUST-00918,21,46.46,949.06,Month-to-month,DSL,Mailed check,0,No,No,Yes,No,No,No,Yes,Yes,Yes,Yes,0
CUST-00919,36,59.31,2095.36,Two year,Fiber optic,Electronic check,0,Yes,Yes,Yes,No,Yes,Yes,No,Yes,No,No,1
CUST-00920,54,119.88,6480.17,One year,No,Mailed check,0,Yes,No,Yes,No,No internet service,No internet service,No internet service,No internet service,No internet service,Yes,0
CUST-00921,57,23.61,1338.24,Month-to-month,Fiber optic,Electronic check,0,No,Yes,Yes,No,Yes,Yes,No,No,Yes,Yes,1
CUST-00922,1,77.01,83.33,Two year,DSL,Bank transfer,0,Yes,Yes,Yes,No,Yes,Yes,No,No,No,No,1
CUST-00923,63,26.42,1676.14,Month-to-month,DSL,Bank transfer,0,Yes,Yes,Yes,No,No,No,Yes,Yes,Yes,No,0
CUST-00924,54,33.76,1848.72,Month-to-month,DSL,Bank transfer,0,Yes,No,Yes,No,Yes,No,Yes,No,No,No,0
CUST-00925,55,62.84,3426.06,Month-to-month,DSL,Credit card,0,No,No,No,No phone service,Yes,Yes,Yes,Yes,No,Yes,0
CUST-00926,40,70.07,2791.67,One year,No,Mailed check,0,No,No,Yes,No,No internet service,No internet service,No internet service,No internet service,No internet service,No,0
CUST-00927,15,44.4,674.58,Month-to-month,Fiber optic,Mailed check,0,Yes,Yes,Yes,No,No,No,No,Yes,No,Yes,1
CUST-00928,21,50.28,1071.29,Month-to-month,DSL,Credit card,1,No,No,Yes,Yes,No,Yes,Yes,Yes,No,Yes,0
CUST-00929,47,26.87,1306.76,One year,No,Bank transfer,0,Yes,Yes,Yes,Yes,No internet service,No internet service,No internet service,No internet service,No internet service,Yes,0
CUST-00930,53,48.93,2612.4,Month-to-month,Fiber optic,Electronic check,0,Yes,Yes,No,No phone service,No,Yes,Yes,No,No,Yes,0
CUST-00931,9,116.59,1048.17,One year,DSL,Credit card,0,No,No,Yes,No,Yes,Yes,No,Yes,Yes,Yes,0
CUST-00932,52,114.36,5928.91,Month-to-month,Fiber optic,Electronic check,0,No,No,Yes,No,No,No,Yes,No,No,Yes,0
CUST-00933,57,52.16,2961.83,One year,DSL,Electronic check,0,Yes,No,Yes,Yes,No,No,Yes,Yes,No,No,0
CUST-00934,26,76.23,1970.13,One year,No,Electronic check,0,Yes,No,Yes,No,No internet service,No internet service,No internet service,No internet service,No internet service,No,0
CUST-00935,41,110.78,4555.08,One year,Fiber optic,Electronic check,0,Yes,Yes,Yes,Yes,Yes,Yes,Yes,Yes,Yes,Yes,0
CUST-00936,35,18.63,657.19,Month-to-month,No,Electronic check,1,No,No,Yes,No,No internet service,No internet service,No internet service,No internet service,No internet service,No,0
CUST-00937,63,100.69,6317.0,One year,DSL,Electronic check,0,Yes,Yes,Yes,Yes,No,Yes,Yes,No,No,Yes,0
CUST-00938,25,114.73,2859.53,Month-to-month,No,Mailed check,0,Yes,Yes,Yes,No,No internet service,No internet service,No internet service,No internet service,No internet service,Yes,0
CUST-00939,38,27.32,1055.71,Two year,DSL,Electronic check,0,Yes,Yes,Yes,Yes,Yes,Yes,No,Yes,No,Yes,0
CUST-00940,2,34.47,75.97,Month-to-month,No,Electronic check,0,Yes,No,Yes,No,No internet service,No internet service,No internet service,No internet service,No internet service,Yes,1
CUST-00941,7,116.0,823.37,Month-to-month,No,Bank transfer,0,No,No,Yes,Yes,No internet service,No internet service,No internet service,No internet service,No internet service,Yes,1
CUST-00942,34,72.83,2483.88,One year,Fiber optic,Electronic check,0,Yes,Yes,Yes,No,Yes,No,No,No,No,No,0
CUST-00943,17,19.45,363.18,One year,Fiber optic,Electronic check,0,No,Yes,Yes,No,No,Yes,No,Yes,Yes,Yes,0
CUST-00944,43,44.28,1908.76,Month-to-month,Fiber optic,Mailed check,1,Yes,No,Yes,No,Yes,Yes,No,No,No,No,1
CUST-00945,59,63.89,3761.79,Two year,No,Electronic check,0,Yes,No,Yes,Yes,No internet service,No internet service,No internet service,No internet service,No internet service,No,0
CUST-00946,51,88.68,4504.36,Two year,DSL,Electronic check,0,Yes,No,Yes,Yes,No,No,No,No,No,Yes,0
CUST-00947,54,92.78,5015.11,One year,Fiber optic,Mailed check,0,Yes,Yes,Yes,Yes,No,Yes,No,Yes,No,No,0
CUST-00948,24,119.53,2819.91,Month-to-month,No,Bank transfer,0,Yes,No,Yes,Yes,No internet service,No internet service,No internet service,No internet service,No internet service,Yes,1
CUST-00949,25,47.33,1179.56,One year,Fiber optic,Bank transfer,0,No,No,Yes,No,No,Yes,No,No,Yes,Yes,1
CUST-00950,71,72.9,5171.78,Month-to-month,Fiber optic,Credit card,1,No,No,Yes,No,Yes,Yes,Yes,No,Yes,No,1
CUST-00951,52,72.4,3737.51,Month-to-month,No,Mailed check,0,Yes,Yes,No,No phone service,No internet service,No internet service,No internet service,No internet service,No internet service,Yes,0
CUST-00952,70,59.38,4138.03,Two year,DSL,Mailed check,0,Yes,No,Yes,Yes,No,No,Yes,No,Yes,Yes,0
CUST-00953,33,35.25,1179.44,Two year,Fiber optic,Electronic check,0,Yes,Yes,Yes,No,Yes,Yes,No,Yes,Yes,Yes,0
CUST-00954,49,117.7,5771.91,Two year,DSL,Bank transfer,0,No,No,Yes,Yes,Yes,No,No,Yes,No,No,0
CUST-00955,29,105.04,3048.2,Month-to-month,DSL,Electronic check,0,No,Yes,Yes,Yes,Yes,No,Yes,No,No,Yes,1
CUST-00956,63,68.83,4342.42,Month-to-month,Fiber optic,Mailed check,0,No,No,No,No phone service,Yes,Yes,Yes,Yes,No,Yes,0
CUST-00957,22,79.53,1751.51,Month-to-month,Fiber optic,Mailed check,0,No,Yes,Yes,No,No,No,No,No,No,No,0
CUST-00958,26,41.18,1095.54,Month-to-month,Fiber optic,Bank transfer,0,Yes,No,Yes,Yes,No,Yes,No,No,No,Yes,1
CUST-00959,28,73.47,2059.63,Month-to-month,Fiber optic,Credit card,0,No,No,Yes,Yes,No,No,No,Yes,Yes,Yes,0
CUST-00960,49,88.89,4326.45,Month-to-month,DSL,Credit card,0,Yes,No,Yes,Yes,Yes,No,No,No,No,Yes,0
CUST-00961,71,70.55,5041.65,One year,DSL,Electronic check,0,No,No,Yes,Yes,Yes,No,Yes,No,No,Yes,0
CUST-00962,49,119.01,5838.9,One year,Fiber optic,Electronic check,0,Yes,Yes,Yes,Yes,Yes,No,No,Yes,No,No,0
CUST-00963,20,80.36,1595.41,One year,Fiber optic,Credit card,0,Yes,Yes,Yes,No,Yes,No,Yes,No,No,Yes,1
CUST-00964,63,55.84,3492.85,Two year,Fiber optic,Mailed check,1,Yes,No,Yes,Yes,Yes,No,Yes,Yes,Yes,Yes,0
CUST-00965,61,96.76,5910.28,Month-to-month,Fiber optic,Mailed check,0,Yes,No,Yes,Yes,No,Yes,Yes,No,Yes,Yes,1
CUST-00966,49,35.39,1731.77,Month-to-month,No,Bank transfer,0,No,Yes,Yes,Yes,No internet service,No internet service,No internet service,No internet service,No internet service,Yes,0
CUST-00967,71,57.22,4094.1,One year,Fiber optic,Bank transfer,1,No,No,No,No phone service,Yes,No,Yes,No,No,No,0
CUST-00968,1,53.39,46.47,Month-to-month,DSL,Credit card,0,No,Yes,No,No phone service,Yes,No,No,Yes,Yes,No,1
CUST-00969,13,62.04,789.77,One year,No,Bank transfer,0,No,No,Yes,Yes,No internet service,No internet service,No internet service,No internet service,No internet service,No,0
CUST-00970,51,97.74,5002.66,Month-to-month,No,Mailed check,0,Yes,Yes,Yes,No,No internet service,No internet service,No internet service,No internet service,No internet service,Yes,0
CUST-00971,56,67.39,3792.35,Month-to-month,Fiber optic,Mailed check,0,No,Yes,Yes,Yes,No,No,Yes,No,Yes,Yes,0
CUST-00972,62,98.99,6140.75,One year,No,Credit card,1,No,No,Yes,Yes,No internet service,No internet service,No internet service,No internet service,No internet service,Yes,0
CUST-00973,32,76.8,2471.13,Two year,Fiber optic,Bank transfer,1,No,No,Yes,Yes,Yes,No,Yes,No,No,No,0
CUST-00974,30,52.89,1585.95,Two year,Fiber optic,Bank transfer,0,Yes,Yes,Yes,No,Yes,Yes,No,Yes,Yes,Yes,0
CUST-00975,29,100.62,2922.66,Month-to-month,DSL,Credit card,1,Yes,No,Yes,No,No,Yes,Yes,Yes,Yes,No,0
CUST-00976,49,42.31,2096.49,Month-to-month,Fiber optic,Bank transfer,0,Yes,No,Yes,Yes,No,No,Yes,Yes,Yes,Yes,1
CUST-00977,45,40.89,1852.56,Two year,DSL,Mailed check,0,No,Yes,Yes,No,No,Yes,No,No,Yes,Yes,0
CUST-00978,30,69.46,2080.41,Month-to-month,DSL,Bank transfer,0,No,No,Yes,No,Yes,Yes,Yes,No,Yes,No,1
CUST-00979,16,44.61,740.81,Month-to-month,DSL,Bank transfer,0,Yes,No,Yes,No,No,Yes,Yes,Yes,Yes,Yes,1
CUST-00980,40,18.93,709.9,Two year,DSL,Electronic check,0,No,No,Yes,Yes,Yes,Yes,Yes,Yes,Yes,Yes,0
CUST-00981,19,84.13,1639.51,One year,Fiber optic,Mailed check,0,Yes,No,Yes,No,Yes,No,No,Yes,Yes,Yes,1
CUST-00982,18,70.13,1228.22,Two year,Fiber optic,Bank transfer,1,Yes,Yes,Yes,No,Yes,No,Yes,Yes,No,Yes,0
CUST-00983,1,63.44,50.9,Month-to-month,DSL,Mailed check,0,No,Yes,Yes,No,Yes,Yes,No,No,No,No,1
CUST-00984,47,116.63,5480.79,Month-to-month,No,Bank transfer,1,Yes,No,Yes,No,No internet service,No internet service,No internet service,No internet service,No internet service,No,1
CUST-00985,66,76.26,5030.23,Two year,DSL,Mailed check,0,Yes,No,No,No phone service,Yes,No,Yes,No,Yes,No,0
CUST-00986,38,106.07,4050.79,Month-to-month,Fiber optic,Credit card,0,No,No,Yes,No,No,Yes,Yes,No,No,Yes,1
CUST-00987,51,32.22,1622.06,One year,DSL,Electronic check,1,No,Yes,Yes,Yes,Yes,No,Yes,Yes,Yes,No,0
CUST-00988,63,76.06,4797.0,Month-to-month,DSL,Electronic check,1,No,No,Yes,Yes,No,No,Yes,Yes,Yes,Yes,1
CUST-00989,4,106.53,414.56,Two year,DSL,Mailed check,0,Yes,Yes,Yes,No,No,Yes,Yes,No,No,Yes,0
CUST-00990,1,77.48,83.38,One year,Fiber optic,Mailed check,0,Yes,Yes,Yes,No,Yes,No,No,Yes,Yes,Yes,0
CUST-00991,8,91.24,728.62,Month-to-month,Fiber optic,Mailed check,0,Yes,No,Yes,Yes,Yes,No,Yes,Yes,No,Yes,1
CUST-00992,29,55.95,1624.41,Month-to-month,DSL,Electronic check,0,No,No,No,No phone service,Yes,No,No,Yes,No,No,1
CUST-00993,55,27.43,1497.65,One year,Fiber optic,Bank transfer,0,Yes,Yes,Yes,Yes,No,Yes,Yes,No,No,Yes,0
CUST-00994,3,64.71,183.93,One year,DSL,Mailed check,0,Yes,Yes,Yes,No,No,No,Yes,Yes,No,Yes,0
CUST-00995,32,58.24,1869.43,Month-to-month,No,Bank transfer,0,Yes,No,Yes,Yes,No internet service,No internet service,No internet service,No internet service,No internet service,No,0
CUST-00996,10,106.44,1083.27,Two year,Fiber optic,Bank transfer,0,No,No,Yes,Yes,Yes,No,No,Yes,No,Yes,0
CUST-00997,34,42.89,1446.29,Month-to-month,DSL,Bank transfer,0,Yes,No,Yes,No,No,No,Yes,No,Yes,Yes,0
CUST-00998,55,116.61,6396.17,Month-to-month,Fiber optic,Mailed check,1,Yes,No,Yes,No,Yes,Yes,Yes,No,Yes,No,1
CUST-00999,32,115.73,3715.63,Month-to-month,No,Mailed check,1,Yes,Yes,Yes,No,No internet service,No internet service,No internet service,No internet service,No internet service,No,1
CUST-01000,50,43.26,2162.35,Two year,Fiber optic,Mailed check,1,Yes,Yes,Yes,Yes,Yes,Yes,Yes,Yes,Yes,Yes,0
CUST-01001,7,53.5,391.11,Month-to-month,Fiber optic,Credit card,0,Yes,No,Yes,Yes,Yes,Yes,No,Yes,No,Yes,1
CUST-01002,8,109.35,856.68,Month-to-month,Fiber optic,Credit card,1,Yes,No,Yes,Yes,No,Yes,Yes,Yes,No,No,1
CUST-01003,65,116.6,7543.41,Two year,Fiber optic,Mailed check,0,No,No,Yes,Yes,No,Yes,Yes,Yes,No,Yes,0
CUST-01004,57,63.23,3593.45,Month-to-month,No,Electronic check,0,Yes,No,Yes,Yes,No internet service,No internet service,No internet service,No internet service,No internet service,No,1
CUST-01005,67,50.74,3384.25,Month-to-month,No,Electronic check,0,Yes,No,Yes,No,No internet service,No internet service,No internet service,No internet service,No internet service,Yes,0
CUST-01006,59,71.66,4226.36,Month-to-month,Fiber optic,Mailed check,0,Yes,Yes,Yes,Yes,No,Yes,Yes,No,No,Yes,0
CUST-01007,72,88.15,6334.06,One year,Fiber optic,Mailed check,0,No,No,Yes,Yes,Yes,Yes,No,Yes,Yes,No,0
CUST-01008,54,45.89,2492.88,One year,Fiber optic,Bank transfer,0,Yes,Yes,Yes,No,Yes,No,Yes,No,No,Yes,0
CUST-01009,67,93.12,6233.28,Two year,Fiber optic,Electronic check,0,No,No,Yes,No,No,Yes,No,No,No,Yes,0
CUST-01010,51,23.27,1189.78,Two year,No,Bank transfer,0,No,No,Yes,Yes,No internet service,No internet service,No internet service,No internet service,No internet service,Yes,0
CUST-01011,8,23.03,187.39,One year,Fiber optic,Credit card,0,Yes,No,Yes,Yes,No,No,Yes,Yes,Yes,Yes,0
CUST-01012,34,57.4,1955.5,One year,Fiber optic,Bank transfer,0,Yes,No,Yes,No,No,No,Yes,Yes,No,Yes,1
CUST-01013,35,54.05,1891.27,Month-to-month,DSL,Electronic check,1,No,No,Yes,No,No,No,Yes,Yes,Yes,Yes,0
CUST-01014,32,50.19,1616.29,Month-to-month,Fiber optic,Bank transfer,0,No,No,Yes,Yes,No,Yes,Yes,Yes,No,Yes,0
CUST-01015,46,68.08,3115.77,One year,No,Mailed check,0,No,No,Yes,Yes,No internet service,No internet service,No internet service,No internet service,No internet service,No,0
CUST-01016,16,50.71,839.35,Two year,Fiber optic,Credit card,0,No,Yes,Yes,No,Yes,Yes,No,No,No,No,0
CUST-01017,68,37.61,2552.75,Month-to-month,DSL,Mailed check,0,Yes,No,No,No phone service,Yes,No,No,Yes,Yes,No,0
CUST-01018,37,49.57,1807.86,Month-to-month,DSL,Mailed check,0,No,Yes,Yes,No,No,No,No,No,No,Yes,0
CUST-01019,54,117.44,6345.52,Month-to-month,Fiber optic,Bank transfer,0,Yes,Yes,Yes,Yes,Yes,Yes,No,No,Yes,Yes,1
CUST-01020,14,59.93,822.0,Month-to-month,No,Mailed check,0,No,No,No,No phone service,No internet service,No internet service,No internet service,No internet service,No internet service,Yes,0
CUST-01021,55,63.36,3498.11,Month-to-month,No,Bank transfer,0,No,No,Yes,Yes,No internet service,No internet service,No internet service,No internet service,No internet service,Yes,1
CUST-01022,48,76.81,3731.07,Month-to-month,No,Electronic check,0,Yes,Yes,Yes,No,No internet service,No internet service,No internet service,No internet service,No internet service,Yes,0
CUST-01023,7,118.3,812.37,Month-to-month,Fiber optic,Mailed check,0,Yes,No,Yes,Yes,Yes,Yes,Yes,Yes,No,No,0
CUST-01024,7,42.64,305.13,One year,Fiber optic,Electronic check,1,Yes,Yes,Yes,Yes,No,Yes,No,Yes,No,Yes,1
CUST-01025,33,87.49,2852.06,Month-to-month,Fiber optic,Electronic check,0,Yes,No,Yes,No,No,No,No,No,Yes,Yes,0
CUST-01026,23,91.03,2102.77,One year,Fiber optic,Bank transfer,0,No,No,Yes,Yes,Yes,Yes,Yes,Yes,No,Yes,0
CUST-01027,19,79.95,1501.34,Two year,Fiber optic,Electronic check,1,No,No,Yes,Yes,No,No,No,Yes,Yes,Yes,0
CUST-01028,19,27.03,501.07,Two year,Fiber optic,Electronic check,0,No,Yes,Yes,No,Yes,Yes,No,Yes,Yes,Yes,0
CUST-01029,36,87.04,3111.41,One year,Fiber optic,Bank transfer,0,Yes,Yes,Yes,No,Yes,Yes,No,No,Yes,Yes,0
CUST-01030,29,24.54,726.3,Month-to-month,DSL,Bank transfer,0,Yes,Yes,Yes,No,No,No,Yes,No,No,Yes,0
CUST-01031,60,78.81,4748.75,Two year,DSL,Electronic check,0,Yes,Yes,Yes,Yes,No,No,Yes,Yes,No,Yes,0
CUST-01032,2,93.44,187.35,One year,No,Bank transfer,0,Yes,No,Yes,Yes,No internet service,No internet service,No internet service,No internet service,No internet service,Yes,0
CUST-01033,1,39.52,22.23,Month-to-month,No,Electronic check,0,No,No,Yes,Yes,No internet service,No internet service,No internet service,No internet service,No internet service,Yes,1
CUST-01034,47,103.85,4912.74,Month-to-month,Fiber optic,Electronic check,1,No,No,Yes,Yes,No,Yes,No,Yes,Yes,Yes,1
CUST-01035,69,21.1,1440.89,Month-to-month,DSL,Mailed check,1,Yes,No,Yes,No,No,Yes,No,Yes,No,Yes,1
CUST-01036,20,104.07,2038.16,Month-to-month,No,Electronic check,0,No,No,Yes,Yes,No internet service,No internet service,No internet service,No internet service,No internet service,No,1
CUST-01037,11,64.95,723.62,Month-to-month,Fiber optic,Credit card,0,Yes,Yes,Yes,No,No,Yes,No,Yes,Yes,Yes,1
CUST-01038,2,40.19,58.28,Two year,Fiber optic,Electronic check,1,Yes,Yes,Yes,Yes,No,No,Yes,No,Yes,No,0
CUST-01039,67,31.65,2140.32,Month-to-month,Fiber optic,Bank transfer,0,Yes,No,Yes,No,No,Yes,Yes,Yes,Yes,Yes,0
CUST-01040,12,115.24,1375.26,One year,Fiber optic,Credit card,0,No,No,Yes,No,Yes,No,Yes,No,Yes,No,0
CUST-01041,20,25.41,520.27,Two year,Fiber optic,Credit card,0,No,No,No,No phone service,No,Yes,No,Yes,Yes,No,0
CUST-01042,5,38.31,219.58,One year,No,Mailed check,0,Yes,No,Yes,Yes,No internet service,No internet service,No internet service,No internet service,No internet service,No,0
CUST-01043,37,53.48,1954.58,Two year,DSL,Credit card,0,No,Yes,Yes,No,Yes,Yes,No,No,Yes,Yes,0
CUST-01044,38,81.26,3076.56,Two year,DSL,Credit card,0,No,No,Yes,No,Yes,No,No,Yes,Yes,Yes,0
CUST-01045,9,73.57,660.62,Month-to-month,DSL,Electronic check,0,Yes,No,Yes,Yes,Yes,Yes,No,Yes,No,No,1
CUST-01046,53,30.82,1664.21,Two year,DSL,Mailed check,1,No,No,Yes,No,Yes,No,No,Yes,Yes,Yes,0
CUST-01047,44,47.55,2079.03,One year,DSL,Electronic check,0,No,No,Yes,Yes,Yes,Yes,No,Yes,Yes,No,0
CUST-01048,24,42.35,1004.51,Month-to-month,DSL,Bank transfer,0,Yes,No,Yes,Yes,Yes,Yes,No,Yes,No,No,1
CUST-01049,30,39.78,1202.96,One year,DSL,Bank transfer,0,No,No,Yes,Yes,Yes,Yes,No,Yes,Yes,No,0
CUST-01050,59,59.94,3524.92,One year,DSL,Electronic check,0,Yes,No,Yes,Yes,Yes,Yes,Yes,Yes,No,Yes,0
CUST-01051,14,89.81,1260.39,Two year,DSL,Credit card,0,No,No,Yes,No,No,No,Yes,No,No,Yes,0
CUST-01052,9,40.18,330.59,Month-to-month,DSL,Electronic check,0,No,No,Yes,No,Yes,No,Yes,Yes,Yes,Yes,1
CUST-01053,40,55.4,2260.29,One year,Fiber optic,Credit card,0,Yes,Yes,Yes,No,Yes,Yes,No,No,No,No,0
CUST-01054,66,57.87,3792.47,Month-to-month,Fiber optic,Electronic check,0,Yes,No,Yes,No,No,No,Yes,Yes,No,Yes,0
CUST-01055,25,117.6,2933.56,Month-to-month,DSL,Bank transfer,0,Yes,No,Yes,No,No,No,Yes,No,Yes,Yes,1
CUST-01056,22,115.38,2537.71,Month-to-month,Fiber optic,Electronic check,1,Yes,No,Yes,No,Yes,Yes,Yes,No,No,No,0
CUST-01057,4,99.61,436.69,Month-to-month,No,Electronic check,0,Yes,Yes,Yes,Yes,No internet service,No internet service,No internet service,No internet service,No internet service,No,1
CUST-01058,26,42.65,1082.4,Two year,No,Bank transfer,0,No,No,Yes,Yes,No internet service,No internet service,No internet service,No internet service,No internet service,Yes,0
CUST-01059,58,24.94,1486.19,Month-to-month,DSL,Electronic check,0,Yes,No,No,No phone service,Yes,Yes,Yes,Yes,No,Yes,1
CUST-01060,29,50.32,1474.42,Month-to-month,No,Mailed check,0,Yes,Yes,Yes,Yes,No internet service,No internet service,No internet service,No internet service,No internet service,Yes,1
CUST-01061,37,45.21,1681.11,Month-to-month,Fiber optic,Credit card,0,No,Yes,Yes,Yes,Yes,Yes,No,No,Yes,Yes,1
CUST-01062,70,69.6,4852.31,Month-to-month,DSL,Electronic check,0,No,No,Yes,No,Yes,Yes,No,Yes,Yes,Yes,0
CUST-01063,18,97.33,1763.36,Month-to-month,DSL,Credit card,0,Yes,No,Yes,Yes,Yes,No,Yes,No,Yes,No,1
CUST-01064,42,105.55,4418.63,Month-to-month,DSL,Electronic check,0,No,No,Yes,Yes,Yes,Yes,No,No,No,No,0
CUST-01065,41,104.18,4296.71,One year,Fiber optic,Electronic check,0,No,No,Yes,Yes,Yes,Yes,Yes,Yes,Yes,No,1
CUST-01066,38,54.69,2058.8,Month-to-month,Fiber optic,Electronic check,0,Yes,No,Yes,Yes,Yes,No,No,No,Yes,Yes,1
CUST-01067,34,88.1,2993.14,Month-to-month,Fiber optic,Credit card,0,Yes,No,Yes,Yes,Yes,No,No,No,No,No,1
CUST-01068,17,49.91,837.36,Month-to-month,DSL,Electronic check,0,No,No,Yes,Yes,No,Yes,Yes,No,Yes,Yes,0
CUST-01069,37,24.21,876.02,One year,DSL,Credit card,0,No,No,Yes,No,No,No,Yes,No,Yes,No,0
CUST-01070,25,89.56,2253.83,Month-to-month,DSL,Credit card,0,Yes,No,Yes,Yes,No,Yes,No,Yes,Yes,No,0
CUST-01071,27,19.0,523.71,One year,Fiber optic,Mailed check,0,Yes,No,Yes,No,No,No,No,Yes,Yes,No,1
CUST-01072,57,59.74,3429.36,Two year,No,Bank transfer,0,No,No,Yes,Yes,No internet service,No internet service,No internet service,No internet service,No internet service,Yes,0
CUST-01073,31,51.6,1564.0,One year,Fiber optic,Bank transfer,0,No,No,Yes,Yes,Yes,Yes,Yes,Yes,Yes,Yes,0
CUST-01074,6,88.72,553.6,Month-to-month,No,Mailed check,0,No,No,Yes,No,No internet service,No internet service,No internet service,No internet service,No internet service,No,1
CUST-01075,40,96.16,3896.51,One year,Fiber optic,Electronic check,0,No,No,Yes,Yes,Yes,Yes,Yes,Yes,Yes,No,1
CUST-01076,12,49.02,579.21,One year,Fiber optic,Mailed check,1,No,No,Yes,No,Yes,Yes,Yes,Yes,No,Yes,0
CUST-01077,53,100.79,5379.77,Month-to-month,Fiber optic,Bank transfer,0,No,Yes,Yes,Yes,No,No,Yes,Yes,No,No,1
CUST-01078,71,47.98,3401.32,Two year,Fiber optic,Bank transfer,0,No,No,Yes,No,Yes,Yes,Yes,Yes,Yes,No,0
CUST-01079,10,63.53,607.85,Two year,Fiber optic,Electronic check,0,No,No,Yes,No,Yes,Yes,Yes,Yes,No,Yes,1
CUST-01080,45,92.16,4141.09,Two year,No,Electronic check,0,Yes,No,Yes,Yes,No internet service,No internet service,No internet service,No internet service,No internet service,Yes,0
CUST-01081,17,88.68,1528.52,Two year,Fiber optic,Credit card,1,No,No,Yes,Yes,Yes,No,Yes,No,No,No,0
CUST-01082,26,118.71,3069.7,One year,DSL,Electronic check,0,Yes,Yes,No,No phone service,No,Yes,No,Yes,No,Yes,0
CUST-01083,62,40.97,2528.13,One year,Fiber optic,Bank transfer,0,Yes,No,Yes,No,Yes,No,No,No,No,No,0
CUST-01084,46,85.56,3947.63,One year,No,Electronic check,0,No,No,Yes,Yes,No internet service,No internet service,No internet service,No internet service,No internet service,No,0
CUST-01085,64,80.19,5132.22,Two year,Fiber optic,Credit card,0,Yes,No,Yes,Yes,No,No,Yes,Yes,Yes,Yes,0
CUST-01086,2,111.34,234.37,One year,Fiber optic,Credit card,0,Yes,No,No,No phone service,Yes,No,Yes,No,No,No,0
CUST-01087,54,33.95,1838.06,Month-to-month,DSL,Electronic check,0,No,No,Yes,No,Yes,No,Yes,No,Yes,Yes,0
CUST-01088,65,94.68,6163.79,Month-to-month,Fiber optic,Electronic check,0,No,No,Yes,Yes,Yes,No,Yes,Yes,Yes,Yes,0
CUST-01089,51,75.96,3865.31,Two year,DSL,Mailed check,1,No,No,Yes,No,Yes,No,Yes,Yes,No,No,0
CUST-01090,53,46.02,2443.69,Month-to-month,DSL,Electronic check,1,No,Yes,Yes,No,Yes,Yes,No,Yes,No,Yes,0
CUST-01091,36,66.39,2371.49,One year,Fiber optic,Mailed check,0,Yes,Yes,Yes,Yes,No,No,Yes,No,Yes,Yes,0
CUST-01092,26,52.05,1379.07,Two year,DSL,Bank transfer,0,Yes,No,Yes,No,No,No,Yes,No,No,Yes,0
CUST-01093,29,77.09,2222.92,One year,Fiber optic,Electronic check,1,Yes,No,Yes,No,No,No,Yes,No,Yes,Yes,1
CUST-01094,21,108.68,2304.86,Two year,No,Mailed check,0,No,No,Yes,No,No internet service,No internet service,No internet service,No internet service,No internet service,Yes,1
CUST-01095,11,76.07,832.1,One year,DSL,Bank transfer,0,No,Yes,Yes,Yes,Yes,Yes,Yes,No,Yes,Yes,0
CUST-01096,40,82.44,3301.64,Month-to-month,Fiber optic,Bank transfer,1,Yes,No,Yes,No,No,No,Yes,No,Yes,No,1
CUST-01097,11,70.91,770.11,Two year,Fiber optic,Electronic check,0,Yes,No,Yes,Yes,Yes,Yes,Yes,Yes,Yes,Yes,0
CUST-01098,36,23.22,815.6,Month-to-month,DSL,Bank transfer,1,Yes,No,No,No phone service,No,Yes,Yes,No,No,Yes,1
CUST-01099,59,41.75,2428.35,Month-to-month,Fiber optic,Bank transfer,0,Yes,Yes,Yes,No,Yes,Yes,Yes,No,No,No,1
CUST-01100,39,68.18,2637.91,Month-to-month,Fiber optic,Bank transfer,0,Yes,Yes,Yes,Yes,Yes,Yes,No,Yes,No,Yes,0
CUST-01101,54,49.64,2674.08,Month-to-month,Fiber optic,Electronic check,0,No,No,No,No phone service,Yes,Yes,Yes,No,No,No,1
CUST-01102,55,36.54,2013.94,Month-to-month,No,Electronic check,0,Yes,Yes,Yes,Yes,No internet service,No internet service,No internet service,No internet service,No internet service,No,1
CUST-01103,24,69.42,1686.29,Month-to-month,Fiber optic,Credit card,0,Yes,No,Yes,Yes,No,Yes,Yes,Yes,No,Yes,1
CUST-01104,22,50.93,1111.54,One year,No,Credit card,0,Yes,No,Yes,Yes,No internet service,No internet service,No internet service,No internet service,No internet service,Yes,0
CUST-01105,69,44.33,3041.13,Two year,Fiber optic,Bank transfer,0,No,No,Yes,No,No,Yes,No,Yes,Yes,Yes,0
CUST-01106,56,65.33,3629.63,Month-to-month,DSL,Electronic check,0,Yes,Yes,Yes,Yes,No,No,No,Yes,Yes,No,0
CUST-01107,33,31.59,1052.07,Month-to-month,Fiber optic,Bank transfer,0,Yes,Yes,Yes,Yes,No,No,No,Yes,No,No,0
CUST-01108,36,112.63,4082.34,One year,DSL,Credit card,0,No,No,Yes,Yes,No,Yes,Yes,Yes,Yes,Yes,0
CUST-01109,20,106.51,2155.53,One year,Fiber optic,Mailed check,0,No,No,Yes,No,Yes,Yes,Yes,No,No,Yes,0
CUST-01110,62,90.18,5605.36,Two year,Fiber optic,Electronic check,0,No,No,Yes,Yes,No,Yes,Yes,Yes,Yes,No,0
CUST-01111,26,28.83,762.35,Month-to-month,Fiber optic,Bank transfer,0,Yes,Yes,No,No phone service,Yes,Yes,Yes,Yes,Yes,Yes,1
CUST-01112,66,97.14,6445.19,Two year,DSL,Credit card,0,No,No,Yes,No,Yes,No,No,No,Yes,Yes,0
CUST-01113,40,100.41,4023.04,Month-to-month,Fiber optic,Electronic check,0,Yes,Yes,Yes,Yes,Yes,Yes,No,No,Yes,Yes,1
CUST-01114,17,96.31,1650.19,One year,DSL,Bank transfer,1,Yes,No,Yes,No,No,No,No,No,No,No,1
CUST-01115,1,29.62,23.2,Month-to-month,Fiber optic,Bank transfer,0,No,Yes,Yes,Yes,Yes,Yes,No,No,No,No,1
CUST-01116,61,83.68,5077.24,Month-to-month,No,Bank transfer,0,Yes,No,Yes,Yes,No internet service,No internet service,No internet service,No internet service,No internet service,Yes,1
CUST-01117,43,103.1,4419.62,Month-to-month,No,Bank transfer,0,No,Yes,Yes,Yes,No internet service,No internet service,No internet service,No internet service,No internet service,Yes,0
CUST-01118,42,76.89,3229.2,Month-to-month,DSL,Bank transfer,0,No,No,Yes,No,No,No,No,Yes,Yes,Yes,0
CUST-01119,25,83.93,2099.47,Month-to-month,Fiber optic,Electronic check,0,Yes,No,No,No phone service,Yes,No,No,No,No,Yes,0
CUST-01120,39,64.75,2563.78,Two year,Fiber optic,Electronic check,0,Yes,No,Yes,No,Yes,Yes,No,Yes,Yes,Yes,1
CUST-01121,35,71.93,2519.18,One year,No,Bank transfer,0,Yes,Yes,Yes,Yes,No internet service,No internet service,No internet service,No internet service,No internet service,Yes,0
CUST-01122,3,21.51,88.11,One year,Fiber optic,Electronic check,1,No,No,Yes,No,No,No,No,Yes,No,Yes,1
CUST-01123,44,83.17,3650.78,Month-to-month,DSL,Bank transfer,1,No,No,Yes,No,Yes,No,Yes,Yes,Yes,Yes,1
CUST-01124,51,26.31,1335.58,Month-to-month,Fiber optic,Bank transfer,0,No,No,Yes,No,No,Yes,Yes,Yes,No,Yes,0
CUST-01125,12,62.37,721.86,Two year,Fiber optic,Electronic check,0,No,No,Yes,Yes,No,No,Yes,Yes,No,No,0
CUST-01126,19,47.85,894.3,One year,Fiber optic,Bank transfer,0,Yes,No,Yes,No,Yes,No,Yes,Yes,No,Yes,0
CUST-01127,44,73.63,3250.26,Month-to-month,No,Mailed check,0,No,Yes,Yes,No,No internet service,No internet service,No internet service,No internet service,No internet service,No,0
CUST-01128,59,31.61,1865.14,Month-to-month,DSL,Electronic check,0,Yes,No,Yes,No,No,No,No,Yes,No,Yes,1
CUST-01129,49,88.55,4357.81,One year,No,Mailed check,0,No,Yes,Yes,No,No internet service,No internet service,No internet service,No internet service,No internet service,Yes,0
CUST-01130,61,99.09,6048.12,Month-to-month,DSL,Credit card,0,Yes,No,Yes,Yes,No,No,No,Yes,No,Yes,1
CUST-01131,17,34.66,582.17,Month-to-month,No,Mailed check,0,No,No,Yes,No,No internet service,No internet service,No internet service,No internet service,No internet service,No,0
CUST-01132,57,28.64,1675.45,Two year,No,Bank transfer,1,Yes,No,Yes,No,No internet service,No internet service,No internet service,No internet service,No internet service,Yes,0
CUST-01133,55,32.84,1804.32,One year,Fiber optic,Electronic check,1,Yes,No,Yes,Yes,No,No,Yes,Yes,Yes,Yes,1
CUST-01134,47,107.47,5074.35,One year,Fiber optic,Electronic check,0,No,Yes,Yes,No,Yes,Yes,No,No,No,Yes,1
CUST-01135,12,71.88,854.54,Month-to-month,DSL,Electronic check,0,No,No,No,No phone service,Yes,No,No,No,No,No,1
CUST-01136,62,65.66,4085.11,Month-to-month,DSL,Bank transfer,0,No,No,Yes,Yes,No,Yes,Yes,Yes,Yes,No,1
CUST-01137,8,28.88,249.6,Two year,DSL,Mailed check,0,No,Yes,Yes,Yes,Yes,Yes,No,Yes,Yes,No,1
CUST-01138,21,84.25,1773.42,Two year,DSL,Electronic check,1,Yes,No,Yes,No,No,Yes,Yes,Yes,Yes,Yes,0
CUST-01139,70,106.54,7410.71,Month-to-month,Fiber optic,Bank transfer,0,No,No,Yes,Yes,No,Yes,Yes,Yes,Yes,No,1
CUST-01140,72,102.47,7378.21,Month-to-month,DSL,Electronic check,0,No,No,No,No phone service,Yes,No,No,Yes,Yes,Yes,0
CUST-01141,25,81.86,2071.11,Month-to-month,No,Electronic check,0,Yes,No,Yes,Yes,No internet service,No internet service,No internet service,No internet service,No internet service,No,1
CUST-01142,12,25.68,318.71,Month-to-month,Fiber optic,Mailed check,1,No,No,Yes,No,No,Yes,No,No,No,No,1
CUST-01143,15,29.46,450.82,One year,Fiber optic,Electronic check,0,No,No,Yes,Yes,Yes,No,No,Yes,Yes,Yes,1
CUST-01144,59,23.03,1324.32,Two year,Fiber optic,Bank transfer,0,No,No,Yes,Yes,Yes,Yes,No,Yes,No,No,0
CUST-01145,26,44.26,1136.35,Month-to-month,DSL,Electronic check,1,Yes,Yes,Yes,Yes,Yes,No,No,No,No,No,0
CUST-01146,26,31.84,836.07,Month-to-month,DSL,Mailed check,0,No,No,Yes,No,No,Yes,No,Yes,Yes,Yes,1
CUST-01147,47,44.52,2100.65,Two year,DSL,Credit card,0,Yes,No,Yes,Yes,No,No,Yes,No,Yes,No,0
CUST-01148,32,57.28,1857.25,Month-to-month,No,Credit card,0,No,Yes,Yes,No,No internet service,No internet service,No internet service,No internet service,No internet service,Yes,0
CUST-01149,10,114.18,1138.9,Two year,Fiber optic,Credit card,1,No,No,Yes,No,No,Yes,Yes,Yes,No,No,0
CUST-01150,16,80.26,1292.28,One year,DSL,Credit card,1,No,Yes,Yes,Yes,No,No,Yes,Yes,No,Yes,0
CUST-01151,71,103.17,7325.4,Two year,No,Mailed check,0,No,Yes,Yes,No,No internet service,No internet service,No internet service,No internet service,No internet service,Yes,0
CUST-01152,17,90.46,1518.08,Month-to-month,DSL,Bank transfer,0,Yes,No,Yes,No,No,Yes,Yes,No,No,Yes,0
CUST-01153,23,29.48,632.92,Month-to-month,Fiber optic,Mailed check,0,No,Yes,No,No phone service,Yes,Yes,No,Yes,No,No,1
CUST-01154,26,93.06,2428.18,Month-to-month,Fiber optic,Bank transfer,0,Yes,No,Yes,No,Yes,No,Yes,Yes,Yes,No,1
CUST-01155,7,46.06,325.9,Month-to-month,Fiber optic,Mailed check,0,Yes,No,Yes,No,Yes,No,Yes,Yes,Yes,Yes,0
CUST-01156,14,83.19,1152.3,Month-to-month,No,Electronic check,0,Yes,Yes,Yes,No,No internet service,No internet service,No internet service,No internet service,No internet service,Yes,0
CUST-01157,7,52.78,337.08,Two year,Fiber optic,Credit card,0,Yes,Yes,Yes,Yes,No,No,Yes,Yes,Yes,No,0
CUST-01158,9,119.76,1090.43,Two year,Fiber optic,Bank transfer,1,No,Yes,Yes,No,No,No,No,Yes,Yes,Yes,1
CUST-01159,48,44.88,2148.92,One year,DSL,Credit card,0,No,Yes,Yes,No,No,Yes,Yes,No,No,No,1
CUST-01160,72,46.47,3356.98,Month-to-month,No,Electronic check,0,No,Yes,No,No phone service,No internet service,No internet service,No internet service,No internet service,No internet service,No,0
CUST-01161,59,112.93,6700.15,One year,Fiber optic,Electronic check,0,Yes,No,Yes,Yes,Yes,No,Yes,Yes,No,No,0
CUST-01162,39,20.51,757.06,One year,DSL,Electronic check,0,No,No,Yes,Yes,Yes,Yes,No,Yes,No,No,0
CUST-01163,18,89.06,1589.09,Month-to-month,Fiber optic,Mailed check,0,No,Yes,Yes,No,No,Yes,Yes,No,Yes,No,1
CUST-01164,59,91.98,5422.63,Two year,DSL,Electronic check,0,Yes,No,Yes,Yes,No,No,No,No,No,Yes,0
CUST-01165,17,103.31,1785.37,Month-to-month,DSL,Mailed check,0,No,Yes,Yes,No,No,No,No,No,No,Yes,1
CUST-01166,14,117.39,1610.73,Month-to-month,No,Electronic check,1,No,No,Yes,Yes,No internet service,No internet service,No internet service,No internet service,No internet service,Yes,0
CUST-01167,31,117.51,3681.53,Month-to-month,Fiber optic,Electronic check,0,No,Yes,Yes,No,No,Yes,No,No,Yes,No,1
CUST-01168,24,24.66,594.56,One year,DSL,Bank transfer,0,Yes,Yes,Yes,No,No,No,No,No,Yes,No,0
CUST-01169,60,101.83,6107.88,One year,Fiber optic,Credit card,0,Yes,No,Yes,Yes,No,No,No,No,Yes,Yes,0
CUST-01170,45,83.92,3772.44,Month-to-month,No,Electronic check,0,No,No,Yes,No,No internet service,No internet service,No internet service,No internet service,No internet service,Yes,0
CUST-01171,3,84.03,243.36,Month-to-month,DSL,Mailed check,0,No,No,Yes,Yes,Yes,Yes,Yes,Yes,Yes,Yes,1
CUST-01172,37,31.09,1171.29,Month-to-month,Fiber optic,Electronic check,0,No,No,Yes,No,No,No,No,No,Yes,No,0
CUST-01173,43,84.32,3604.39,Month-to-month,Fiber optic,Electronic check,1,No,Yes,Yes,Yes,No,No,No,Yes,Yes,Yes,1
CUST-01174,40,118.21,4735.31,Month-to-month,DSL,Bank transfer,0,No,No,Yes,No,No,Yes,Yes,No,No,Yes,1
CUST-01175,55,111.01,6097.87,Month-to-month,Fiber optic,Bank transfer,1,No,No,Yes,Yes,Yes,No,No,No,No,Yes,1
CUST-01176,39,62.79,2433.57,Month-to-month,DSL,Credit card,1,Yes,Yes,Yes,Yes,No,No,Yes,Yes,Yes,Yes,0
CUST-01177,15,22.07,382.77,Two year,Fiber optic,Mailed check,0,No,No,Yes,Yes,Yes,Yes,No,No,No,Yes,1
CUST-01178,4,54.95,228.18,Month-to-month,No,Credit card,0,Yes,No,Yes,No,No internet service,No internet service,No internet service,No internet service,No internet service,Yes,1
CUST-01179,25,102.29,2569.52,One year,DSL,Electronic check,0,Yes,No,Yes,No,No,No,Yes,Yes,No,No,0
CUST-01180,13,89.55,1186.91,Month-to-month,No,Electronic check,1,No,No,Yes,Yes,No internet service,No internet service,No internet service,No internet service,No internet service,Yes,1
CUST-01181,33,64.85,2111.62,Month-to-month,Fiber optic,Electronic check,0,Yes,No,Yes,No,No,No,Yes,No,No,Yes,1
CUST-01182,16,23.62,412.97,Month-to-month,DSL,Credit card,0,Yes,No,Yes,No,No,No,No,No,Yes,Yes,0
CUST-01183,42,61.54,2534.5,Month-to-month,Fiber optic,Electronic check,0,Yes,No,Yes,Yes,Yes,No,No,Yes,Yes,No,1
CUST-01184,66,65.84,4330.06,Month-to-month,DSL,Electronic check,0,Yes,No,Yes,Yes,No,No,No,No,No,Yes,0
CUST-01185,55,112.71,6189.87,Two year,No,Bank transfer,0,Yes,No,Yes,Yes,No internet service,No internet service,No internet service,No internet service,No internet service,Yes,0
CUST-01186,42,83.39,3514.01,Two year,Fiber optic,Electronic check,0,Yes,No,Yes,No,No,No,No,Yes,Yes,Yes,1
CUST-01187,34,49.79,1697.23,Month-to-month,Fiber optic,Electronic check,0,No,No,Yes,No,No,Yes,Yes,No,Yes,Yes,1
CUST-01188,30,71.58,2144.06,Month-to-month,Fiber optic,Electronic check,0,No,No,Yes,Yes,No,Yes,Yes,Yes,No,Yes,1
CUST-01189,13,24.74,321.38,Two year,Fiber optic,Electronic check,0,No,No,Yes,Yes,No,Yes,Yes,No,Yes,Yes,0
CUST-01190,13,117.2,1504.04,Month-to-month,No,Bank transfer,0,No,No,Yes,No,No internet service,No internet service,No internet service,No internet service,No internet service,Yes,0
CUST-01191,18,54.73,955.2,One year,Fiber optic,Mailed check,0,No,Yes,Yes,Yes,No,No,No,No,No,Yes,0
CUST-01192,32,66.74,2150.21,Two year,No,Electronic check,0,Yes,No,Yes,No,No internet service,No internet service,No internet service,No internet service,No internet service,No,0
CUST-01193,39,54.24,2129.23,Two year,Fiber optic,Electronic check,0,Yes,No,Yes,Yes,No,Yes,Yes,No,Yes,No,0
CUST-01194,46,87.62,4062.21,Month-to-month,DSL,Credit card,0,No,No,Yes,Yes,No,Yes,No,No,Yes,Yes,0
CUST-01195,29,85.55,2465.15,Month-to-month,No,Mailed check,0,No,No,Yes,Yes,No internet service,No internet service,No internet service,No internet service,No internet service,Yes,0
CUST-01196,62,90.96,5653.38,Month-to-month,Fiber optic,Bank transfer,1,Yes,No,Yes,Yes,No,No,No,No,No,Yes,1
CUST-01197,62,45.35,2806.03,Two year,Fiber optic,Mailed check,0,Yes,Yes,Yes,Yes,No,No,No,Yes,Yes,Yes,0
CUST-01198,57,50.2,2885.21,Two year,No,Electronic check,0,No,No,Yes,No,No internet service,No internet service,No internet service,No internet service,No internet service,Yes,0
CUST-01199,16,30.78,512.92,One year,DSL,Credit card,1,No,Yes,Yes,Yes,Yes,Yes,Yes,Yes,No,Yes,0
CUST-01200,56,84.86,4756.38,One year,Fiber optic,Mailed check,0,No,No,No,No phone service,Yes,Yes,Yes,No,No,No,0
CUST-01201,10,22.06,213.81,One year,DSL,Electronic check,0,Yes,Yes,Yes,No,No,Yes,No,Yes,Yes,No,1
CUST-01202,30,78.96,2388.02,One year,Fiber optic,Mailed check,0,No,No,Yes,Yes,No,Yes,No,Yes,No,No,1
CUST-01203,25,106.71,2680.69,Two year,No,Electronic check,0,No,No,No,No phone service,No internet service,No internet service,No internet service,No internet service,No internet service,Yes,0
CUST-01204,5,108.86,530.61,One year,No,Electronic check,0,No,No,Yes,Yes,No internet service,No internet service,No internet service,No internet service,No internet service,No,1
CUST-01205,65,63.8,4120.44,Month-to-month,Fiber optic,Credit card,0,No,No,Yes,Yes,Yes,Yes,Yes,No,No,No,0
CUST-01206,49,64.85,3171.88,Month-to-month,Fiber optic,Credit card,1,No,No,Yes,Yes,No,No,No,No,Yes,No,1
CUST-01207,3,25.85,107.86,One year,No,Electronic check,1,No,No,Yes,No,No internet service,No internet service,No internet service,No internet service,No internet service,Yes,0
CUST-01208,45,86.42,3911.83,Month-to-month,Fiber optic,Mailed check,0,No,No,Yes,No,Yes,Yes,No,No,Yes,No,0
CUST-01209,14,101.77,1402.53,Month-to-month,DSL,Bank transfer,1,Yes,Yes,Yes,Yes,Yes,No,Yes,No,No,Yes,0
CUST-01210,30,42.95,1265.14,Two year,Fiber optic,Electronic check,0,No,Yes,Yes,No,Yes,No,No,Yes,Yes,Yes,0
CUST-01211,68,60.97,4171.45,One year,No,Bank transfer,0,No,Yes,Yes,Yes,No internet service,No internet service,No internet service,No internet service,No internet service,Yes,0
CUST-01212,18,103.56,1841.37,Two year,No,Bank transfer,0,No,No,Yes,No,No internet service,No internet service,No internet service,No internet service,No internet service,No,0
CUST-01213,62,107.47,6673.33,Month-to-month,Fiber optic,Bank transfer,0,No,Yes,Yes,Yes,No,No,Yes,Yes,Yes,No,1
CUST-01214,37,42.8,1571.28,One year,No,Bank transfer,0,No,No,Yes,Yes,No internet service,No internet service,No internet service,No internet service,No internet service,No,0
CUST-01215,25,74.16,1886.34,Month-to-month,DSL,Bank transfer,0,No,Yes,Yes,Yes,No,Yes,No,No,No,No,0
CUST-01216,48,37.63,1790.83,Two year,DSL,Credit card,0,Yes,No,Yes,No,Yes,Yes,No,No,Yes,Yes,0
CUST-01217,65,28.39,1868.22,Month-to-month,No,Mailed check,0,Yes,No,Yes,No,No internet service,No internet service,No internet service,No internet service,No internet service,No,0
CUST-01218,53,110.93,5882.99,One year,DSL,Credit card,1,No,No,Yes,No,No,No,No,Yes,Yes,Yes,0
CUST-01219,15,101.69,1530.39,One year,DSL,Electronic check,0,Yes,No,No,No phone service,No,Yes,Yes,Yes,Yes,Yes,1
CUST-01220,49,95.52,4641.07,Month-to-month,Fiber optic,Electronic check,0,No,No,Yes,No,Yes,No,No,No,Yes,No,0
CUST-01221,68,22.97,1517.9,Two year,Fiber optic,Electronic check,1,Yes,Yes,Yes,No,No,Yes,No,Yes,Yes,No,0
CUST-01222,12,104.06,1244.31,Two year,Fiber optic,Bank transfer,0,No,No,No,No phone service,No,No,No,Yes,Yes,No,0
CUST-01223,59,62.68,3703.06,Month-to-month,DSL,Electronic check,0,No,No,Yes,Yes,No,Yes,Yes,Yes,Yes,No,0
CUST-01224,37,52.92,1935.54,Month-to-month,No,Credit card,0,Yes,Yes,Yes,No,No internet service,No internet service,No internet service,No internet service,No internet service,Yes,0
CUST-01225,61,73.74,4476.37,Month-to-month,No,Bank transfer,1,No,Yes,Yes,Yes,No internet service,No internet service,No internet service,No internet service,No internet service,Yes,1
CUST-01226,43,27.32,1185.99,Month-to-month,Fiber optic,Electronic check,0,No,No,Yes,Yes,No,No,Yes,Yes,No,No,1
CUST-01227,70,95.18,6673.86,Two year,Fiber optic,Bank transfer,0,Yes,Yes,Yes,Yes,No,Yes,Yes,Yes,No,Yes,1
CUST-01228,39,77.41,3016.24,Two year,Fiber optic,Credit card,0,Yes,No,Yes,No,No,No,No,No,Yes,Yes,0
CUST-01229,56,37.03,2089.28,Month-to-month,Fiber optic,Bank transfer,0,No,Yes,Yes,No,Yes,No,No,No,Yes,Yes,0
CUST-01230,63,37.2,2320.12,Month-to-month,Fiber optic,Electronic check,0,Yes,No,Yes,No,No,No,Yes,No,No,Yes,1
CUST-01231,46,36.79,1685.22,Month-to-month,Fiber optic,Credit card,0,No,No,Yes,Yes,Yes,No,Yes,No,Yes,Yes,1
CUST-01232,11,23.81,294.87,Month-to-month,DSL,Bank transfer,0,Yes,No,Yes,No,No,No,No,Yes,No,Yes,1
CUST-01233,62,77.96,4834.89,Month-to-month,DSL,Mailed check,0,Yes,No,No,No phone service,Yes,No,No,No,Yes,No,1
CUST-01234,25,103.72,2595.53,Month-to-month,Fiber optic,Electronic check,0,Yes,No,Yes,Yes,No,Yes,No,No,No,No,0
CUST-01235,71,19.78,1450.5,Month-to-month,Fiber optic,Mailed check,0,Yes,No,Yes,Yes,Yes,Yes,No,No,Yes,Yes,0
CUST-01236,52,23.0,1168.01,One year,Fiber optic,Credit card,0,Yes,No,Yes,Yes,Yes,Yes,No,No,Yes,No,0
CUST-01237,4,76.42,321.61,One year,Fiber optic,Electronic check,0,No,No,Yes,Yes,Yes,No,Yes,No,Yes,Yes,0
CUST-01238,59,101.59,6027.09,Month-to-month,Fiber optic,Electronic check,0,Yes,No,Yes,Yes,No,Yes,Yes,Yes,No,No,1
CUST-01239,72,51.33,3689.26,Two year,Fiber optic,Credit card,0,Yes,No,Yes,No,Yes,No,Yes,No,No,Yes,0
CUST-01240,20,53.66,1090.39,One year,DSL,Electronic check,0,Yes,No,Yes,Yes,No,Yes,Yes,No,Yes,No,0
CUST-01241,63,78.83,4946.65,Two year,Fiber optic,Credit card,0,No,Yes,Yes,Yes,No,Yes,Yes,No,Yes,No,0
CUST-01242,54,45.97,2468.65,Month-to-month,No,Electronic check,0,No,Yes,Yes,Yes,No internet service,No internet service,No internet service,No internet service,No internet service,Yes,0
CUST-01243,57,20.71,1188.17,Two year,Fiber optic,Mailed check,1,No,No,Yes,Yes,Yes,No,No,Yes,No,No,0
CUST-01244,41,92.99,3828.56,Two year,Fiber optic,Electronic check,0,Yes,Yes,Yes,No,Yes,No,No,No,No,Yes,0
CUST-01245,3,81.82,267.88,Month-to-month,Fiber optic,Credit card,0,No,No,Yes,Yes,No,No,No,Yes,Yes,No,0
CUST-01246,6,77.24,494.83,Month-to-month,No,Bank transfer,0,No,No,Yes,No,No internet service,No internet service,No internet service,No internet service,No internet service,Yes,0
CUST-01247,5,93.65,466.9,Two year,Fiber optic,Credit card,1,No,Yes,Yes,Yes,Yes,No,Yes,Yes,No,No,0
CUST-01248,5,86.87,458.22,One year,No,Bank transfer,1,Yes,No,Yes,No,No internet service,No internet service,No internet service,No internet service,No internet service,Yes,1
CUST-01249,54,39.0,2099.15,Two year,No,Electronic check,0,No,No,Yes,No,No internet service,No internet service,No internet service,No internet service,No internet service,No,0
CUST-01250,47,53.95,2553.69,One year,Fiber optic,Electronic check,0,Yes,No,Yes,No,Yes,No,Yes,No,Yes,No,0
CUST-01251,49,30.86,1516.29,One year,Fiber optic,Mailed check,0,Yes,No,Yes,Yes,No,Yes,No,Yes,Yes,Yes,0
CUST-01252,9,31.25,290.16,Month-to-month,DSL,Bank transfer,0,Yes,No,Yes,No,Yes,Yes,No,No,No,No,1
CUST-01253,20,86.97,1747.87,Month-to-month,Fiber optic,Credit card,0,Yes,No,Yes,Yes,Yes,Yes,Yes,No,Yes,Yes,1
CUST-01254,61,105.58,6408.29,Two year,Fiber optic,Mailed check,0,Yes,Yes,No,No phone service,No,Yes,No,Yes,Yes,No,1
CUST-01255,35,116.2,4044.52,Month-to-month,No,Bank transfer,1,No,No,Yes,No,No internet service,No internet service,No internet service,No internet service,No internet service,Yes,0
CUST-01256,50,82.09,4106.55,Month-to-month,Fiber optic,Credit card,0,No,No,Yes,Yes,Yes,Yes,Yes,No,Yes,Yes,1
CUST-01257,62,36.78,2246.61,One year,No,Electronic check,1,No,Yes,Yes,No,No internet service,No internet service,No internet service,No internet service,No internet service,Yes,0
CUST-01258,17,28.78,505.88,One year,DSL,Credit card,0,Yes,Yes,No,No phone service,Yes,Yes,No,Yes,Yes,No,0
CUST-01259,3,100.91,320.16,Month-to-month,Fiber optic,Mailed check,0,No,No,Yes,Yes,No,Yes,No,Yes,No,Yes,1
CUST-01260,32,77.03,2471.5,Month-to-month,Fiber optic,Bank transfer,0,No,Yes,Yes,Yes,Yes,No,Yes,Yes,Yes,No,0
CUST-01261,13,81.07,1031.49,Month-to-month,Fiber optic,Electronic check,0,Yes,No,Yes,No,No,No,Yes,Yes,No,Yes,0
CUST-01262,68,97.71,6671.88,Month-to-month,No,Electronic check,0,No,No,Yes,No,No internet service,No internet service,No internet service,No internet service,No internet service,Yes,0
CUST-01263,14,89.73,1296.96,One year,DSL,Electronic check,0,No,No,Yes,No,No,No,Yes,Yes,Yes,Yes,1
CUST-01264,11,103.11,1137.15,Month-to-month,DSL,Credit card,0,Yes,No,Yes,No,Yes,Yes,No,No,Yes,Yes,0
CUST-01265,56,23.73,1339.09,Two year,Fiber optic,Credit card,0,Yes,No,Yes,No,No,Yes,No,No,No,No,0
CUST-01266,67,94.25,6318.78,Two year,Fiber optic,Electronic check,0,Yes,Yes,Yes,Yes,Yes,Yes,No,No,No,Yes,0
CUST-01267,29,104.79,3049.52,One year,No,Credit card,1,No,Yes,Yes,No,No internet service,No internet service,No internet service,No internet service,No internet service,No,0
CUST-01268,9,47.19,422.32,Month-to-month,No,Bank transfer,1,Yes,No,No,No phone service,No internet service,No internet service,No internet service,No internet service,No internet service,Yes,1
CUST-01269,67,83.33,5582.42,Month-to-month,DSL,Credit card,0,Yes,No,Yes,No,Yes,Yes,Yes,Yes,Yes,No,0
CUST-01270,25,50.04,1269.11,Month-to-month,Fiber optic,Electronic check,1,Yes,Yes,Yes,No,No,No,No,No,Yes,Yes,0
CUST-01271,42,115.71,4906.73,Month-to-month,Fiber optic,Mailed check,0,No,No,Yes,Yes,Yes,No,No,No,No,Yes,1
CUST-01272,9,21.41,164.69,Two year,No,Bank transfer,0,Yes,No,Yes,Yes,No internet service,No internet service,No internet service,No internet service,No internet service,Yes,0
CUST-01273,40,77.14,3083.52,Month-to-month,No,Electronic check,0,No,No,Yes,Yes,No internet service,No internet service,No internet service,No internet service,No internet service,Yes,1
CUST-01274,25,34.98,850.89,Two year,Fiber optic,Mailed check,0,No,No,Yes,No,No,No,Yes,No,No,Yes,1
CUST-01275,5,90.65,485.09,Month-to-month,Fiber optic,Mailed check,0,No,Yes,Yes,No,No,No,Yes,No,No,Yes,1
CUST-01276,11,35.94,383.59,Month-to-month,DSL,Electronic check,0,No,Yes,Yes,Yes,Yes,No,No,No,No,Yes,1
CUST-01277,59,42.01,2449.73,Two year,Fiber optic,Electronic check,0,Yes,No,Yes,Yes,No,Yes,Yes,Yes,Yes,Yes,1
CUST-01278,38,68.43,2613.1,One year,Fiber optic,Credit card,0,No,Yes,Yes,No,Yes,Yes,Yes,Yes,Yes,No,0
CUST-01279,72,111.31,8049.21,Month-to-month,Fiber optic,Electronic check,0,No,No,Yes,Yes,No,No,No,No,Yes,Yes,1
CUST-01280,5,39.59,211.22,Month-to-month,Fiber optic,Electronic check,0,No,No,Yes,Yes,Yes,Yes,No,Yes,No,No,1
CUST-01281,48,32.71,1574.18,Month-to-month,Fiber optic,Mailed check,0,No,No,Yes,Yes,Yes,Yes,Yes,Yes,No,Yes,0
CUST-01282,18,95.42,1725.74,One year,Fiber optic,Bank transfer,0,No,Yes,Yes,No,Yes,No,Yes,Yes,Yes,Yes,0
CUST-01283,70,69.06,4862.5,Month-to-month,Fiber optic,Bank transfer,1,Yes,Yes,No,No phone service,No,No,No,No,Yes,Yes,0
CUST-01284,37,111.0,4089.52,One year,DSL,Bank transfer,0,Yes,No,Yes,No,No,No,No,No,Yes,No,0
CUST-01285,60,32.95,1974.76,One year,DSL,Electronic check,0,Yes,No,Yes,Yes,No,No,Yes,Yes,No,No,0
CUST-01286,48,83.88,4017.19,Two year,DSL,Mailed check,1,Yes,No,Yes,Yes,No,No,Yes,No,Yes,No,1
CUST-01287,28,41.75,1145.64,Month-to-month,No,Bank transfer,1,No,No,No,No phone service,No internet service,No internet service,No internet service,No internet service,No internet service,Yes,1
CUST-01288,69,33.99,2338.74,Month-to-month,DSL,Credit card,0,Yes,No,Yes,No,No,No,Yes,Yes,Yes,No,0
CUST-01289,40,87.71,3530.55,One year,No,Bank transfer,0,Yes,No,Yes,Yes,No internet service,No internet service,No internet service,No internet service,No internet service,Yes,0
CUST-01290,45,78.56,3546.53,Month-to-month,DSL,Electronic check,0,No,No,Yes,No,No,Yes,No,Yes,Yes,Yes,1
CUST-01291,62,94.99,5902.27,Month-to-month,Fiber optic,Mailed check,0,No,No,Yes,Yes,No,No,Yes,Yes,Yes,Yes,0
CUST-01292,58,49.57,2877.99,Month-to-month,No,Electronic check,0,No,No,Yes,No,No internet service,No internet service,No internet service,No internet service,No internet service,Yes,1
CUST-01293,67,63.69,4277.7,Month-to-month,Fiber optic,Bank transfer,0,No,Yes,Yes,No,No,Yes,No,No,No,Yes,1
CUST-01294,56,59.36,3308.15,Month-to-month,DSL,Electronic check,0,No,Yes,Yes,No,No,Yes,Yes,No,Yes,No,1
CUST-01295,40,118.38,4729.01,Month-to-month,DSL,Electronic check,0,No,No,Yes,No,Yes,Yes,No,No,No,Yes,0
CUST-01296,40,47.81,1916.24,Two year,No,Mailed check,0,No,Yes,Yes,No,No internet service,No internet service,No internet service,No internet service,No internet service,Yes,0
CUST-01297,33,48.07,1591.86,One year,Fiber optic,Mailed check,1,No,Yes,Yes,No,Yes,No,No,Yes,No,Yes,0
CUST-01298,6,54.16,331.36,Month-to-month,Fiber optic,Mailed check,0,Yes,No,Yes,Yes,No,Yes,Yes,Yes,Yes,Yes,0
CUST-01299,19,75.59,1433.44,Month-to-month,Fiber optic,Mailed check,0,No,No,Yes,Yes,No,No,No,Yes,Yes,Yes,1
CUST-01300,40,43.74,1742.05,One year,Fiber optic,Bank transfer,0,No,No,Yes,Yes,No,No,Yes,Yes,Yes,Yes,0
CUST-01301,59,111.36,6633.4,Two year,DSL,Mailed check,0,No,No,Yes,No,Yes,Yes,No,No,Yes,Yes,0
CUST-01302,59,45.1,2679.04,Month-to-month,Fiber optic,Mailed check,0,No,Yes,Yes,No,Yes,Yes,No,No,Yes,Yes,1
CUST-01303,48,109.37,5258.02,Two year,Fiber optic,Electronic check,0,No,Yes,Yes,No,Yes,No,No,No,Yes,No,0
CUST-01304,41,28.55,1165.89,One year,DSL,Mailed check,0,No,No,Yes,Yes,No,No,No,No,Yes,No,0
CUST-01305,13,84.97,1095.59,Month-to-month,Fiber optic,Bank transfer,0,Yes,No,Yes,No,No,No,No,Yes,No,Yes,1
CUST-01306,45,110.51,4970.33,Two year,No,Mailed check,0,Yes,No,Yes,Yes,No internet service,No internet service,No internet service,No internet service,No internet service,No,0
CUST-01307,53,35.21,1871.99,One year,No,Bank transfer,0,Yes,No,Yes,No,No internet service,No internet service,No internet service,No internet service,No internet service,Yes,0
CUST-01308,42,116.77,4866.73,Two year,DSL,Mailed check,0,Yes,No,Yes,Yes,Yes,Yes,No,No,Yes,Yes,0
CUST-01309,63,64.19,4012.58,Month-to-month,DSL,Credit card,0,Yes,Yes,Yes,Yes,Yes,No,No,No,No,No,0
CUST-01310,27,114.46,3077.68,One year,No,Mailed check,0,No,No,Yes,Yes,No internet service,No internet service,No internet service,No internet service,No internet service,Yes,0
CUST-01311,38,87.04,3311.66,One year,DSL,Mailed check,0,Yes,No,Yes,No,No,No,No,No,No,No,1
CUST-01312,60,48.76,2920.81,Month-to-month,DSL,Bank transfer,1,No,No,Yes,Yes,Yes,Yes,No,Yes,No,Yes,0
CUST-01313,7,37.21,290.03,One year,No,Electronic check,0,No,Yes,Yes,No,No internet service,No internet service,No internet service,No internet service,No internet service,No,0
CUST-01314,5,48.98,215.25,Month-to-month,DSL,Mailed check,0,No,Yes,Yes,Yes,No,Yes,No,Yes,No,Yes,1
CUST-01315,45,27.49,1222.02,Month-to-month,Fiber optic,Bank transfer,0,Yes,No,Yes,Yes,No,Yes,Yes,Yes,No,No,1
CUST-01316,58,32.67,1925.26,Month-to-month,Fiber optic,Electronic check,1,No,Yes,No,No phone service,Yes,Yes,No,No,Yes,Yes,1
CUST-01317,31,28.68,891.7,One year,No,Mailed check,0,No,No,No,No phone service,No internet service,No internet service,No internet service,No internet service,No internet service,Yes,0
CUST-01318,23,61.14,1423.92,Two year,DSL,Bank transfer,0,Yes,Yes,Yes,Yes,Yes,Yes,Yes,Yes,Yes,No,0
CUST-01319,42,99.15,4205.32,Month-to-month,No,Credit card,1,Yes,Yes,Yes,No,No internet service,No internet service,No internet service,No internet service,No internet service,No,1
CUST-01320,10,32.42,310.32,One year,Fiber optic,Credit card,1,Yes,Yes,Yes,Yes,Yes,No,Yes,Yes,Yes,No,1
CUST-01321,32,31.29,999.29,Month-to-month,Fiber optic,Electronic check,0,No,No,Yes,Yes,No,No,No,Yes,Yes,Yes,0
CUST-01322,53,83.63,4426.94,Two year,DSL,Mailed check,0,No,No,No,No phone service,No,Yes,No,Yes,No,No,0
CUST-01323,30,38.11,1104.21,One year,DSL,Electronic check,0,No,No,Yes,Yes,No,Yes,Yes,No,Yes,No,0
CUST-01324,39,27.96,1084.23,One year,Fiber optic,Electronic check,0,Yes,No,Yes,Yes,No,No,No,Yes,Yes,Yes,0
CUST-01325,31,35.02,1103.24,One year,Fiber optic,Bank transfer,0,Yes,No,Yes,Yes,No,Yes,No,No,Yes,Yes,1
CUST-01326,2,112.22,235.25,Month-to-month,No,Electronic check,0,Yes,No,Yes,No,No internet service,No internet service,No internet service,No internet service,No internet service,Yes,1
CUST-01327,12,101.79,1233.86,Month-to-month,Fiber optic,Electronic check,0,Yes,No,Yes,Yes,No,No,No,No,Yes,Yes,1
CUST-01328,39,54.11,2102.78,Two year,Fiber optic,Credit card,0,Yes,No,Yes,Yes,No,Yes,Yes,Yes,No,No,0
CUST-01329,66,84.89,5589.62,Month-to-month,Fiber optic,Credit card,0,Yes,No,Yes,No,Yes,Yes,No,No,No,Yes,0
CUST-01330,13,72.8,971.79,One year,Fiber optic,Bank transfer,1,No,No,Yes,Yes,No,Yes,No,Yes,Yes,Yes,0
CUST-01331,46,87.07,3995.27,Two year,Fiber optic,Credit card,1,Yes,No,Yes,No,Yes,No,No,No,Yes,Yes,1
CUST-01332,27,87.63,2371.89,Month-to-month,DSL,Bank transfer,0,Yes,No,Yes,Yes,No,Yes,No,Yes,No,No,0
CUST-01333,17,82.13,1399.48,Two year,No,Electronic check,0,No,No,Yes,Yes,No internet service,No internet service,No internet service,No internet service,No internet service,Yes,0
CUST-01334,60,45.14,2737.63,Two year,Fiber optic,Mailed check,0,No,No,Yes,Yes,Yes,Yes,Yes,No,Yes,Yes,0
CUST-01335,64,21.98,1426.15,One year,Fiber optic,Mailed check,0,No,No,Yes,No,Yes,No,No,Yes,No,No,0
CUST-01336,35,64.47,2230.54,Month-to-month,Fiber optic,Electronic check,0,Yes,Yes,Yes,No,No,Yes,No,No,No,No,0
CUST-01337,70,108.88,7597.85,Month-to-month,Fiber optic,Credit card,0,No,No,Yes,Yes,No,No,No,No,Yes,Yes,1
CUST-01338,30,76.09,2294.28,Month-to-month,DSL,Mailed check,0,No,No,Yes,Yes,Yes,No,No,Yes,No,No,0
CUST-01339,71,102.9,7304.61,Two year,DSL,Electronic check,0,Yes,No,Yes,Yes,Yes,No,Yes,No,No,No,0
CUST-01340,63,119.15,7497.35,Two year,No,Electronic check,0,Yes,No,Yes,No,No internet service,No internet service,No internet service,No internet service,No internet service,No,0
CUST-01341,28,34.69,991.63,One year,DSL,Electronic check,0,No,No,Yes,No,No,Yes,No,No,No,No,1
CUST-01342,60,88.56,5317.35,Month-to-month,Fiber optic,Credit card,0,No,No,Yes,Yes,Yes,No,Yes,No,Yes,Yes,0
CUST-01343,37,86.78,3211.91,Month-to-month,DSL,Bank transfer,0,Yes,Yes,Yes,No,Yes,No,No,Yes,Yes,Yes,1
CUST-01344,22,117.96,2610.72,One year,Fiber optic,Mailed check,0,Yes,Yes,Yes,No,No,No,Yes,No,Yes,No,1
CUST-01345,68,118.53,8052.54,One year,DSL,Mailed check,0,No,No,Yes,No,Yes,Yes,No,No,Yes,Yes,0
CUST-01346,20,88.04,1792.17,Two year,Fiber optic,Bank transfer,1,Yes,No,Yes,No,No,Yes,No,Yes,Yes,No,1
CUST-01347,68,42.85,2898.04,One year,Fiber optic,Bank transfer,0,No,Yes,Yes,Yes,No,Yes,Yes,Yes,Yes,Yes,0
CUST-01348,64,99.45,6377.94,Two year,DSL,Mailed check,0,Yes,Yes,Yes,No,Yes,No,Yes,No,No,Yes,0
CUST-01349,17,28.92,520.32,One year,Fiber optic,Credit card,0,No,No,Yes,Yes,No,No,Yes,No,Yes,Yes,0
CUST-01350,12,97.63,1144.01,One year,No,Credit card,0,Yes,No,Yes,Yes,No internet service,No internet service,No internet service,No internet service,No internet service,No,0
CUST-01351,22,110.84,2431.61,Month-to-month,Fiber optic,Credit card,0,Yes,No,Yes,No,No,No,No,No,No,No,1
CUST-01352,17,57.05,992.69,Two year,No,Bank transfer,0,No,Yes,Yes,No,No internet service,No internet service,No internet service,No internet service,No internet service,Yes,0
CUST-01353,10,82.32,846.34,One year,No,Credit card,1,Yes,No,Yes,No,No internet service,No internet service,No internet service,No internet service,No internet service,Yes,0
CUST-01354,65,61.87,4018.12,Month-to-month,No,Mailed check,0,Yes,Yes,Yes,No,No internet service,No internet service,No internet service,No internet service,No internet service,Yes,0
CUST-01355,22,62.65,1363.61,Month-to-month,No,Credit card,0,No,No,Yes,No,No internet service,No internet service,No internet service,No internet service,No internet service,No,1
CUST-01356,50,49.66,2502.12,Month-to-month,DSL,Credit card,0,Yes,Yes,Yes,Yes,Yes,No,No,Yes,No,Yes,1
CUST-01357,14,95.74,1364.03,Month-to-month,No,Credit card,0,Yes,No,Yes,Yes,No internet service,No internet service,No internet service,No internet service,No internet service,Yes,1
CUST-01358,64,113.49,7240.07,Month-to-month,No,Credit card,0,Yes,Yes,Yes,Yes,No internet service,No internet service,No internet service,No internet service,No internet service,Yes,0
CUST-01359,47,113.96,5332.04,Month-to-month,No,Mailed check,0,No,No,Yes,Yes,No internet service,No internet service,No internet service,No internet service,No internet service,Yes,0
CUST-01360,29,35.83,1043.58,Month-to-month,DSL,Electronic check,0,No,No,Yes,No,Yes,Yes,No,Yes,No,No,0
CUST-01361,36,107.22,3872.51,Month-to-month,No,Electronic check,0,No,Yes,Yes,No,No internet service,No internet service,No internet service,No internet service,No internet service,Yes,1
CUST-01362,52,93.22,4841.46,Two year,Fiber optic,Bank transfer,0,No,Yes,Yes,No,No,Yes,No,No,No,Yes,0
CUST-01363,7,43.79,320.12,Month-to-month,Fiber optic,Electronic check,0,Yes,No,Yes,No,No,No,Yes,No,Yes,No,1
CUST-01364,29,24.86,706.74,One year,DSL,Mailed check,1,Yes,No,Yes,Yes,No,Yes,No,No,Yes,No,0
CUST-01365,11,45.34,456.45,Month-to-month,DSL,Mailed check,0,No,Yes,Yes,Yes,No,Yes,Yes,No,Yes,No,0
CUST-01366,33,111.05,3656.17,Month-to-month,No,Bank transfer,0,No,No,Yes,No,No internet service,No internet service,No internet service,No internet service,No internet service,Yes,0
CUST-01367,6,82.58,496.74,Month-to-month,Fiber optic,Credit card,0,No,No,Yes,Yes,Yes,No,No,Yes,No,Yes,1
CUST-01368,32,91.55,2924.08,Two year,Fiber optic,Bank transfer,0,No,Yes,Yes,Yes,No,Yes,No,No,Yes,Yes,1
CUST-01369,51,44.23,2232.56,One year,No,Bank transfer,0,Yes,Yes,Yes,No,No internet service,No internet service,No internet service,No internet service,No internet service,Yes,0
CUST-01370,58,91.38,5263.73,Month-to-month,DSL,Bank transfer,0,No,No,Yes,No,Yes,No,No,Yes,No,No,1
CUST-01371,26,20.87,532.34,One year,Fiber optic,Credit card,0,No,No,Yes,Yes,No,Yes,Yes,Yes,No,No,0
CUST-01372,46,56.28,2606.83,Month-to-month,Fiber optic,Electronic check,0,Yes,Yes,Yes,No,Yes,No,No,No,Yes,No,1
CUST-01373,29,81.93,2401.09,Two year,DSL,Electronic check,0,Yes,No,Yes,No,Yes,No,No,Yes,Yes,Yes,0
CUST-01374,4,32.9,155.35,Two year,DSL,Credit card,0,No,Yes,No,No phone service,Yes,No,Yes,Yes,Yes,No,0
CUST-01375,13,101.95,1309.03,One year,DSL,Bank transfer,0,No,No,Yes,Yes,Yes,No,No,Yes,Yes,Yes,0
CUST-01376,39,41.97,1613.76,One year,DSL,Bank transfer,0,No,Yes,Yes,No,No,No,Yes,No,Yes,Yes,0
CUST-01377,15,84.53,1277.88,Two year,Fiber optic,Mailed check,1,No,No,Yes,Yes,Yes,Yes,Yes,Yes,No,No,0
CUST-01378,29,59.33,1733.27,One year,No,Mailed check,0,No,No,Yes,No,No internet service,No internet service,No internet service,No internet service,No internet service,Yes,0
CUST-01379,29,78.8,2293.2,One year,Fiber optic,Mailed check,0,Yes,No,Yes,No,No,No,No,Yes,Yes,Yes,1
CUST-01380,32,28.96,886.44,Two year,DSL,Electronic check,0,No,No,Yes,No,Yes,No,No,No,Yes,No,0
CUST-01381,2,19.73,22.12,One year,DSL,Mailed check,0,Yes,No,Yes,Yes,No,Yes,Yes,Yes,No,No,1
CUST-01382,47,110.78,5206.07,One year,No,Mailed check,0,No,No,Yes,Yes,No internet service,No internet service,No internet service,No internet service,No internet service,No,0
CUST-01383,22,45.5,1010.74,Two year,No,Mailed check,0,No,No,Yes,No,No internet service,No internet service,No internet service,No internet service,No internet service,Yes,0
CUST-01384,27,101.61,2758.82,One year,DSL,Bank transfer,0,No,No,Yes,No,Yes,No,No,Yes,Yes,Yes,0
CUST-01385,67,119.93,8038.2,One year,DSL,Credit card,1,Yes,Yes,Yes,Yes,Yes,No,Yes,Yes,No,No,0
CUST-01386,56,39.57,2222.54,Month-to-month,Fiber optic,Bank transfer,0,No,No,Yes,No,No,No,Yes,No,Yes,Yes,1
CUST-01387,21,45.05,947.75,Month-to-month,Fiber optic,Credit card,0,No,Yes,Yes,Yes,No,Yes,No,No,No,Yes,0
CUST-01388,47,85.61,4037.38,Month-to-month,Fiber optic,Mailed check,0,No,No,Yes,No,Yes,Yes,Yes,Yes,Yes,Yes,1
CUST-01389,59,116.48,6878.58,Month-to-month,Fiber optic,Bank transfer,0,Yes,No,Yes,Yes,No,Yes,No,Yes,Yes,No,0
CUST-01390,6,111.41,669.77,Month-to-month,Fiber optic,Electronic check,0,Yes,Yes,Yes,No,No,No,No,Yes,Yes,Yes,1
CUST-01391,19,69.29,1311.14,Two year,No,Electronic check,1,No,Yes,Yes,Yes,No internet service,No internet service,No internet service,No internet service,No internet service,No,0
CUST-01392,57,99.1,5650.33,One year,DSL,Bank transfer,1,No,No,Yes,No,No,No,No,Yes,Yes,No,1
CUST-01393,69,31.85,2207.34,One year,No,Mailed check,0,Yes,No,Yes,No,No internet service,No internet service,No internet service,No internet service,No internet service,No,0
CUST-01394,3,117.7,358.45,Month-to-month,Fiber optic,Credit card,1,No,No,Yes,No,No,Yes,No,Yes,Yes,Yes,1
CUST-01395,1,116.36,123.98,Two year,Fiber optic,Mailed check,0,No,No,Yes,No,Yes,No,Yes,Yes,Yes,Yes,1
CUST-01396,58,34.7,2039.45,One year,Fiber optic,Credit card,0,Yes,Yes,Yes,No,Yes,No,No,No,No,No,0
CUST-01397,38,48.54,1849.82,One year,Fiber optic,Credit card,0,Yes,No,Yes,No,Yes,Yes,Yes,Yes,Yes,No,0
CUST-01398,15,28.22,410.32,Month-to-month,Fiber optic,Electronic check,0,Yes,No,Yes,Yes,Yes,No,Yes,No,Yes,Yes,0
CUST-01399,34,45.72,1572.15,Month-to-month,Fiber optic,Mailed check,0,Yes,No,No,No phone service,Yes,No,No,Yes,Yes,Yes,1
CUST-01400,61,101.23,6147.71,One year,DSL,Bank transfer,0,Yes,No,Yes,No,Yes,Yes,Yes,Yes,No,Yes,0
CUST-01401,35,56.59,1959.02,One year,Fiber optic,Electronic check,0,No,No,Yes,No,Yes,No,No,Yes,Yes,Yes,0
CUST-01402,64,27.02,1736.0,Two year,Fiber optic,Electronic check,0,Yes,Yes,No,No phone service,Yes,No,Yes,Yes,Yes,Yes,1
CUST-01403,25,52.91,1333.08,Two year,DSL,Credit card,1,Yes,Yes,Yes,Yes,No,Yes,No,No,Yes,Yes,0
CUST-01404,24,118.1,2809.5,Two year,No,Credit card,0,No,No,Yes,Yes,No internet service,No internet service,No internet service,No internet service,No internet service,No,0
CUST-01405,12,82.23,979.1,One year,DSL,Bank transfer,0,No,No,Yes,No,Yes,Yes,Yes,No,Yes,Yes,0
CUST-01406,18,60.45,1075.98,Two year,Fiber optic,Mailed check,0,Yes,No,Yes,No,Yes,No,No,No,Yes,Yes,0
CUST-01407,15,34.99,515.12,Two year,DSL,Mailed check,0,No,No,Yes,No,Yes,No,No,Yes,Yes,Yes,0
CUST-01408,27,118.59,3220.8,Month-to-month,Fiber optic,Mailed check,0,Yes,No,Yes,No,No,Yes,Yes,No,Yes,Yes,0
CUST-01409,72,101.73,7338.69,Month-to-month,DSL,Mailed check,0,Yes,Yes,Yes,No,Yes,Yes,No,No,No,No,0
CUST-01410,60,46.71,2802.22,Month-to-month,Fiber optic,Mailed check,0,No,No,Yes,No,No,No,Yes,No,No,Yes,0
CUST-01411,46,25.15,1145.98,Month-to-month,DSL,Electronic check,0,No,Yes,Yes,Yes,Yes,No,No,No,Yes,No,0
CUST-01412,17,23.78,377.27,Month-to-month,DSL,Credit card,0,No,Yes,Yes,Yes,Yes,No,No,No,Yes,Yes,0
CUST-01413,53,30.28,1633.24,Month-to-month,Fiber optic,Bank transfer,0,No,Yes,Yes,Yes,No,Yes,Yes,No,No,Yes,0
CUST-01414,8,77.24,629.76,One year,Fiber optic,Bank transfer,0,Yes,No,Yes,Yes,No,Yes,No,No,Yes,Yes,0
CUST-01415,27,112.73,3029.58,Month-to-month,DSL,Credit card,1,No,Yes,Yes,No,No,No,Yes,No,No,Yes,0
CUST-01416,46,68.67,3173.21,Month-to-month,DSL,Electronic check,0,No,No,Yes,No,No,Yes,Yes,No,Yes,No,1
CUST-01417,50,103.98,5197.6,One year,No,Electronic check,0,No,No,Yes,Yes,No internet service,No internet service,No internet service,No internet service,No internet service,Yes,0
CUST-01418,71,63.48,4501.34,Two year,DSL,Credit card,0,Yes,Yes,Yes,Yes,No,Yes,No,Yes,No,No,0
CUST-01419,3,90.28,279.54,Two year,No,Credit card,0,Yes,No,Yes,No,No internet service,No internet service,No internet service,No internet service,No internet service,Yes,0
CUST-01420,64,92.65,5914.77,One year,Fiber optic,Bank transfer,0,No,No,Yes,Yes,Yes,Yes,Yes,Yes,Yes,Yes,0
CUST-01421,44,35.74,1565.68,Month-to-month,DSL,Electronic check,0,No,No,Yes,Yes,No,Yes,No,Yes,No,No,1
CUST-01422,53,54.84,2908.95,Month-to-month,Fiber optic,Bank transfer,0,Yes,Yes,Yes,No,Yes,No,Yes,Yes,Yes,No,1
CUST-01423,24,83.0,1982.01,Month-to-month,No,Electronic check,0,Yes,Yes,Yes,Yes,No internet service,No internet service,No internet service,No internet service,No internet service,Yes,1
CUST-01424,60,25.21,1525.98,Month-to-month,Fiber optic,Mailed check,0,Yes,No,Yes,No,Yes,No,Yes,No,Yes,Yes,0
CUST-01425,3,54.88,202.02,Month-to-month,Fiber optic,Electronic check,0,No,Yes,Yes,Yes,No,No,No,Yes,Yes,No,1
CUST-01426,20,72.55,1435.91,Two year,Fiber optic,Credit card,1,Yes,Yes,No,No phone service,No,Yes,No,No,Yes,No,1
CUST-01427,46,119.61,5468.76,Month-to-month,No,Mailed check,0,Yes,No,Yes,No,No internet service,No internet service,No internet service,No internet service,No internet service,No,1
CUST-01428,15,66.4,955.97,Month-to-month,Fiber optic,Credit card,0,No,Yes,Yes,No,Yes,No,No,Yes,No,Yes,1
CUST-01429,25,101.24,2527.99,Month-to-month,DSL,Electronic check,0,Yes,No,Yes,Yes,Yes,Yes,No,Yes,Yes,No,0
CUST-01430,71,62.07,4393.71,One year,DSL,Mailed check,0,Yes,No,Yes,Yes,No,No,No,Yes,No,No,0
CUST-01431,17,99.23,1691.07,Month-to-month,DSL,Credit card,0,Yes,No,Yes,Yes,No,Yes,Yes,Yes,Yes,No,0
CUST-01432,9,78.73,711.22,Month-to-month,DSL,Electronic check,0,Yes,No,Yes,Yes,No,Yes,Yes,Yes,Yes,Yes,1
CUST-01433,38,108.43,4088.28,Month-to-month,DSL,Bank transfer,0,Yes,No,Yes,No,No,No,No,No,No,Yes,1
CUST-01434,48,59.92,2839.86,Month-to-month,Fiber optic,Mailed check,0,Yes,No,Yes,Yes,Yes,No,Yes,Yes,No,No,1
CUST-01435,60,79.64,4784.32,Month-to-month,DSL,Bank transfer,0,Yes,No,Yes,No,Yes,No,No,No,No,No,0
CUST-01436,63,82.26,5185.09,Month-to-month,Fiber optic,Electronic check,0,No,Yes,Yes,Yes,Yes,No,Yes,Yes,No,Yes,1
CUST-01437,2,60.57,112.62,Month-to-month,Fiber optic,Mailed check,0,Yes,No,Yes,No,Yes,No,No,No,No,Yes,1
CUST-01438,72,32.72,2322.7,One year,DSL,Bank transfer,0,No,No,Yes,No,No,No,Yes,Yes,Yes,Yes,0
CUST-01439,11,27.54,312.37,One year,DSL,Mailed check,1,Yes,No,Yes,No,No,Yes,Yes,No,No,Yes,1
CUST-01440,64,19.7,1286.24,One year,DSL,Electronic check,0,Yes,No,Yes,Yes,Yes,Yes,No,No,No,Yes,1
CUST-01441,72,107.1,7716.76,Month-to-month,DSL,Bank transfer,1,No,No,Yes,Yes,No,Yes,Yes,Yes,No,Yes,0
CUST-01442,21,42.12,867.57,Month-to-month,No,Mailed check,0,Yes,Yes,No,No phone service,No internet service,No internet service,No internet service,No internet service,No internet service,No,0
CUST-01443,18,39.57,713.15,Month-to-month,Fiber optic,Electronic check,0,Yes,Yes,Yes,Yes,No,Yes,No,Yes,No,No,1
CUST-01444,64,93.08,5929.8,Month-to-month,DSL,Bank transfer,1,No,Yes,Yes,No,No,No,Yes,Yes,Yes,No,0
CUST-01445,38,50.64,1945.48,Month-to-month,Fiber optic,Credit card,1,No,Yes,Yes,Yes,Yes,Yes,Yes,Yes,Yes,No,0
CUST-01446,32,69.62,2229.48,Month-to-month,DSL,Electronic check,0,No,No,Yes,Yes,Yes,No,Yes,Yes,No,Yes,0
CUST-01447,11,34.58,345.02,One year,Fiber optic,Bank transfer,0,No,No,Yes,Yes,Yes,Yes,No,Yes,Yes,Yes,0
CUST-01448,45,115.89,5209.04,Two year,Fiber optic,Bank transfer,0,Yes,No,Yes,Yes,Yes,Yes,Yes,No,Yes,Yes,0
CUST-01449,33,104.86,3469.65,One year,Fiber optic,Electronic check,0,No,No,Yes,No,Yes,No,Yes,No,Yes,Yes,1
CUST-01450,41,106.11,4343.85,Month-to-month,DSL,Electronic check,0,No,No,Yes,Yes,No,No,Yes,No,Yes,Yes,1
CUST-01451,8,59.49,470.4,One year,DSL,Mailed check,0,Yes,No,Yes,Yes,No,No,Yes,No,No,No,0
CUST-01452,11,95.76,1028.87,Month-to-month,Fiber optic,Credit card,0,No,No,Yes,Yes,No,No,Yes,Yes,No,Yes,1
CUST-01453,51,32.68,1678.01,One year,No,Electronic check,0,Yes,No,Yes,No,No internet service,No internet service,No internet service,No internet service,No internet service,Yes,0
CUST-01454,41,18.88,761.11,Month-to-month,No,Credit card,1,No,Yes,Yes,No,No internet service,No internet service,No internet service,No internet service,No internet service,Yes,0
CUST-01455,17,20.04,297.55,Month-to-month,DSL,Bank transfer,0,Yes,No,Yes,No,Yes,No,Yes,No,Yes,Yes,0
CUST-01456,46,77.83,3572.75,Two year,Fiber optic,Electronic check,0,No,No,Yes,No,No,No,No,No,No,No,1
CUST-01457,32,64.45,2082.02,One year,Fiber optic,Mailed check,1,Yes,No,Yes,No,No,Yes,No,No,Yes,Yes,1
CUST-01458,54,70.84,3817.62,Month-to-month,No,Credit card,0,No,No,Yes,No,No internet service,No internet service,No internet service,No internet service,No internet service,Yes,1
CUST-01459,20,18.76,409.96,Month-to-month,DSL,Electronic check,0,Yes,Yes,Yes,Yes,No,No,No,Yes,No,Yes,0
CUST-01460,33,61.11,2025.21,Month-to-month,Fiber optic,Mailed check,0,Yes,Yes,Yes,No,No,Yes,Yes,Yes,Yes,Yes,0
CUST-01461,40,91.24,3656.38,Two year,DSL,Bank transfer,0,No,Yes,Yes,No,Yes,No,No,Yes,No,Yes,1
CUST-01462,32,63.15,2018.23,One year,Fiber optic,Electronic check,0,No,No,Yes,Yes,No,No,Yes,No,No,Yes,1
CUST-01463,2,92.69,184.01,Two year,Fiber optic,Electronic check,0,Yes,No,Yes,Yes,Yes,No,No,No,Yes,No,1
CUST-01464,33,41.77,1373.14,Month-to-month,Fiber optic,Electronic check,0,No,Yes,Yes,Yes,Yes,Yes,Yes,No,Yes,Yes,0
CUST-01465,30,100.94,3022.15,One year,No,Electronic check,0,Yes,Yes,Yes,Yes,No internet service,No internet service,No internet service,No internet service,No internet service,No,0
CUST-01466,33,78.02,2585.28,One year,Fiber optic,Electronic check,0,No,No,Yes,No,No,No,Yes,No,No,No,0
CUST-01467,26,39.5,1008.28,Month-to-month,Fiber optic,Credit card,0,No,No,Yes,No,No,Yes,No,No,Yes,Yes,1
CUST-01468,22,42.15,905.78,Month-to-month,DSL,Credit card,0,No,No,Yes,No,No,Yes,Yes,Yes,No,Yes,0
CUST-01469,66,82.06,5393.5,One year,Fiber optic,Electronic check,0,No,Yes,Yes,No,Yes,Yes,No,No,No,Yes,0
CUST-01470,38,102.65,3941.61,One year,Fiber optic,Mailed check,0,No,No,Yes,Yes,Yes,Yes,Yes,Yes,Yes,Yes,1
CUST-01471,46,60.39,2788.55,One year,DSL,Electronic check,0,Yes,No,Yes,No,Yes,No,Yes,No,No,Yes,0
CUST-01472,15,44.35,671.34,One year,No,Electronic check,0,No,No,Yes,No,No internet service,No internet service,No internet service,No internet service,No internet service,Yes,0
CUST-01473,44,106.44,4662.21,One year,DSL,Electronic check,0,No,No,Yes,Yes,Yes,Yes,Yes,No,No,Yes,1
CUST-01474,49,86.27,4239.7,One year,Fiber optic,Mailed check,0,Yes,No,Yes,Yes,Yes,Yes,No,Yes,No,Yes,0
CUST-01475,61,63.7,3883.37,Month-to-month,No,Credit card,0,Yes,No,Yes,Yes,No internet service,No internet service,No internet service,No internet service,No internet service,No,0
CUST-01476,67,67.77,4544.87,Month-to-month,No,Mailed check,0,No,Yes,Yes,No,No internet service,No internet service,No internet service,No internet service,No internet service,Yes,0
CUST-01477,6,38.83,213.45,One year,No,Mailed check,0,No,No,Yes,No,No internet service,No internet service,No internet service,No internet service,No internet service,No,0
CUST-01478,9,81.93,740.58,Two year,DSL,Electronic check,0,Yes,No,No,No phone service,Yes,No,Yes,No,No,No,1
CUST-01479,6,54.59,319.06,Month-to-month,No,Electronic check,0,No,No,Yes,Yes,No internet service,No internet service,No internet service,No internet service,No internet service,No,0
CUST-01480,32,119.56,3810.61,Month-to-month,DSL,Credit card,0,Yes,Yes,Yes,No,Yes,No,No,No,Yes,No,0
CUST-01481,41,66.98,2760.86,Month-to-month,No,Electronic check,0,No,No,Yes,No,No internet service,No internet service,No internet service,No internet service,No internet service,Yes,1
CUST-01482,8,67.56,509.73,Month-to-month,Fiber optic,Credit card,1,No,No,Yes,Yes,Yes,Yes,No,No,No,Yes,1
CUST-01483,72,75.72,5463.14,Month-to-month,Fiber optic,Electronic check,0,Yes,Yes,Yes,No,No,Yes,No,Yes,Yes,Yes,1
CUST-01484,50,111.51,5589.19,One year,DSL,Bank transfer,0,Yes,No,Yes,No,No,Yes,Yes,No,Yes,Yes,0
CUST-01485,62,99.68,6162.57,Month-to-month,Fiber optic,Credit card,1,No,No,No,No phone service,Yes,No,No,No,No,Yes,1
CUST-01486,62,64.02,3952.83,One year,No,Electronic check,0,No,Yes,Yes,Yes,No internet service,No internet service,No internet service,No internet service,No internet service,Yes,0
CUST-01487,7,91.31,634.71,Two year,No,Mailed check,0,No,No,Yes,Yes,No internet service,No internet service,No internet service,No internet service,No internet service,No,1
CUST-01488,4,77.8,316.84,Two year,DSL,Bank transfer,0,No,No,No,No phone service,No,No,Yes,No,Yes,Yes,0
CUST-01489,6,68.22,406.26,Month-to-month,No,Electronic check,0,No,No,Yes,Yes,No internet service,No internet service,No internet service,No internet service,No internet service,Yes,0
CUST-01490,58,37.62,2190.63,One year,DSL,Bank transfer,0,No,No,Yes,Yes,Yes,Yes,Yes,No,No,Yes,1
CUST-01491,22,65.32,1472.3,Month-to-month,Fiber optic,Electronic check,0,No,No,Yes,No,No,No,Yes,No,No,Yes,1
CUST-01492,26,43.07,1109.67,Month-to-month,Fiber optic,Electronic check,0,No,No,Yes,Yes,Yes,No,No,Yes,No,No,1
CUST-01493,3,111.31,299.63,One year,DSL,Electronic check,0,No,Yes,Yes,No,Yes,Yes,Yes,Yes,No,No,1
CUST-01494,41,52.21,2157.13,One year,DSL,Credit card,0,No,No,Yes,No,No,No,Yes,Yes,No,Yes,0
CUST-01495,60,115.13,6941.47,Month-to-month,Fiber optic,Electronic check,0,Yes,No,Yes,Yes,No,Yes,Yes,Yes,No,Yes,1
CUST-01496,14,72.37,1021.04,Two year,Fiber optic,Electronic check,0,No,No,No,No phone service,Yes,No,Yes,No,No,Yes,1
CUST-01497,12,82.42,967.29,Two year,DSL,Bank transfer,0,Yes,No,Yes,Yes,Yes,Yes,Yes,Yes,Yes,Yes,0
CUST-01498,12,73.38,878.08,One year,Fiber optic,Mailed check,0,No,No,Yes,Yes,Yes,Yes,No,Yes,Yes,Yes,0
CUST-01499,13,31.2,383.23,One year,No,Mailed check,0,Yes,Yes,No,No phone service,No internet service,No internet service,No internet service,No internet service,No internet service,No,0
CUST-01500,25,56.33,1421.11,Month-to-month,Fiber optic,Electronic check,0,No,No,Yes,No,No,No,Yes,No,Yes,Yes,1
CUST-01501,45,28.11,1237.92,One year,DSL,Bank transfer,0,Yes,No,No,No phone service,No,No,Yes,Yes,Yes,Yes,0
CUST-01502,19,81.54,1543.26,Month-to-month,DSL,Bank transfer,0,Yes,No,Yes,No,Yes,No,Yes,Yes,Yes,No,1
CUST-01503,55,63.58,3476.81,Two year,Fiber optic,Mailed check,0,Yes,No,Yes,Yes,No,Yes,No,Yes,No,Yes,0
CUST-01504,45,97.35,4383.29,Month-to-month,Fiber optic,Electronic check,0,Yes,Yes,Yes,Yes,Yes,Yes,Yes,Yes,Yes,No,0
CUST-01505,8,40.49,316.59,Month-to-month,Fiber optic,Bank transfer,0,No,No,Yes,No,No,No,No,Yes,No,No,1
CUST-01506,53,34.79,1847.41,One year,No,Bank transfer,0,Yes,No,Yes,Yes,No internet service,No internet service,No internet service,No internet service,No internet service,No,0
CUST-01507,55,59.45,3270.2,Month-to-month,Fiber optic,Electronic check,0,Yes,No,Yes,Yes,No,Yes,No,Yes,Yes,Yes,0
CUST-01508,32,112.51,3580.59,Month-to-month,DSL,Electronic check,0,No,Yes,Yes,No,Yes,No,Yes,Yes,No,Yes,0
CUST-01509,51,90.46,4626.0,Month-to-month,No,Electronic check,0,Yes,No,Yes,Yes,No internet service,No internet service,No internet service,No internet service,No internet service,Yes,1
CUST-01510,44,60.73,2671.14,Two year,Fiber optic,Bank transfer,0,Yes,No,Yes,Yes,Yes,No,No,No,Yes,Yes,0
CUST-01511,70,70.76,4933.43,Month-to-month,Fiber optic,Credit card,1,No,No,Yes,Yes,No,No,Yes,Yes,No,Yes,0
CUST-01512,18,26.59,523.44,Month-to-month,No,Electronic check,0,No,No,No,No phone service,No internet service,No internet service,No internet service,No internet service,No internet service,Yes,0
CUST-01513,22,118.43,2614.99,Month-to-month,No,Electronic check,0,Yes,No,Yes,Yes,No internet service,No internet service,No internet service,No internet service,No internet service,No,1
CUST-01514,37,85.97,3177.82,Month-to-month,Fiber optic,Electronic check,0,Yes,Yes,No,No phone service,No,No,Yes,Yes,No,Yes,1
CUST-01515,56,47.11,2666.46,Month-to-month,DSL,Electronic check,0,No,No,Yes,No,Yes,Yes,No,No,Yes,No,0
CUST-01516,59,77.75,4624.09,One year,No,Mailed check,0,Yes,No,Yes,Yes,No internet service,No internet service,No internet service,No internet service,No internet service,Yes,0
CUST-01517,3,29.17,84.6,Month-to-month,Fiber optic,Credit card,0,No,No,Yes,No,No,No,No,Yes,Yes,No,1
CUST-01518,28,116.52,3269.51,Month-to-month,Fiber optic,Electronic check,0,No,Yes,No,No phone service,No,Yes,Yes,Yes,Yes,No,1
CUST-01519,35,35.83,1234.29,Month-to-month,Fiber optic,Bank transfer,0,No,No,Yes,Yes,Yes,Yes,No,Yes,No,Yes,1
CUST-01520,61,84.1,5127.16,Month-to-month,Fiber optic,Mailed check,0,No,No,Yes,Yes,No,No,No,No,No,No,1
CUST-01521,54,43.04,2320.18,Month-to-month,No,Credit card,1,Yes,Yes,Yes,No,No internet service,No internet service,No internet service,No internet service,No internet service,No,0
CUST-01522,63,91.19,5748.67,One year,Fiber optic,Mailed check,0,Yes,Yes,Yes,No,Yes,No,No,Yes,No,No,0
CUST-01523,7,97.24,687.34,Month-to-month,No,Electronic check,0,No,No,Yes,No,No internet service,No internet service,No internet service,No internet service,No internet service,No,1
CUST-01524,49,86.69,4259.01,Month-to-month,No,Credit card,0,No,No,Yes,Yes,No internet service,No internet service,No internet service,No internet service,No internet service,Yes,0
CUST-01525,31,80.68,2505.83,One year,No,Electronic check,0,No,No,Yes,No,No internet service,No internet service,No internet service,No internet service,No internet service,Yes,1
CUST-01526,58,109.03,6299.53,Month-to-month,Fiber optic,Bank transfer,0,No,No,Yes,No,Yes,Yes,No,Yes,No,No,1
CUST-01527,61,26.02,1568.45,One year,No,Credit card,0,No,No,Yes,No,No internet service,No internet service,No internet service,No internet service,No internet service,No,0
CUST-01528,24,51.75,1231.07,Month-to-month,Fiber optic,Electronic check,1,Yes,No,Yes,Yes,No,Yes,No,Yes,Yes,No,1
CUST-01529,20,43.33,860.96,Month-to-month,DSL,Mailed check,0,Yes,Yes,Yes,No,No,Yes,No,Yes,Yes,Yes,1
CUST-01530,37,118.78,4415.88,Two year,No,Credit card,0,Yes,Yes,No,No phone service,No internet service,No internet service,No internet service,No internet service,No internet service,No,0
CUST-01531,4,57.72,207.62,Month-to-month,Fiber optic,Credit card,0,Yes,No,Yes,Yes,Yes,Yes,No,No,Yes,Yes,1
CUST-01532,20,92.73,1847.45,Two year,DSL,Bank transfer,0,No,No,Yes,Yes,Yes,No,No,No,No,Yes,0
CUST-01533,60,87.84,5289.46,One year,DSL,Electronic check,0,No,No,Yes,No,No,Yes,Yes,Yes,No,Yes,0
CUST-01534,24,39.63,945.12,One year,DSL,Bank transfer,0,No,No,No,No phone service,Yes,Yes,No,No,No,No,0
CUST-01535,50,42.38,2128.21,Two year,Fiber optic,Bank transfer,0,No,No,Yes,Yes,No,Yes,No,No,No,No,0
CUST-01536,49,46.69,2285.02,Two year,Fiber optic,Bank transfer,0,Yes,Yes,Yes,No,No,Yes,Yes,No,Yes,Yes,0
CUST-01537,51,59.93,3061.57,One year,DSL,Credit card,0,No,No,Yes,Yes,Yes,No,Yes,Yes,No,No,0
CUST-01538,36,41.9,1503.83,One year,No,Electronic check,0,Yes,No,No,No phone service,No internet service,No internet service,No internet service,No internet service,No internet service,Yes,0
CUST-01539,66,20.0,1333.34,Month-to-month,DSL,Electronic check,0,No,No,No,No phone service,Yes,Yes,Yes,No,Yes,Yes,0
CUST-01540,34,107.7,3630.9,Month-to-month,No,Bank transfer,0,Yes,No,Yes,Yes,No internet service,No internet service,No internet service,No internet service,No internet service,Yes,0
CUST-01541,36,116.49,4186.37,Month-to-month,Fiber optic,Credit card,1,No,No,Yes,Yes,No,Yes,No,Yes,Yes,Yes,0
CUST-01542,6,52.84,322.97,Month-to-month,Fiber optic,Mailed check,0,Yes,No,No,No phone service,Yes,Yes,Yes,No,Yes,Yes,1
CUST-01543,39,52.53,2059.34,Two year,Fiber optic,Credit card,0,No,No,Yes,No,Yes,No,No,No,No,No,0
CUST-01544,42,18.72,816.1,Month-to-month,DSL,Credit card,0,Yes,No,Yes,No,No,Yes,No,Yes,Yes,No,1
CUST-01545,58,87.39,5060.8,Month-to-month,No,Credit card,0,Yes,No,Yes,Yes,No internet service,No internet service,No internet service,No internet service,No internet service,Yes,1
CUST-01546,12,102.19,1255.87,One year,DSL,Credit card,1,Yes,No,Yes,Yes,No,Yes,No,Yes,Yes,Yes,0
CUST-01547,3,32.95,85.67,Month-to-month,No,Credit card,0,No,Yes,No,No phone service,No internet service,No internet service,No internet service,No internet service,No internet service,Yes,1
CUST-01548,18,34.29,643.79,Month-to-month,Fiber optic,Credit card,0,No,No,Yes,No,Yes,Yes,No,No,No,No,1
CUST-01549,40,98.59,3959.95,One year,Fiber optic,Bank transfer,0,No,No,Yes,Yes,No,No,No,No,Yes,Yes,1
CUST-01550,21,80.86,1679.79,One year,Fiber optic,Electronic check,1,No,Yes,Yes,Yes,No,Yes,Yes,No,No,Yes,0
CUST-01551,15,22.58,344.84,One year,DSL,Electronic check,1,Yes,No,Yes,Yes,Yes,Yes,Yes,No,Yes,No,0
CUST-01552,26,81.5,2117.98,Month-to-month,Fiber optic,Electronic check,1,No,No,Yes,No,No,Yes,No,No,No,Yes,1
CUST-01553,8,49.51,408.59,Month-to-month,No,Electronic check,0,No,No,Yes,No,No internet service,No internet service,No internet service,No internet service,No internet service,No,0
CUST-01554,42,55.61,2331.15,One year,DSL,Electronic check,0,Yes,No,Yes,No,Yes,Yes,No,Yes,Yes,Yes,0
CUST-01555,44,96.51,4240.3,Month-to-month,Fiber optic,Credit card,0,No,Yes,Yes,Yes,No,No,No,No,No,Yes,1
CUST-01556,14,100.72,1437.46,One year,Fiber optic,Bank transfer,0,Yes,No,No,No phone service,Yes,No,Yes,No,No,No,0
CUST-01557,2,58.84,115.71,Two year,Fiber optic,Electronic check,0,Yes,Yes,Yes,Yes,Yes,No,No,Yes,No,Yes,0
CUST-01558,37,114.61,4257.1,Month-to-month,DSL,Credit card,0,No,No,Yes,Yes,No,No,Yes,No,No,No,1
CUST-01559,69,59.46,4098.23,Month-to-month,Fiber optic,Mailed check,0,No,No,Yes,Yes,No,Yes,No,No,Yes,Yes,1
CUST-01560,38,96.73,3709.07,Month-to-month,No,Electronic check,0,No,No,Yes,No,No internet service,No internet service,No internet service,No internet service,No internet service,No,0
CUST-01561,41,67.36,2748.19,One year,DSL,Credit card,1,Yes,No,Yes,No,No,No,No,No,Yes,Yes,0
CUST-01562,62,109.55,6779.82,Month-to-month,Fiber optic,Electronic check,0,No,No,Yes,Yes,Yes,No,Yes,No,No,No,0
CUST-01563,60,110.59,6665.89,Month-to-month,Fiber optic,Bank transfer,0,No,No,Yes,Yes,Yes,Yes,Yes,No,Yes,Yes,1
CUST-01564,14,26.92,367.98,Two year,Fiber optic,Electronic check,0,No,Yes,Yes,Yes,Yes,Yes,No,No,No,Yes,0
CUST-01565,2,113.52,259.06,Month-to-month,Fiber optic,Mailed check,0,No,Yes,No,No phone service,Yes,Yes,No,Yes,No,No,1
CUST-01566,70,102.2,7171.84,Month-to-month,Fiber optic,Credit card,0,No,Yes,Yes,No,Yes,Yes,Yes,Yes,Yes,No,1
CUST-01567,17,98.71,1674.98,One year,DSL,Electronic check,1,Yes,No,Yes,Yes,Yes,No,No,No,Yes,No,1
CUST-01568,28,38.49,1041.45,Month-to-month,No,Credit card,0,No,No,Yes,Yes,No internet service,No internet service,No internet service,No internet service,No internet service,Yes,0
CUST-01569,66,100.12,6607.53,One year,No,Electronic check,1,No,No,No,No phone service,No internet service,No internet service,No internet service,No internet service,No internet service,No,0
CUST-01570,35,104.71,3666.88,One year,DSL,Mailed check,1,Yes,No,No,No phone service,Yes,Yes,Yes,No,No,Yes,0
CUST-01571,5,47.49,260.79,Month-to-month,Fiber optic,Credit card,0,No,No,Yes,Yes,Yes,No,Yes,Yes,No,Yes,1
CUST-01572,65,115.13,7515.22,Two year,Fiber optic,Credit card,1,No,No,Yes,No,Yes,No,No,Yes,Yes,Yes,0
CUST-01573,40,23.09,909.9,Month-to-month,No,Electronic check,1,No,No,Yes,No,No internet service,No internet service,No internet service,No internet service,No internet service,Yes,0
CUST-01574,56,33.29,1880.26,Two year,No,Electronic check,1,Yes,Yes,Yes,No,No internet service,No internet service,No internet service,No internet service,No internet service,No,0
CUST-01575,36,72.83,2637.19,Month-to-month,No,Bank transfer,1,Yes,No,Yes,Yes,No internet service,No internet service,No internet service,No internet service,No internet service,No,1
CUST-01576,45,76.73,3474.32,Month-to-month,DSL,Electronic check,0,Yes,Yes,No,No phone service,Yes,No,No,Yes,Yes,Yes,1
CUST-01577,23,83.81,1937.6,Month-to-month,No,Mailed check,0,No,No,Yes,No,No internet service,No internet service,No internet service,No internet service,No internet service,Yes,1
CUST-01578,47,19.73,888.46,Month-to-month,No,Credit card,0,Yes,No,Yes,No,No internet service,No internet service,No internet service,No internet service,No internet service,Yes,1
CUST-01579,31,115.96,3591.65,One year,Fiber optic,Mailed check,1,Yes,No,Yes,Yes,No,No,No,No,No,Yes,1
CUST-01580,11,22.55,224.94,One year,Fiber optic,Electronic check,0,No,No,Yes,No,No,Yes,No,No,No,Yes,1
CUST-01581,10,32.59,321.85,One year,Fiber optic,Mailed check,0,Yes,No,Yes,No,No,Yes,No,No,No,No,0
CUST-01582,67,19.43,1321.41,Month-to-month,Fiber optic,Credit card,0,No,No,Yes,No,Yes,No,No,No,No,No,0
CUST-01583,14,75.82,1067.58,Month-to-month,DSL,Bank transfer,0,No,No,Yes,Yes,Yes,Yes,Yes,Yes,No,Yes,1
CUST-01584,10,113.09,1153.86,One year,DSL,Bank transfer,0,No,Yes,Yes,No,No,No,No,Yes,No,No,1
CUST-01585,1,85.93,92.77,Month-to-month,DSL,Electronic check,0,No,No,Yes,Yes,Yes,Yes,No,No,Yes,No,1
CUST-01586,5,101.91,483.58,One year,Fiber optic,Electronic check,0,No,No,Yes,No,No,Yes,Yes,No,Yes,Yes,1
CUST-01587,20,19.35,336.58,One year,DSL,Electronic check,0,No,No,No,No phone service,No,No,No,No,No,Yes,1
CUST-01588,8,73.29,589.3,Month-to-month,Fiber optic,Mailed check,0,No,Yes,No,No phone service,No,No,No,Yes,Yes,Yes,1
CUST-01589,43,64.88,2785.56,One year,DSL,Electronic check,0,Yes,Yes,Yes,No,No,No,No,Yes,Yes,Yes,0
CUST-01590,1,68.89,49.35,One year,No,Mailed check,0,No,No,Yes,Yes,No internet service,No internet service,No internet service,No internet service,No internet service,Yes,0
CUST-01591,57,25.37,1412.08,One year,No,Bank transfer,0,No,Yes,Yes,Yes,No internet service,No internet service,No internet service,No internet service,No internet service,No,0
CUST-01592,64,87.81,5605.15,Month-to-month,No,Bank transfer,0,No,No,Yes,No,No internet service,No internet service,No internet service,No internet service,No internet service,No,1
CUST-01593,28,69.33,1937.35,Month-to-month,Fiber optic,Electronic check,0,No,No,Yes,Yes,No,No,No,Yes,No,No,1
CUST-01594,37,96.05,3567.17,Month-to-month,DSL,Bank transfer,0,No,No,Yes,No,No,No,No,No,No,No,1
CUST-01595,47,67.5,3176.27,Month-to-month,Fiber optic,Bank transfer,0,Yes,Yes,No,No phone service,Yes,No,No,No,No,No,0
CUST-01596,37,33.24,1262.04,Month-to-month,DSL,Electronic check,0,Yes,No,No,No phone service,No,Yes,Yes,No,Yes,Yes,1
CUST-01597,49,84.12,4101.17,Two year,No,Electronic check,0,Yes,No,Yes,Yes,No internet service,No internet service,No internet service,No internet service,No internet service,Yes,0
CUST-01598,44,35.58,1583.14,One year,DSL,Bank transfer,1,No,No,Yes,Yes,No,No,No,Yes,No,Yes,1
CUST-01599,56,106.98,5991.83,One year,Fiber optic,Mailed check,1,Yes,No,Yes,Yes,Yes,No,No,Yes,Yes,Yes,0
CUST-01600,28,80.54,2269.01,Month-to-month,Fiber optic,Electronic check,0,Yes,No,Yes,No,No,Yes,Yes,No,Yes,No,1
CUST-01601,6,34.03,195.45,Two year,No,Electronic check,0,No,No,Yes,No,No internet service,No internet service,No internet service,No internet service,No internet service,Yes,0
CUST-01602,61,116.16,7107.19,Month-to-month,Fiber optic,Electronic check,0,Yes,No,Yes,No,Yes,Yes,Yes,No,No,Yes,0
CUST-01603,20,70.87,1423.3,One year,Fiber optic,Credit card,0,No,Yes,Yes,Yes,Yes,No,No,No,No,No,0
CUST-01604,2,25.44,37.29,Two year,Fiber optic,Bank transfer,0,Yes,Yes,Yes,No,No,No,Yes,No,No,No,0
CUST-01605,37,81.94,3031.54,One year,Fiber optic,Mailed check,0,No,No,Yes,No,No,Yes,No,Yes,No,Yes,0
CUST-01606,20,43.83,871.81,Two year,DSL,Credit card,0,Yes,Yes,No,No phone service,No,No,No,No,No,Yes,0
CUST-01607,26,99.98,2609.26,One year,No,Bank transfer,0,Yes,No,Yes,Yes,No internet service,No internet service,No internet service,No internet service,No internet service,Yes,0
CUST-01608,29,101.42,2917.58,Month-to-month,Fiber optic,Bank transfer,1,No,No,Yes,Yes,No,Yes,Yes,Yes,No,Yes,1
CUST-01609,1,117.85,117.26,Month-to-month,DSL,Electronic check,0,No,No,Yes,Yes,Yes,No,No,No,No,No,1
CUST-01610,35,69.19,2429.56,Month-to-month,No,Bank transfer,0,Yes,No,Yes,Yes,No internet service,No internet service,No internet service,No internet service,No internet service,No,1
CUST-01611,70,64.41,4509.36,Month-to-month,Fiber optic,Electronic check,1,No,No,Yes,No,Yes,No,Yes,No,No,Yes,1
CUST-01612,59,94.85,5623.09,One year,No,Mailed check,0,No,Yes,Yes,Yes,No internet service,No internet service,No internet service,No internet service,No internet service,Yes,0
CUST-01613,69,31.51,2189.67,Month-to-month,No,Electronic check,1,Yes,No,Yes,No,No internet service,No internet service,No internet service,No internet service,No internet service,Yes,0
CUST-01614,33,73.79,2434.92,Two year,No,Electronic check,0,No,Yes,Yes,Yes,No internet service,No internet service,No internet service,No internet service,No internet service,No,0
CUST-01615,51,73.72,3764.05,Month-to-month,DSL,Electronic check,0,Yes,No,Yes,No,No,No,No,No,Yes,Yes,0
CUST-01616,12,27.13,331.47,Month-to-month,DSL,Mailed check,0,Yes,Yes,Yes,Yes,No,Yes,Yes,No,No,No,1
CUST-01617,20,60.63,1220.67,Two year,No,Credit card,0,Yes,No,Yes,No,No internet service,No internet service,No internet service,No internet service,No internet service,Yes,0
CUST-01618,53,105.04,5530.61,Month-to-month,No,Mailed check,0,Yes,Yes,Yes,No,No internet service,No internet service,No internet service,No internet service,No internet service,Yes,1
CUST-01619,43,105.33,4523.16,One year,Fiber optic,Credit card,0,Yes,No,Yes,Yes,No,Yes,Yes,Yes,No,Yes,0
CUST-01620,50,28.12,1376.31,One year,Fiber optic,Bank transfer,0,Yes,No,Yes,Yes,Yes,Yes,Yes,Yes,Yes,No,0
CUST-01621,29,27.25,815.82,Month-to-month,DSL,Mailed check,0,Yes,Yes,Yes,Yes,No,No,Yes,Yes,Yes,Yes,0
CUST-01622,57,44.79,2551.81,Month-to-month,No,Electronic check,0,No,No,Yes,Yes,No internet service,No internet service,No internet service,No internet service,No internet service,No,1
CUST-01623,39,107.23,4178.1,Month-to-month,DSL,Credit card,0,No,No,Yes,Yes,No,Yes,Yes,No,Yes,Yes,0
CUST-01624,56,31.15,1762.34,One year,DSL,Electronic check,0,No,No,Yes,Yes,No,Yes,No,Yes,No,Yes,0
CUST-01625,43,91.44,3940.37,One year,Fiber optic,Bank transfer,1,Yes,No,Yes,Yes,Yes,Yes,No,Yes,No,Yes,0
CUST-01626,50,28.32,1393.43,Month-to-month,DSL,Bank transfer,0,No,No,Yes,Yes,Yes,No,Yes,Yes,No,No,0
CUST-01627,23,81.56,1874.46,One year,No,Mailed check,1,Yes,Yes,Yes,No,No internet service,No internet service,No internet service,No internet service,No internet service,No,0
CUST-01628,44,54.32,2383.38,Month-to-month,DSL,Electronic check,0,Yes,Yes,Yes,No,No,Yes,Yes,Yes,Yes,Yes,0
CUST-01629,38,98.47,3706.97,One year,DSL,Mailed check,0,No,No,Yes,Yes,Yes,No,No,Yes,Yes,Yes,1
CUST-01630,23,41.84,948.51,Two year,Fiber optic,Credit card,0,No,No,Yes,No,Yes,Yes,No,Yes,Yes,No,0
CUST-01631,45,83.2,3740.33,Two year,Fiber optic,Credit card,0,Yes,No,Yes,No,Yes,Yes,Yes,No,No,Yes,0
CUST-01632,52,42.04,2183.78,One year,DSL,Credit card,0,Yes,No,Yes,Yes,Yes,Yes,Yes,Yes,No,Yes,0
CUST-01633,50,90.79,4509.86,Month-to-month,Fiber optic,Electronic check,0,No,No,Yes,Yes,Yes,Yes,Yes,Yes,Yes,Yes,1
CUST-01634,8,107.12,879.99,Two year,Fiber optic,Mailed check,0,No,No,Yes,No,Yes,Yes,Yes,No,No,No,0
CUST-01635,1,30.93,28.89,Month-to-month,No,Electronic check,0,Yes,Yes,Yes,Yes,No internet service,No internet service,No internet service,No internet service,No internet service,No,1
CUST-01636,8,106.39,851.87,One year,DSL,Credit card,0,No,Yes,Yes,No,Yes,No,Yes,Yes,Yes,Yes,0
CUST-01637,29,78.54,2285.67,Month-to-month,No,Electronic check,0,Yes,No,Yes,Yes,No internet service,No internet service,No internet service,No internet service,No internet service,Yes,1
CUST-01638,5,30.97,139.09,Two year,Fiber optic,Mailed check,0,No,Yes,No,No phone service,Yes,Yes,No,No,Yes,Yes,0
CUST-01639,47,61.61,2904.8,One year,DSL,Credit card,0,Yes,No,Yes,Yes,No,Yes,Yes,Yes,No,Yes,0
CUST-01640,34,34.41,1162.6,One year,DSL,Mailed check,0,Yes,No,No,No phone service,No,No,Yes,Yes,Yes,Yes,0
CUST-01641,65,89.44,5795.67,Month-to-month,Fiber optic,Mailed check,0,Yes,No,Yes,Yes,No,No,Yes,No,No,Yes,1
CUST-01642,55,95.4,5258.47,One year,DSL,Electronic check,0,No,Yes,Yes,No,No,No,Yes,No,No,No,0
CUST-01643,43,28.79,1267.8,One year,DSL,Mailed check,0,Yes,No,Yes,No,Yes,No,No,No,Yes,No,0
CUST-01644,30,69.63,2103.4,One year,DSL,Credit card,1,No,No,Yes,Yes,Yes,Yes,No,Yes,Yes,Yes,0
CUST-01645,17,101.09,1736.99,Month-to-month,Fiber optic,Mailed check,0,No,No,Yes,No,Yes,Yes,No,Yes,No,No,1
CUST-01646,26,113.49,2940.33,Month-to-month,Fiber optic,Electronic check,0,No,No,Yes,No,Yes,No,Yes,No,No,No,0
CUST-01647,8,70.38,531.09,Month-to-month,DSL,Electronic check,0,Yes,Yes,No,No phone service,No,No,No,No,Yes,Yes,1
CUST-01648,47,114.93,5431.51,Month-to-month,Fiber optic,Electronic check,0,Yes,No,Yes,No,No,No,Yes,No,No,Yes,0
CUST-01649,72,72.64,5271.17,Month-to-month,No,Bank transfer,1,Yes,No,Yes,No,No internet service,No internet service,No internet service,No internet service,No internet service,Yes,1
CUST-01650,46,58.21,2708.52,Month-to-month,DSL,Electronic check,0,Yes,No,Yes,No,No,No,Yes,No,Yes,No,0
CUST-01651,68,104.52,7100.64,Month-to-month,No,Bank transfer,0,No,Yes,Yes,Yes,No internet service,No internet service,No internet service,No internet service,No internet service,Yes,0
CUST-01652,33,68.28,2230.15,Month-to-month,Fiber optic,Mailed check,1,No,No,Yes,No,Yes,Yes,Yes,Yes,No,No,0
CUST-01653,1,66.13,44.82,Month-to-month,No,Bank transfer,1,Yes,No,Yes,Yes,No internet service,No internet service,No internet service,No internet service,No internet service,No,1
CUST-01654,19,68.01,1258.52,Two year,DSL,Electronic check,0,Yes,No,Yes,No,Yes,Yes,Yes,Yes,Yes,No,0
CUST-01655,31,104.37,3233.32,Month-to-month,No,Bank transfer,0,No,Yes,Yes,Yes,No internet service,No internet service,No internet service,No internet service,No internet service,No,1
CUST-01656,14,102.86,1472.15,Month-to-month,Fiber optic,Mailed check,0,No,No,Yes,No,Yes,No,No,Yes,No,No,1
CUST-01657,53,59.16,3132.65,Month-to-month,Fiber optic,Mailed check,0,No,Yes,Yes,Yes,Yes,Yes,Yes,No,No,Yes,0
CUST-01658,48,52.0,2502.05,One year,Fiber optic,Credit card,0,Yes,No,Yes,No,Yes,No,No,No,No,No,0
CUST-01659,69,68.18,4731.93,Two year,DSL,Electronic check,0,Yes,No,Yes,No,Yes,Yes,No,No,Yes,Yes,0
CUST-01660,62,76.42,4729.96,Month-to-month,No,Mailed check,0,No,No,Yes,Yes,No internet service,No internet service,No internet service,No internet service,No internet service,No,1
CUST-01661,66,42.31,2833.17,Month-to-month,Fiber optic,Electronic check,0,Yes,Yes,No,No phone service,No,No,Yes,Yes,Yes,Yes,1
CUST-01662,64,98.98,6374.56,Two year,DSL,Mailed check,1,No,No,Yes,No,Yes,No,No,No,No,No,0
CUST-01663,70,67.62,4730.78,Month-to-month,DSL,Mailed check,0,Yes,No,No,No phone service,Yes,Yes,Yes,No,Yes,Yes,1
CUST-01664,63,52.07,3268.86,Month-to-month,DSL,Electronic check,1,No,No,Yes,Yes,No,Yes,No,Yes,Yes,Yes,1
CUST-01665,33,28.9,967.64,Month-to-month,Fiber optic,Bank transfer,0,No,No,Yes,Yes,No,Yes,No,Yes,Yes,Yes,1
CUST-01666,41,42.36,1729.81,Month-to-month,Fiber optic,Bank transfer,0,Yes,No,Yes,No,No,No,No,Yes,No,Yes,1
CUST-01667,48,114.83,5488.71,Two year,Fiber optic,Bank transfer,1,Yes,No,Yes,Yes,No,Yes,Yes,No,Yes,No,1
CUST-01668,13,49.12,664.18,Month-to-month,DSL,Electronic check,0,No,No,Yes,No,Yes,Yes,Yes,No,No,Yes,0
CUST-01669,31,35.22,1116.15,Two year,Fiber optic,Electronic check,0,Yes,No,Yes,Yes,Yes,Yes,No,No,No,No,1
CUST-01670,68,64.99,4422.43,Two year,Fiber optic,Bank transfer,0,No,Yes,Yes,Yes,No,Yes,Yes,Yes,Yes,No,0
CUST-01671,4,49.32,172.02,One year,DSL,Electronic check,0,Yes,Yes,Yes,Yes,No,No,No,No,No,No,1
CUST-01672,19,21.59,385.62,Month-to-month,DSL,Bank transfer,0,Yes,No,Yes,No,No,Yes,No,Yes,No,No,0
CUST-01673,70,50.96,3569.34,Month-to-month,DSL,Electronic check,0,No,Yes,No,No phone service,Yes,No,No,No,No,Yes,0
CUST-01674,13,73.5,945.5,Month-to-month,No,Electronic check,0,No,No,Yes,Yes,No internet service,No internet service,No internet service,No internet service,No internet service,Yes,0
CUST-01675,23,74.27,1701.39,Month-to-month,Fiber optic,Credit card,0,Yes,No,Yes,Yes,No,Yes,Yes,Yes,No,Yes,0
CUST-01676,1,54.37,74.81,One year,No,Bank transfer,1,Yes,Yes,Yes,Yes,No internet service,No internet service,No internet service,No internet service,No internet service,Yes,0
CUST-01677,54,63.62,3450.14,Month-to-month,DSL,Bank transfer,1,No,Yes,Yes,Yes,Yes,Yes,Yes,Yes,No,Yes,0
CUST-01678,71,116.48,8297.64,Two year,No,Credit card,0,No,Yes,No,No phone service,No internet service,No internet service,No internet service,No internet service,No internet service,No,0
CUST-01679,15,56.49,827.54,Month-to-month,Fiber optic,Bank transfer,0,Yes,Yes,Yes,Yes,No,Yes,No,No,No,Yes,1
CUST-01680,65,44.34,2875.24,One year,Fiber optic,Mailed check,0,Yes,No,Yes,Yes,Yes,Yes,Yes,No,Yes,Yes,0
CUST-01681,71,42.83,3056.11,Two year,DSL,Credit card,0,Yes,No,Yes,Yes,No,Yes,Yes,No,No,No,1
CUST-01682,15,64.69,979.31,Month-to-month,Fiber optic,Bank transfer,0,No,No,Yes,Yes,No,Yes,Yes,No,No,No,1
CUST-01683,21,95.47,2035.52,Month-to-month,No,Bank transfer,1,No,Yes,Yes,No,No internet service,No internet service,No internet service,No internet service,No internet service,No,1
CUST-01684,19,39.01,749.6,Month-to-month,DSL,Mailed check,0,Yes,No,Yes,No,Yes,Yes,No,Yes,Yes,No,0
CUST-01685,60,90.35,5457.96,Month-to-month,DSL,Credit card,0,No,Yes,Yes,No,Yes,No,Yes,No,No,Yes,1
CUST-01686,33,20.16,676.08,Month-to-month,Fiber optic,Electronic check,0,Yes,No,No,No phone service,Yes,No,Yes,No,Yes,Yes,0
CUST-01687,49,60.73,2997.01,Month-to-month,No,Electronic check,0,No,Yes,No,No phone service,No internet service,No internet service,No internet service,No internet service,No internet service,No,0
CUST-01688,35,97.14,3393.43,Month-to-month,Fiber optic,Electronic check,0,Yes,No,Yes,No,No,Yes,No,No,No,Yes,1
CUST-01689,44,52.55,2312.49,Two year,DSL,Electronic check,0,No,Yes,Yes,No,No,Yes,No,No,No,Yes,1
CUST-01690,11,75.5,848.72,Month-to-month,Fiber optic,Electronic check,0,No,No,Yes,Yes,No,No,No,Yes,Yes,No,1
CUST-01691,72,38.91,2833.78,Month-to-month,Fiber optic,Credit card,0,No,Yes,Yes,No,No,No,Yes,Yes,No,Yes,1
CUST-01692,66,93.68,6197.46,Month-to-month,No,Bank transfer,0,No,Yes,Yes,No,No internet service,No internet service,No internet service,No internet service,No internet service,Yes,0
CUST-01693,46,23.33,1071.52,Month-to-month,Fiber optic,Electronic check,0,No,No,Yes,No,No,No,No,No,Yes,No,1
CUST-01694,9,104.96,972.19,Month-to-month,Fiber optic,Bank transfer,0,No,No,Yes,No,No,No,No,No,No,Yes,1
CUST-01695,3,38.22,70.82,Two year,DSL,Mailed check,0,Yes,No,Yes,No,Yes,No,Yes,Yes,No,Yes,0
CUST-01696,26,107.19,2758.5,Month-to-month,No,Mailed check,1,Yes,No,Yes,No,No internet service,No internet service,No internet service,No internet service,No internet service,No,0
CUST-01697,72,53.96,3898.75,Month-to-month,Fiber optic,Mailed check,0,No,No,Yes,Yes,No,Yes,Yes,No,Yes,No,1
CUST-01698,48,91.71,4402.36,Month-to-month,No,Credit card,0,No,No,Yes,Yes,No internet service,No internet service,No internet service,No internet service,No internet service,Yes,0
CUST-01699,66,50.56,3349.07,Month-to-month,Fiber optic,Electronic check,0,No,No,Yes,Yes,Yes,Yes,Yes,Yes,Yes,Yes,0
CUST-01700,70,110.4,7729.29,Month-to-month,No,Electronic check,0,Yes,No,Yes,Yes,No internet service,No internet service,No internet service,No internet service,No internet service,No,0
CUST-01701,28,30.92,877.18,One year,No,Electronic check,0,No,Yes,Yes,No,No internet service,No internet service,No internet service,No internet service,No internet service,Yes,0
CUST-01702,26,36.21,925.17,Month-to-month,DSL,Bank transfer,0,Yes,No,Yes,No,Yes,No,Yes,No,Yes,No,0
CUST-01703,25,68.29,1718.66,Month-to-month,No,Bank transfer,0,Yes,No,Yes,No,No internet service,No internet service,No internet service,No internet service,No internet service,No,1
CUST-01704,12,26.36,336.21,One year,DSL,Electronic check,0,No,No,Yes,No,Yes,Yes,No,Yes,No,No,0
CUST-01705,5,37.99,214.36,Month-to-month,Fiber optic,Electronic check,0,Yes,No,Yes,No,Yes,Yes,No,Yes,Yes,No,0
CUST-01706,48,114.26,5524.75,Month-to-month,No,Bank transfer,0,Yes,No,Yes,Yes,No internet service,No internet service,No internet service,No internet service,No internet service,No,0
CUST-01707,37,117.6,4356.08,Two year,DSL,Bank transfer,0,No,No,Yes,Yes,Yes,Yes,No,Yes,No,Yes,0
CUST-01708,44,56.38,2486.2,Month-to-month,Fiber optic,Mailed check,0,Yes,Yes,Yes,Yes,No,Yes,Yes,No,Yes,No,0
CUST-01709,15,112.18,1652.24,One year,Fiber optic,Credit card,0,No,Yes,Yes,No,No,Yes,No,No,Yes,Yes,0
CUST-01710,43,73.57,3152.88,Month-to-month,Fiber optic,Credit card,0,No,Yes,Yes,Yes,Yes,Yes,No,No,No,No,0
CUST-01711,48,45.51,2180.62,Month-to-month,No,Electronic check,0,No,No,Yes,No,No internet service,No internet service,No internet service,No internet service,No internet service,No,0
CUST-01712,70,89.64,6295.81,Month-to-month,Fiber optic,Bank transfer,0,No,Yes,Yes,Yes,No,Yes,Yes,Yes,Yes,Yes,0
CUST-01713,46,85.21,3907.44,Month-to-month,No,Electronic check,0,No,No,No,No phone service,No internet service,No internet service,No internet service,No internet service,No internet service,No,1
CUST-01714,43,118.89,5128.2,Month-to-month,DSL,Bank transfer,0,No,Yes,Yes,No,No,Yes,Yes,No,No,Yes,0
CUST-01715,21,45.03,945.6,Month-to-month,DSL,Mailed check,0,No,Yes,Yes,Yes,No,Yes,No,No,No,No,0
CUST-01716,23,86.55,1987.11,Two year,Fiber optic,Electronic check,0,No,Yes,Yes,No,Yes,Yes,Yes,Yes,No,Yes,0
CUST-01717,47,23.31,1100.55,One year,Fiber optic,Bank transfer,0,Yes,Yes,Yes,Yes,Yes,Yes,Yes,No,Yes,Yes,0
CUST-01718,15,29.59,436.03,Month-to-month,DSL,Credit card,0,No,No,Yes,No,No,Yes,No,No,No,Yes,1
CUST-01719,25,18.4,451.42,One year,Fiber optic,Electronic check,0,No,No,Yes,Yes,No,No,Yes,Yes,Yes,Yes,0
CUST-01720,36,119.94,4283.74,Two year,Fiber optic,Electronic check,1,No,No,Yes,No,No,No,Yes,Yes,No,No,1
CUST-01721,51,99.83,5086.37,One year,No,Electronic check,0,No,No,Yes,Yes,No internet service,No internet service,No internet service,No internet service,No internet service,Yes,0
CUST-01722,15,98.25,1464.15,Month-to-month,DSL,Bank transfer,1,No,No,Yes,No,No,Yes,Yes,Yes,Yes,Yes,0
CUST-01723,68,69.99,4749.0,Two year,Fiber optic,Credit card,0,No,No,Yes,Yes,No,Yes,Yes,No,No,Yes,0
CUST-01724,21,48.61,1029.15,Month-to-month,Fiber optic,Mailed check,0,No,No,Yes,No,No,No,Yes,No,Yes,No,0
CUST-01725,13,33.43,447.76,Month-to-month,No,Bank transfer,0,Yes,No,Yes,No,No internet service,No internet service,No internet service,No internet service,No internet service,Yes,0
CUST-01726,19,47.04,898.4,Month-to-month,Fiber optic,Credit card,0,No,Yes,Yes,Yes,Yes,No,No,No,No,Yes,1
CUST-01727,34,56.35,1935.81,Two year,No,Mailed check,0,Yes,No,Yes,No,No internet service,No internet service,No internet service,No internet service,No internet service,Yes,0
CUST-01728,68,95.14,6481.03,Two year,No,Bank transfer,0,No,Yes,Yes,No,No internet service,No internet service,No internet service,No internet service,No internet service,No,0
CUST-01729,52,73.05,3792.7,Two year,Fiber optic,Mailed check,0,No,No,Yes,No,No,Yes,Yes,Yes,Yes,No,0
CUST-01730,27,25.9,690.04,Month-to-month,DSL,Credit card,1,No,No,Yes,No,Yes,Yes,No,Yes,Yes,No,1
CUST-01731,29,19.84,581.62,Two year,No,Electronic check,0,No,No,Yes,No,No internet service,No internet service,No internet service,No internet service,No internet service,Yes,0
CUST-01732,28,28.44,807.8,Month-to-month,Fiber optic,Electronic check,0,No,No,Yes,Yes,No,Yes,Yes,Yes,Yes,No,1
CUST-01733,35,59.87,2123.41,Month-to-month,Fiber optic,Electronic check,0,Yes,Yes,Yes,Yes,No,Yes,No,Yes,Yes,Yes,0
CUST-01734,8,113.19,929.34,Month-to-month,Fiber optic,Credit card,0,No,No,Yes,Yes,Yes,Yes,Yes,Yes,Yes,Yes,1
CUST-01735,16,83.02,1317.49,Month-to-month,No,Mailed check,0,Yes,No,Yes,No,No internet service,No internet service,No internet service,No internet service,No internet service,Yes,0
CUST-01736,36,99.79,3590.4,One year,No,Mailed check,0,Yes,Yes,Yes,No,No internet service,No internet service,No internet service,No internet service,No internet service,Yes,1
CUST-01737,30,65.57,1980.52,Month-to-month,No,Credit card,0,Yes,No,Yes,No,No internet service,No internet service,No internet service,No internet service,No internet service,Yes,0
CUST-01738,18,54.89,1009.38,Two year,DSL,Credit card,0,No,No,Yes,No,Yes,Yes,Yes,Yes,No,No,0
CUST-01739,2,29.06,76.9,Month-to-month,Fiber optic,Credit card,0,No,Yes,Yes,No,No,Yes,No,Yes,No,No,1
CUST-01740,49,107.35,5258.87,Month-to-month,DSL,Electronic check,0,Yes,Yes,Yes,Yes,No,No,Yes,Yes,No,Yes,0
CUST-01741,4,97.88,366.44,Two year,DSL,Credit card,0,Yes,No,Yes,No,No,Yes,Yes,Yes,Yes,Yes,0
CUST-01742,7,35.15,226.07,Month-to-month,No,Electronic check,0,No,No,Yes,Yes,No internet service,No internet service,No internet service,No internet service,No internet service,Yes,1
CUST-01743,39,70.25,2745.2,One year,Fiber optic,Electronic check,1,Yes,Yes,Yes,Yes,Yes,Yes,Yes,Yes,Yes,Yes,0
CUST-01744,13,67.71,887.07,One year,Fiber optic,Mailed check,0,Yes,No,Yes,No,Yes,Yes,No,No,No,No,0
CUST-01745,31,81.76,2512.59,Month-to-month,Fiber optic,Mailed check,0,No,No,Yes,No,Yes,No,No,No,No,No,0
CUST-01746,71,114.51,8131.1,One year,Fiber optic,Electronic check,0,Yes,No,Yes,Yes,Yes,Yes,No,No,Yes,Yes,0
CUST-01747,63,77.14,4872.44,Month-to-month,DSL,Mailed check,0,Yes,No,No,No phone service,Yes,Yes,Yes,Yes,No,Yes,0
CUST-01748,56,73.1,4070.58,Two year,DSL,Credit card,0,Yes,Yes,Yes,No,No,No,No,Yes,Yes,No,0
CUST-01749,42,23.13,993.56,Month-to-month,Fiber optic,Mailed check,0,No,No,Yes,No,No,Yes,Yes,No,Yes,Yes,1
CUST-01750,61,24.42,1482.07,Month-to-month,Fiber optic,Mailed check,0,No,Yes,Yes,Yes,Yes,Yes,No,No,No,No,0
CUST-01751,42,37.11,1583.77,Month-to-month,No,Electronic check,0,No,No,Yes,Yes,No internet service,No internet service,No internet service,No internet service,No internet service,No,0
CUST-01752,56,21.31,1182.69,Month-to-month,No,Credit card,0,No,No,Yes,Yes,No internet service,No internet service,No internet service,No internet service,No internet service,No,1
CUST-01753,36,93.82,3356.99,One year,Fiber optic,Electronic check,0,Yes,No,Yes,Yes,No,No,Yes,Yes,Yes,No,1
CUST-01754,68,91.78,6231.88,Two year,No,Mailed check,0,Yes,No,Yes,Yes,No internet service,No internet service,No internet service,No internet service,No internet service,Yes,0
CUST-01755,7,31.88,221.26,One year,DSL,Electronic check,0,Yes,No,No,No phone service,Yes,No,No,Yes,No,Yes,0
CUST-01756,54,103.28,5569.35,Month-to-month,Fiber optic,Credit card,0,No,Yes,Yes,No,Yes,Yes,No,No,No,No,0
CUST-01757,1,33.79,29.47,Two year,DSL,Electronic check,0,No,No,Yes,No,No,No,No,Yes,No,Yes,0
CUST-01758,44,48.72,2150.36,Month-to-month,Fiber optic,Mailed check,0,No,Yes,Yes,Yes,Yes,Yes,Yes,No,Yes,Yes,1
CUST-01759,45,43.4,1949.58,One year,Fiber optic,Mailed check,0,Yes,No,No,No phone service,No,Yes,Yes,Yes,No,Yes,0
CUST-01760,47,55.98,2629.74,One year,DSL,Credit card,0,Yes,No,Yes,No,Yes,No,Yes,No,Yes,Yes,0
CUST-01761,13,43.98,537.56,Month-to-month,DSL,Electronic check,0,Yes,No,No,No phone service,No,No,Yes,No,Yes,Yes,1
CUST-01762,22,67.87,1500.97,Two year,Fiber optic,Bank transfer,0,No,No,Yes,Yes,Yes,Yes,Yes,No,No,Yes,1
CUST-01763,21,59.56,1248.98,Month-to-month,Fiber optic,Electronic check,0,Yes,Yes,No,No phone service,No,Yes,Yes,No,No,No,1
CUST-01764,9,118.63,1099.88,One year,DSL,Credit card,1,No,Yes,Yes,No,No,No,No,No,Yes,Yes,1
CUST-01765,26,23.7,597.41,One year,Fiber optic,Bank transfer,0,Yes,No,Yes,Yes,No,No,No,No,Yes,No,0
CUST-01766,9,32.5,256.33,Two year,Fiber optic,Bank transfer,0,No,No,Yes,No,Yes,No,No,No,No,No,0
CUST-01767,15,23.39,363.21,Two year,Fiber optic,Mailed check,0,Yes,Yes,Yes,Yes,Yes,No,No,Yes,No,No,0
CUST-01768,10,81.84,825.33,Month-to-month,Fiber optic,Mailed check,0,Yes,Yes,Yes,Yes,No,Yes,Yes,No,Yes,No,1
CUST-01769,42,23.56,969.35,One year,DSL,Electronic check,0,Yes,Yes,No,No phone service,Yes,No,No,No,No,Yes,0
CUST-01770,72,103.32,7408.45,Month-to-month,Fiber optic,Bank transfer,0,Yes,No,No,No phone service,Yes,No,Yes,Yes,Yes,Yes,0
CUST-01771,24,70.22,1716.03,Month-to-month,No,Credit card,0,Yes,No,Yes,Yes,No internet service,No internet service,No internet service,No internet service,No internet service,No,1
CUST-01772,49,71.75,3544.03,Two year,Fiber optic,Mailed check,1,No,No,Yes,No,Yes,Yes,No,Yes,No,No,1
CUST-01773,26,75.28,1907.53,Two year,Fiber optic,Credit card,0,Yes,No,Yes,No,No,No,No,Yes,Yes,Yes,0
CUST-01774,37,35.42,1301.38,Two year,Fiber optic,Electronic check,0,Yes,No,Yes,No,No,Yes,No,No,Yes,No,1
CUST-01775,68,38.16,2628.16,Month-to-month,DSL,Credit card,0,No,Yes,Yes,No,No,No,No,No,Yes,Yes,0
CUST-01776,50,50.52,2516.48,Two year,Fiber optic,Mailed check,0,No,No,Yes,Yes,No,No,No,Yes,Yes,Yes,1
CUST-01777,24,78.54,1875.15,Two year,No,Mailed check,1,Yes,No,Yes,No,No internet service,No internet service,No internet service,No internet service,No internet service,Yes,0
CUST-01778,19,39.43,743.51,Month-to-month,DSL,Mailed check,1,No,Yes,Yes,No,No,No,Yes,No,Yes,Yes,1
CUST-01779,60,29.87,1769.78,Month-to-month,No,Bank transfer,0,No,No,Yes,Yes,No internet service,No internet service,No internet service,No internet service,No internet service,No,0
CUST-01780,39,116.95,4526.95,One year,DSL,Bank transfer,0,Yes,No,Yes,Yes,Yes,No,No,No,No,Yes,0
CUST-01781,18,20.24,385.37,One year,Fiber optic,Mailed check,0,No,No,Yes,Yes,No,No,No,Yes,No,Yes,0
CUST-01782,19,99.88,1860.86,Two year,No,Mailed check,0,Yes,No,Yes,No,No internet service,No internet service,No internet service,No internet service,No internet service,Yes,0
CUST-01783,36,98.38,3546.63,Month-to-month,No,Electronic check,0,Yes,No,Yes,Yes,No internet service,No internet service,No internet service,No internet service,No internet service,Yes,0
CUST-01784,55,48.32,2675.33,One year,No,Electronic check,0,No,No,No,No phone service,No internet service,No internet service,No internet service,No internet service,No internet service,No,0
CUST-01785,69,31.83,2167.25,One year,No,Mailed check,0,Yes,No,Yes,Yes,No internet service,No internet service,No internet service,No internet service,No internet service,Yes,0
CUST-01786,47,32.85,1525.46,Month-to-month,Fiber optic,Mailed check,0,Yes,No,No,No phone service,No,Yes,Yes,Yes,Yes,No,0
CUST-01787,49,89.14,4392.12,Two year,Fiber optic,Mailed check,0,No,Yes,Yes,No,No,No,Yes,No,No,Yes,0
CUST-01788,33,83.57,2768.47,Month-to-month,Fiber optic,Bank transfer,0,No,No,Yes,No,Yes,Yes,Yes,Yes,No,No,1
CUST-01789,21,97.84,2042.29,Month-to-month,Fiber optic,Bank transfer,0,No,Yes,Yes,Yes,Yes,No,Yes,No,No,Yes,0
CUST-01790,22,113.62,2523.68,Month-to-month,Fiber optic,Electronic check,0,No,No,No,No phone service,No,No,No,No,No,Yes,1
CUST-01791,48,88.58,4275.97,Month-to-month,Fiber optic,Bank transfer,0,No,No,No,No phone service,No,Yes,No,No,Yes,Yes,0
CUST-01792,37,33.9,1259.68,One year,Fiber optic,Electronic check,0,No,Yes,Yes,Yes,No,No,No,Yes,No,Yes,0
CUST-01793,15,42.83,624.45,Two year,No,Bank transfer,0,Yes,No,Yes,Yes,No internet service,No internet service,No internet service,No internet service,No internet service,Yes,0
CUST-01794,35,103.9,3628.23,Month-to-month,Fiber optic,Electronic check,1,Yes,No,Yes,No,No,No,No,No,No,Yes,1
CUST-01795,71,39.35,2799.58,Month-to-month,DSL,Bank transfer,0,Yes,No,Yes,Yes,No,Yes,No,No,No,No,0
CUST-01796,32,25.4,809.03,Month-to-month,Fiber optic,Mailed check,0,Yes,No,Yes,No,No,Yes,No,No,Yes,No,1
CUST-01797,11,89.73,1005.81,One year,Fiber optic,Mailed check,0,Yes,No,Yes,Yes,Yes,Yes,No,No,No,Yes,1
CUST-01798,10,59.06,560.0,Two year,Fiber optic,Bank transfer,0,No,No,Yes,No,No,Yes,No,Yes,Yes,No,0
CUST-01799,57,111.84,6344.99,One year,No,Electronic check,0,Yes,Yes,Yes,No,No internet service,No internet service,No internet service,No internet service,No internet service,Yes,0
CUST-01800,25,84.33,2111.87,One year,Fiber optic,Electronic check,1,Yes,Yes,Yes,No,Yes,No,Yes,Yes,Yes,No,0
CUST-01801,2,27.22,44.61,One year,No,Bank transfer,1,No,Yes,Yes,No,No internet service,No internet service,No internet service,No internet service,No internet service,No,0
CUST-01802,64,114.68,7326.98,Month-to-month,Fiber optic,Credit card,0,No,Yes,Yes,Yes,No,Yes,No,No,Yes,Yes,1
CUST-01803,35,44.37,1517.59,One year,Fiber optic,Mailed check,1,No,Yes,No,No phone service,Yes,Yes,No,Yes,No,No,0
CUST-01804,7,52.4,367.19,One year,Fiber optic,Electronic check,0,No,No,Yes,No,Yes,No,Yes,No,No,Yes,0
CUST-01805,18,59.03,1061.48,One year,DSL,Mailed check,0,No,No,Yes,Yes,No,Yes,No,Yes,Yes,No,0
CUST-01806,67,23.22,1568.81,Two year,DSL,Bank transfer,0,No,No,Yes,Yes,No,No,No,No,No,Yes,0
CUST-01807,42,68.64,2884.26,One year,DSL,Mailed check,0,No,No,Yes,No,No,Yes,No,No,Yes,No,0
CUST-01808,39,30.58,1189.97,One year,Fiber optic,Credit card,1,No,No,Yes,No,No,Yes,No,Yes,No,Yes,1
CUST-01809,41,58.9,2438.44,Two year,DSL,Mailed check,0,No,No,No,No phone service,No,Yes,No,Yes,Yes,Yes,0
CUST-01810,24,53.77,1264.23,Two year,No,Electronic check,1,No,No,Yes,No,No internet service,No internet service,No internet service,No internet service,No internet service,Yes,1
CUST-01811,60,96.83,5820.53,One year,Fiber optic,Electronic check,0,No,No,Yes,No,No,Yes,Yes,No,No,Yes,1
CUST-01812,46,99.92,4562.9,Month-to-month,Fiber optic,Mailed check,0,Yes,No,Yes,No,No,No,No,No,No,Yes,1
CUST-01813,19,33.65,622.58,Month-to-month,DSL,Bank transfer,0,No,Yes,Yes,No,No,Yes,No,No,No,Yes,0
CUST-01814,68,55.39,3742.27,One year,DSL,Electronic check,0,No,No,Yes,Yes,No,No,No,No,No,Yes,0
CUST-01815,42,56.08,2371.0,Month-to-month,DSL,Credit card,0,No,No,Yes,Yes,Yes,No,Yes,Yes,No,Yes,0
CUST-01816,32,33.44,1068.77,Month-to-month,Fiber optic,Electronic check,0,Yes,No,Yes,No,No,No,Yes,No,Yes,Yes,1
CUST-01817,39,99.44,3877.89,Month-to-month,Fiber optic,Mailed check,0,Yes,No,Yes,Yes,Yes,Yes,Yes,No,No,Yes,1
CUST-01818,36,90.14,3222.91,One year,Fiber optic,Electronic check,0,Yes,No,Yes,No,Yes,No,Yes,Yes,No,Yes,0
CUST-01819,36,37.42,1341.13,Month-to-month,Fiber optic,Credit card,0,No,No,Yes,No,No,No,No,Yes,Yes,Yes,0
CUST-01820,3,55.41,150.96,Month-to-month,Fiber optic,Bank transfer,0,No,No,Yes,Yes,No,No,Yes,Yes,Yes,No,0
CUST-01821,8,28.79,237.99,Month-to-month,DSL,Electronic check,0,Yes,No,Yes,No,No,No,Yes,No,No,No,1
CUST-01822,70,82.08,5725.78,One year,Fiber optic,Credit card,0,No,No,Yes,Yes,No,No,No,No,Yes,No,1
CUST-01823,41,30.38,1272.18,Month-to-month,Fiber optic,Electronic check,0,Yes,No,Yes,No,Yes,No,Yes,No,Yes,Yes,1
CUST-01824,68,118.57,8029.25,Month-to-month,Fiber optic,Bank transfer,0,Yes,Yes,Yes,No,No,No,No,Yes,Yes,No,0
CUST-01825,13,97.63,1253.06,One year,DSL,Credit card,0,No,No,Yes,Yes,Yes,Yes,Yes,Yes,No,Yes,0
CUST-01826,49,57.8,2865.74,One year,Fiber optic,Bank transfer,1,No,Yes,Yes,No,Yes,No,No,No,No,Yes,0
CUST-01827,60,77.01,4611.9,Month-to-month,DSL,Credit card,1,No,No,Yes,No,No,Yes,Yes,No,No,Yes,1
CUST-01828,2,110.96,195.62,One year,No,Credit card,0,Yes,No,Yes,No,No internet service,No internet service,No internet service,No internet service,No internet service,Yes,1
CUST-01829,60,74.52,4475.58,Month-to-month,Fiber optic,Credit card,0,No,No,No,No phone service,Yes,No,No,No,Yes,Yes,1
CUST-01830,5,35.8,169.49,One year,No,Electronic check,0,No,No,Yes,Yes,No internet service,No internet service,No internet service,No internet service,No internet service,Yes,1
CUST-01831,44,56.63,2475.0,Month-to-month,Fiber optic,Electronic check,1,Yes,No,Yes,Yes,No,No,Yes,Yes,Yes,No,0
CUST-01832,27,104.0,2786.08,Month-to-month,DSL,Bank transfer,0,No,No,Yes,Yes,No,No,Yes,No,Yes,Yes,1
CUST-01833,32,83.71,2734.09,One year,Fiber optic,Bank transfer,0,No,No,No,No phone service,No,No,No,Yes,No,Yes,1
CUST-01834,21,84.37,1766.74,One year,DSL,Mailed check,1,Yes,No,Yes,Yes,No,Yes,Yes,No,No,No,1
CUST-01835,8,106.42,812.85,Month-to-month,No,Electronic check,1,No,No,Yes,Yes,No internet service,No internet service,No internet service,No internet service,No internet service,Yes,1
CUST-01836,72,109.19,7891.55,Month-to-month,No,Credit card,0,Yes,No,Yes,No,No internet service,No internet service,No internet service,No internet service,No internet service,No,1
CUST-01837,50,111.82,5603.22,Two year,Fiber optic,Credit card,0,No,No,Yes,Yes,Yes,No,Yes,No,No,Yes,0
CUST-01838,67,27.67,1838.56,One year,Fiber optic,Mailed check,0,No,No,Yes,Yes,No,No,No,No,Yes,Yes,1
CUST-01839,44,73.5,3215.34,Month-to-month,Fiber optic,Electronic check,0,Yes,No,Yes,No,Yes,No,No,Yes,Yes,No,1
CUST-01840,58,93.53,5438.21,One year,No,Electronic check,0,No,No,No,No phone service,No internet service,No internet service,No internet service,No internet service,No internet service,No,0
CUST-01841,3,95.21,280.69,Month-to-month,DSL,Electronic check,0,No,No,Yes,No,No,Yes,No,Yes,Yes,No,1
CUST-01842,70,79.89,5553.78,Month-to-month,Fiber optic,Bank transfer,0,No,No,Yes,No,No,No,Yes,Yes,Yes,Yes,0
CUST-01843,2,35.01,105.76,Month-to-month,Fiber optic,Credit card,1,Yes,Yes,Yes,Yes,No,No,No,No,No,No,1
CUST-01844,44,99.34,4362.28,Month-to-month,No,Electronic check,0,No,Yes,Yes,No,No internet service,No internet service,No internet service,No internet service,No internet service,Yes,0
CUST-01845,2,91.45,212.81,Month-to-month,No,Mailed check,0,No,No,Yes,No,No internet service,No internet service,No internet service,No internet service,No internet service,No,1
CUST-01846,35,26.79,963.22,Month-to-month,No,Bank transfer,0,Yes,No,Yes,Yes,No internet service,No internet service,No internet service,No internet service,No internet service,No,0
CUST-01847,30,65.31,1939.28,Month-to-month,Fiber optic,Electronic check,0,Yes,No,Yes,No,No,Yes,Yes,No,No,No,1
CUST-01848,8,35.75,306.66,Month-to-month,DSL,Mailed check,1,No,No,Yes,Yes,No,No,No,Yes,Yes,Yes,1
CUST-01849,22,52.42,1140.21,Month-to-month,Fiber optic,Bank transfer,0,No,No,Yes,No,No,No,No,Yes,Yes,Yes,1
CUST-01850,44,19.84,835.63,Month-to-month,Fiber optic,Credit card,0,Yes,No,No,No phone service,Yes,No,Yes,Yes,No,Yes,1
CUST-01851,58,58.83,3403.65,One year,Fiber optic,Mailed check,0,No,No,No,No phone service,Yes,Yes,No,Yes,Yes,No,0
CUST-01852,36,74.09,2675.19,Month-to-month,DSL,Bank transfer,0,Yes,No,Yes,Yes,Yes,Yes,No,No,No,No,1
CUST-01853,69,81.2,5593.55,One year,Fiber optic,Electronic check,0,Yes,No,Yes,No,Yes,No,Yes,No,No,Yes,0
CUST-01854,31,85.68,2649.94,Month-to-month,DSL,Electronic check,1,No,No,Yes,Yes,Yes,Yes,No,No,Yes,Yes,1
CUST-01855,47,103.3,4877.97,Month-to-month,No,Electronic check,0,No,Yes,Yes,Yes,No internet service,No internet service,No internet service,No internet service,No internet service,No,0
CUST-01856,55,39.98,2201.03,One year,DSL,Mailed check,0,Yes,Yes,Yes,Yes,Yes,Yes,Yes,No,No,No,0
CUST-01857,62,30.29,1861.11,Two year,Fiber optic,Electronic check,0,No,No,Yes,No,No,Yes,Yes,Yes,Yes,Yes,1
CUST-01858,30,104.86,3159.84,Month-to-month,DSL,Electronic check,1,No,No,Yes,No,Yes,No,No,Yes,Yes,No,0
CUST-01859,55,33.97,1872.3,Month-to-month,Fiber optic,Bank transfer,0,No,No,Yes,No,Yes,Yes,Yes,No,Yes,Yes,0
CUST-01860,16,117.43,1828.45,One year,No,Bank transfer,0,No,No,Yes,Yes,No internet service,No internet service,No internet service,No internet service,No internet service,No,0
CUST-01861,12,103.94,1255.85,Two year,DSL,Electronic check,0,Yes,Yes,Yes,Yes,Yes,No,Yes,Yes,No,Yes,1
CUST-01862,17,69.09,1182.37,Two year,DSL,Electronic check,1,No,No,Yes,Yes,No,Yes,No,No,No,Yes,0
CUST-01863,16,118.1,1890.0,Month-to-month,DSL,Mailed check,1,Yes,No,Yes,Yes,No,Yes,No,No,No,Yes,1
CUST-01864,12,27.93,352.99,Month-to-month,Fiber optic,Electronic check,0,No,No,Yes,No,No,Yes,No,Yes,Yes,No,1
CUST-01865,8,48.91,377.83,One year,Fiber optic,Mailed check,0,Yes,Yes,Yes,Yes,No,Yes,Yes,No,Yes,Yes,1
CUST-01866,3,83.1,256.03,One year,DSL,Bank transfer,0,Yes,No,Yes,Yes,Yes,Yes,Yes,No,No,Yes,0
CUST-01867,16,53.7,827.86,One year,Fiber optic,Electronic check,0,Yes,No,Yes,No,Yes,No,Yes,Yes,No,No,0
CUST-01868,30,112.69,3388.84,Two year,DSL,Electronic check,0,No,No,Yes,No,No,Yes,No,No,Yes,No,0
CUST-01869,23,24.69,606.93,One year,No,Electronic check,0,Yes,No,No,No phone service,No internet service,No internet service,No internet service,No internet service,No internet service,Yes,0
CUST-01870,5,74.04,350.3,Month-to-month,No,Electronic check,0,No,Yes,Yes,No,No internet service,No internet service,No internet service,No internet service,No internet service,Yes,1
CUST-01871,65,78.27,5072.35,Month-to-month,No,Credit card,0,No,No,Yes,Yes,No internet service,No internet service,No internet service,No internet service,No internet service,Yes,0
CUST-01872,30,84.58,2523.2,One year,No,Mailed check,0,Yes,No,Yes,No,No internet service,No internet service,No internet service,No internet service,No internet service,Yes,0
CUST-01873,21,44.08,928.28,Month-to-month,Fiber optic,Mailed check,0,Yes,No,Yes,No,No,Yes,No,Yes,No,Yes,0
CUST-01874,70,55.19,3842.04,Month-to-month,Fiber optic,Bank transfer,0,No,No,Yes,No,No,No,Yes,No,Yes,Yes,1
CUST-01875,22,104.06,2297.74,Month-to-month,Fiber optic,Electronic check,0,Yes,No,Yes,Yes,No,No,Yes,Yes,No,No,0
CUST-01876,72,37.88,2744.3,Month-to-month,DSL,Electronic check,0,Yes,No,Yes,No,Yes,Yes,No,Yes,Yes,Yes,0
CUST-01877,32,102.34,3285.57,Month-to-month,DSL,Credit card,0,Yes,No,Yes,Yes,No,Yes,No,No,No,Yes,0
CUST-01878,33,75.39,2452.5,Two year,DSL,Credit card,1,Yes,No,Yes,Yes,Yes,No,Yes,No,Yes,No,0
CUST-01879,16,95.74,1551.74,Month-to-month,Fiber optic,Mailed check,0,Yes,No,Yes,No,No,No,Yes,No,No,No,0
CUST-01880,38,90.79,3468.77,Month-to-month,Fiber optic,Mailed check,0,No,No,Yes,Yes,No,Yes,No,No,No,Yes,0
CUST-01881,14,39.17,564.98,Month-to-month,DSL,Bank transfer,0,No,No,Yes,Yes,Yes,Yes,No,Yes,Yes,Yes,0
CUST-01882,36,76.02,2744.18,Month-to-month,DSL,Electronic check,0,No,Yes,No,No phone service,Yes,Yes,Yes,Yes,Yes,No,0
CUST-01883,23,106.51,2454.13,Two year,Fiber optic,Electronic check,0,Yes,No,Yes,No,Yes,No,Yes,Yes,Yes,No,0
CUST-01884,66,62.08,4117.93,Two year,DSL,Electronic check,0,No,No,Yes,Yes,Yes,Yes,Yes,Yes,Yes,No,0
CUST-01885,2,116.59,271.65,Month-to-month,No,Mailed check,0,Yes,No,Yes,Yes,No internet service,No internet service,No internet service,No internet service,No internet service,Yes,1
CUST-01886,65,64.13,4149.39,One year,DSL,Electronic check,0,No,No,Yes,Yes,No,Yes,No,Yes,No,Yes,0
CUST-01887,67,32.56,2203.08,Month-to-month,Fiber optic,Mailed check,0,No,No,Yes,Yes,No,Yes,No,Yes,No,No,0
CUST-01888,52,57.72,2999.72,Two year,Fiber optic,Bank transfer,0,Yes,No,Yes,No,No,No,No,No,No,Yes,1
CUST-01889,62,115.07,7131.75,Month-to-month,DSL,Mailed check,0,Yes,No,Yes,Yes,Yes,No,No,Yes,No,No,1
CUST-01890,23,50.61,1133.3,Month-to-month,Fiber optic,Electronic check,0,Yes,No,Yes,No,No,Yes,Yes,Yes,Yes,Yes,1
CUST-01891,26,106.55,2764.6,One year,Fiber optic,Mailed check,0,Yes,Yes,Yes,Yes,Yes,No,No,Yes,Yes,No,0
CUST-01892,68,107.89,7316.57,Two year,No,Bank transfer,0,No,No,Yes,Yes,No internet service,No internet service,No internet service,No internet service,No internet service,Yes,0
CUST-01893,55,53.72,2945.32,Month-to-month,Fiber optic,Electronic check,0,Yes,Yes,Yes,No,No,No,Yes,No,Yes,Yes,0
CUST-01894,6,26.49,136.98,One year,DSL,Electronic check,1,No,No,Yes,No,Yes,No,No,Yes,Yes,Yes,1
CUST-01895,35,91.9,3207.52,Month-to-month,DSL,Mailed check,0,Yes,No,Yes,No,No,No,No,Yes,No,No,0
CUST-01896,22,49.77,1086.82,Two year,DSL,Electronic check,0,No,Yes,Yes,Yes,No,Yes,Yes,No,Yes,Yes,0
CUST-01897,43,97.86,4209.92,Month-to-month,DSL,Credit card,0,Yes,Yes,Yes,No,Yes,Yes,No,Yes,No,Yes,0
CUST-01898,15,63.15,914.96,Two year,Fiber optic,Bank transfer,0,Yes,Yes,Yes,Yes,Yes,Yes,No,No,No,Yes,1
CUST-01899,60,67.5,4021.09,Month-to-month,No,Electronic check,0,No,Yes,Yes,Yes,No internet service,No internet service,No internet service,No internet service,No internet service,No,0
CUST-01900,12,97.35,1175.44,Month-to-month,Fiber optic,Bank transfer,0,No,No,Yes,No,No,No,Yes,Yes,Yes,Yes,1
CUST-01901,49,57.0,2777.05,Two year,Fiber optic,Mailed check,0,No,No,No,No phone service,Yes,No,Yes,No,No,Yes,0
CUST-01902,42,63.2,2675.89,Two year,Fiber optic,Electronic check,0,No,Yes,Yes,Yes,Yes,Yes,No,Yes,No,Yes,0
CUST-01903,38,56.37,2146.57,One year,No,Electronic check,0,No,Yes,Yes,Yes,No internet service,No internet service,No internet service,No internet service,No internet service,No,1
CUST-01904,45,55.47,2508.29,Month-to-month,DSL,Bank transfer,0,No,No,Yes,No,Yes,Yes,No,Yes,Yes,No,1
CUST-01905,35,71.65,2535.96,Month-to-month,Fiber optic,Electronic check,0,Yes,Yes,Yes,Yes,No,No,Yes,No,Yes,Yes,1
CUST-01906,30,100.5,3008.81,Month-to-month,No,Electronic check,1,Yes,No,Yes,Yes,No internet service,No internet service,No internet service,No internet service,No internet service,No,1
CUST-01907,30,54.9,1635.51,Month-to-month,DSL,Electronic check,0,No,Yes,Yes,Yes,No,No,No,No,No,No,0
CUST-01908,6,71.47,446.25,One year,DSL,Electronic check,0,No,No,Yes,Yes,Yes,Yes,Yes,Yes,No,No,0
CUST-01909,67,86.41,5799.66,Month-to-month,No,Bank transfer,0,No,No,Yes,No,No internet service,No internet service,No internet service,No internet service,No internet service,No,0
CUST-01910,7,45.48,314.61,One year,Fiber optic,Credit card,0,Yes,Yes,Yes,No,Yes,No,No,Yes,Yes,No,1
CUST-01911,52,46.31,2435.95,One year,DSL,Bank transfer,0,No,Yes,Yes,Yes,Yes,Yes,Yes,No,No,No,0
CUST-01912,14,113.21,1580.7,Month-to-month,Fiber optic,Bank transfer,0,No,No,Yes,Yes,No,Yes,Yes,No,Yes,Yes,0
CUST-01913,15,91.8,1377.66,One year,Fiber optic,Credit card,0,No,No,Yes,Yes,Yes,No,Yes,Yes,Yes,No,0
CUST-01914,21,76.87,1614.69,One year,Fiber optic,Electronic check,0,Yes,No,Yes,Yes,No,No,Yes,No,Yes,Yes,1
CUST-01915,35,84.07,2923.76,One year,Fiber optic,Electronic check,0,No,Yes,Yes,No,No,Yes,No,No,Yes,No,0
CUST-01916,66,20.99,1386.89,Month-to-month,DSL,Mailed check,0,No,No,Yes,No,No,Yes,No,No,Yes,Yes,0
CUST-01917,2,81.05,190.04,One year,Fiber optic,Mailed check,1,No,No,Yes,No,Yes,No,Yes,No,No,Yes,1
CUST-01918,35,69.97,2457.85,Month-to-month,Fiber optic,Mailed check,0,No,No,Yes,No,Yes,Yes,No,Yes,Yes,No,1
CUST-01919,20,73.67,1474.02,Month-to-month,No,Electronic check,0,No,Yes,Yes,No,No internet service,No internet service,No internet service,No internet service,No internet service,Yes,1
CUST-01920,10,54.66,543.36,One year,DSL,Electronic check,0,Yes,No,Yes,No,Yes,No,Yes,No,No,No,1
CUST-01921,25,26.31,664.37,One year,No,Mailed check,0,No,No,Yes,Yes,No internet service,No internet service,No internet service,No internet service,No internet service,No,0
CUST-01922,66,37.72,2504.52,Month-to-month,DSL,Credit card,0,No,No,Yes,Yes,No,No,Yes,No,No,Yes,0
CUST-01923,25,114.98,2886.68,One year,Fiber optic,Mailed check,0,Yes,No,Yes,Yes,No,Yes,Yes,Yes,Yes,Yes,0
CUST-01924,54,59.69,3216.62,Two year,No,Electronic check,0,Yes,Yes,Yes,No,No internet service,No internet service,No internet service,No internet service,No internet service,No,0
CUST-01925,33,65.6,2171.3,Month-to-month,Fiber optic,Bank transfer,0,Yes,Yes,No,No phone service,No,Yes,No,No,Yes,No,0
CUST-01926,36,23.38,851.28,Two year,DSL,Electronic check,0,No,Yes,Yes,Yes,No,No,No,No,No,Yes,0
CUST-01927,14,21.83,285.48,One year,DSL,Electronic check,0,No,Yes,Yes,Yes,No,Yes,Yes,No,Yes,No,0
CUST-01928,65,91.15,5928.11,One year,Fiber optic,Electronic check,0,Yes,Yes,Yes,No,No,No,No,Yes,No,No,0
CUST-01929,54,72.89,3892.83,Month-to-month,Fiber optic,Bank transfer,0,No,Yes,Yes,No,No,No,Yes,No,No,Yes,0
CUST-01930,52,69.89,3643.93,Month-to-month,No,Credit card,1,No,Yes,Yes,Yes,No internet service,No internet service,No internet service,No internet service,No internet service,No,0
CUST-01931,3,42.8,141.61,Two year,Fiber optic,Bank transfer,1,No,Yes,Yes,Yes,No,Yes,No,No,No,No,0
CUST-01932,41,93.96,3867.31,Month-to-month,No,Electronic check,0,No,No,No,No phone service,No internet service,No internet service,No internet service,No internet service,No internet service,Yes,1
CUST-01933,6,35.16,203.06,Month-to-month,Fiber optic,Electronic check,0,No,Yes,Yes,No,No,Yes,Yes,No,Yes,No,1
CUST-01934,25,37.37,940.43,One year,No,Electronic check,0,Yes,Yes,Yes,Yes,No internet service,No internet service,No internet service,No internet service,No internet service,Yes,0
CUST-01935,13,64.99,873.35,Month-to-month,DSL,Credit card,0,No,No,Yes,No,No,No,Yes,Yes,Yes,No,0
CUST-01936,8,47.2,405.88,One year,No,Bank transfer,0,No,Yes,Yes,No,No internet service,No internet service,No internet service,No internet service,No internet service,Yes,0
CUST-01937,21,43.24,907.46,One year,Fiber optic,Electronic check,0,Yes,Yes,Yes,Yes,No,No,Yes,No,Yes,Yes,0
CUST-01938,68,83.81,5701.87,Two year,No,Bank transfer,0,No,Yes,Yes,Yes,No internet service,No internet service,No internet service,No internet service,No internet service,Yes,0
CUST-01939,25,84.4,2132.22,One year,DSL,Mailed check,0,Yes,No,Yes,Yes,Yes,No,Yes,Yes,Yes,Yes,0
CUST-01940,68,102.1,6912.78,Month-to-month,Fiber optic,Credit card,0,No,No,Yes,No,Yes,Yes,No,Yes,No,No,1
CUST-01941,45,60.61,2720.99,Month-to-month,Fiber optic,Credit card,0,No,Yes,Yes,Yes,Yes,No,No,No,No,Yes,1
CUST-01942,60,25.45,1553.71,One year,No,Electronic check,0,No,No,Yes,Yes,No internet service,No internet service,No internet service,No internet service,No internet service,Yes,0
CUST-01943,12,45.91,570.42,Month-to-month,Fiber optic,Bank transfer,0,No,No,No,No phone service,No,No,Yes,No,Yes,No,1
CUST-01944,32,117.96,3782.11,Two year,Fiber optic,Mailed check,0,No,No,Yes,No,No,No,Yes,No,Yes,Yes,1
CUST-01945,13,78.82,994.54,One year,Fiber optic,Electronic check,1,No,No,No,No phone service,Yes,No,No,Yes,No,No,1
CUST-01946,31,90.39,2801.09,Month-to-month,Fiber optic,Bank transfer,0,No,No,Yes,Yes,Yes,Yes,Yes,Yes,Yes,Yes,1
CUST-01947,20,18.75,363.2,Two year,DSL,Mailed check,0,No,Yes,No,No phone service,Yes,Yes,No,Yes,No,Yes,0
CUST-01948,18,70.86,1282.1,Month-to-month,DSL,Electronic check,0,No,No,Yes,No,Yes,No,Yes,Yes,Yes,No,0
CUST-01949,60,21.83,1293.61,Month-to-month,DSL,Bank transfer,1,No,No,No,No phone service,No,Yes,No,Yes,Yes,No,1
CUST-01950,63,76.06,4771.27,One year,Fiber optic,Bank transfer,0,Yes,No,Yes,Yes,No,Yes,Yes,Yes,Yes,Yes,0
CUST-01951,6,111.92,630.22,Two year,No,Electronic check,0,No,No,Yes,Yes,No internet service,No internet service,No internet service,No internet service,No internet service,No,1
CUST-01952,32,116.78,3761.4,Month-to-month,No,Mailed check,0,Yes,Yes,Yes,No,No internet service,No internet service,No internet service,No internet service,No internet service,Yes,0
CUST-01953,43,73.14,3137.02,Month-to-month,DSL,Bank transfer,0,No,Yes,Yes,No,Yes,No,Yes,No,No,No,0
CUST-01954,2,64.74,132.62,Month-to-month,DSL,Electronic check,0,Yes,No,Yes,Yes,No,No,No,No,No,No,1
CUST-01955,60,114.39,6863.36,Month-to-month,DSL,Credit card,0,No,No,No,No phone service,Yes,No,Yes,Yes,No,Yes,1
CUST-01956,23,86.71,1972.98,Month-to-month,DSL,Electronic check,0,Yes,No,Yes,No,No,No,No,No,No,No,1
CUST-01957,31,24.62,738.04,Month-to-month,DSL,Electronic check,0,Yes,No,Yes,Yes,No,No,Yes,No,No,No,0
CUST-01958,5,65.5,307.39,One year,Fiber optic,Electronic check,0,No,Yes,No,No phone service,Yes,Yes,No,Yes,No,Yes,1
CUST-01959,34,42.5,1430.54,Two year,Fiber optic,Mailed check,0,Yes,No,Yes,No,Yes,Yes,No,Yes,Yes,Yes,0
CUST-01960,10,65.92,666.53,Month-to-month,Fiber optic,Bank transfer,0,Yes,No,No,No phone service,No,Yes,Yes,Yes,Yes,No,1
CUST-01961,2,64.46,113.01,Month-to-month,Fiber optic,Mailed check,0,Yes,No,No,No phone service,Yes,Yes,No,Yes,Yes,No,0
CUST-01962,11,77.38,886.11,Two year,DSL,Electronic check,0,No,No,Yes,Yes,Yes,Yes,No,Yes,Yes,Yes,0
CUST-01963,50,54.39,2740.04,One year,Fiber optic,Credit card,0,Yes,No,Yes,No,No,Yes,Yes,Yes,No,Yes,0
CUST-01964,31,34.76,1093.73,Two year,No,Electronic check,0,No,Yes,No,No phone service,No internet service,No internet service,No internet service,No internet service,No internet service,No,0
CUST-01965,56,69.38,3882.89,Month-to-month,DSL,Electronic check,0,No,Yes,Yes,Yes,Yes,Yes,Yes,Yes,Yes,Yes,0
CUST-01966,9,102.68,954.41,Month-to-month,DSL,Electronic check,0,Yes,Yes,Yes,No,No,No,No,No,Yes,Yes,1
CUST-01967,21,85.73,1795.97,Month-to-month,DSL,Electronic check,0,Yes,No,Yes,Yes,Yes,No,Yes,No,No,Yes,1
CUST-01968,28,52.51,1469.65,One year,DSL,Mailed check,0,No,No,Yes,No,No,Yes,No,No,No,Yes,1
CUST-01969,62,113.42,7035.44,Month-to-month,Fiber optic,Electronic check,0,No,Yes,Yes,No,No,Yes,No,No,Yes,Yes,1
CUST-01970,7,111.05,791.39,One year,DSL,Electronic check,0,Yes,No,Yes,No,Yes,No,Yes,No,No,No,1
CUST-01971,16,39.35,642.34,Month-to-month,Fiber optic,Credit card,0,Yes,Yes,Yes,Yes,Yes,Yes,No,No,No,Yes,0
CUST-01972,4,22.02,78.58,Month-to-month,DSL,Electronic check,0,Yes,Yes,Yes,No,Yes,Yes,No,Yes,No,No,0
CUST-01973,4,93.61,363.78,One year,Fiber optic,Bank transfer,0,No,No,Yes,Yes,No,Yes,No,Yes,Yes,Yes,0
CUST-01974,40,102.42,4109.6,Month-to-month,DSL,Bank transfer,1,No,No,Yes,Yes,Yes,Yes,No,No,No,Yes,1
CUST-01975,17,116.72,1998.54,One year,Fiber optic,Electronic check,0,Yes,No,Yes,No,No,No,No,No,Yes,No,0
CUST-01976,52,108.76,5647.65,Month-to-month,DSL,Mailed check,0,Yes,No,Yes,No,Yes,Yes,No,No,No,Yes,0
CUST-01977,52,79.25,4089.26,Month-to-month,DSL,Mailed check,0,Yes,No,Yes,Yes,No,Yes,No,No,No,Yes,0
CUST-01978,36,72.07,2590.37,Month-to-month,No,Electronic check,0,No,No,Yes,Yes,No internet service,No internet service,No internet service,No internet service,No internet service,No,0
CUST-01979,38,20.84,804.39,Month-to-month,Fiber optic,Credit card,0,No,No,Yes,Yes,No,No,No,Yes,Yes,Yes,0
CUST-01980,50,43.16,2194.11,Month-to-month,DSL,Mailed check,0,No,No,Yes,Yes,Yes,Yes,No,No,No,Yes,0
CUST-01981,63,64.88,4063.48,One year,Fiber optic,Credit card,1,Yes,No,Yes,Yes,Yes,No,Yes,No,Yes,Yes,0
CUST-01982,63,82.11,5164.4,Two year,Fiber optic,Credit card,0,No,No,Yes,Yes,No,No,Yes,No,Yes,Yes,0
CUST-01983,62,74.84,4632.29,Month-to-month,Fiber optic,Electronic check,0,Yes,No,Yes,Yes,No,Yes,Yes,No,No,No,1
CUST-01984,7,93.75,683.37,Month-to-month,Fiber optic,Electronic check,0,No,Yes,Yes,Yes,No,No,Yes,No,Yes,Yes,1
CUST-01985,27,46.54,1255.88,Two year,No,Electronic check,0,Yes,Yes,Yes,Yes,No internet service,No internet service,No internet service,No internet service,No internet service,Yes,0
CUST-01986,14,75.63,1040.67,Month-to-month,DSL,Credit card,1,No,No,Yes,No,No,Yes,No,Yes,Yes,Yes,0
CUST-01987,71,26.99,1927.46,Month-to-month,Fiber optic,Credit card,0,Yes,No,Yes,Yes,No,No,No,No,Yes,No,1
CUST-01988,5,60.19,292.86,Month-to-month,DSL,Mailed check,0,No,No,Yes,Yes,Yes,Yes,No,No,No,No,1
CUST-01989,55,94.52,5174.11,One year,Fiber optic,Electronic check,0,Yes,No,No,No phone service,No,Yes,Yes,Yes,Yes,Yes,1
CUST-01990,2,88.73,159.6,Month-to-month,No,Electronic check,0,Yes,No,Yes,Yes,No internet service,No internet service,No internet service,No internet service,No internet service,Yes,1
CUST-01991,62,119.05,7415.78,One year,No,Credit card,1,Yes,No,Yes,No,No internet service,No internet service,No internet service,No internet service,No internet service,No,0
CUST-01992,21,46.34,980.82,Month-to-month,No,Credit card,0,No,No,Yes,Yes,No internet service,No internet service,No internet service,No internet service,No internet service,Yes,0
CUST-01993,21,68.82,1447.38,Month-to-month,No,Electronic check,1,Yes,Yes,Yes,No,No internet service,No internet service,No internet service,No internet service,No internet service,No,0
CUST-01994,10,51.61,511.1,Month-to-month,Fiber optic,Electronic check,0,Yes,No,Yes,No,No,No,No,Yes,Yes,No,0
CUST-01995,58,62.94,3656.36,One year,Fiber optic,Electronic check,1,Yes,No,Yes,No,No,No,Yes,No,No,No,1
CUST-01996,39,105.41,4116.59,One year,No,Electronic check,0,Yes,No,No,No phone service,No internet service,No internet service,No internet service,No internet service,No internet service,Yes,0
CUST-01997,5,87.79,444.79,Month-to-month,DSL,Credit card,1,Yes,Yes,Yes,Yes,Yes,No,Yes,Yes,No,Yes,1
CUST-01998,65,108.01,7022.95,Month-to-month,Fiber optic,Mailed check,0,Yes,Yes,Yes,No,No,Yes,Yes,No,No,Yes,1
CUST-01999,13,38.76,521.26,One year,Fiber optic,Bank transfer,0,Yes,No,Yes,Yes,Yes,Yes,No,No,Yes,Yes,1
CUST-02000,53,107.08,5675.7,Two year,No,Mailed check,0,Yes,Yes,Yes,Yes,No internet service,No internet service,No internet service,No internet service,No internet service,No,0
CUST-02001,45,24.1,1064.94,Month-to-month,No,Mailed check,0,No,No,Yes,Yes,No internet service,No internet service,No internet service,No internet service,No internet service,No,0
CUST-02002,32,108.64,3464.23,One year,No,Electronic check,0,Yes,No,Yes,No,No internet service,No internet service,No internet service,No internet service,No internet service,No,1
CUST-02003,36,51.57,1816.94,Month-to-month,No,Bank transfer,0,No,Yes,Yes,No,No internet service,No internet service,No internet service,No internet service,No internet service,Yes,1
CUST-02004,60,50.09,3045.94,Month-to-month,Fiber optic,Bank transfer,0,Yes,No,Yes,Yes,Yes,No,No,Yes,Yes,No,0
CUST-02005,11,70.23,789.79,Month-to-month,DSL,Mailed check,1,No,No,Yes,No,No,No,No,Yes,Yes,Yes,1
CUST-02006,63,113.95,7162.25,One year,DSL,Electronic check,1,Yes,No,Yes,No,Yes,Yes,Yes,No,Yes,Yes,1
CUST-02007,21,22.87,474.63,Month-to-month,Fiber optic,Electronic check,1,No,No,Yes,No,Yes,No,No,No,No,Yes,0
CUST-02008,52,53.93,2791.62,Two year,Fiber optic,Electronic check,0,No,No,Yes,Yes,No,Yes,No,No,No,Yes,1
CUST-02009,55,105.37,5826.2,One year,Fiber optic,Bank transfer,0,Yes,No,Yes,No,Yes,No,Yes,Yes,Yes,Yes,1
CUST-02010,26,58.4,1490.0,Two year,Fiber optic,Mailed check,0,Yes,No,Yes,Yes,Yes,No,Yes,No,Yes,Yes,0
CUST-02011,68,38.31,2607.37,Month-to-month,No,Mailed check,0,Yes,No,Yes,No,No internet service,No internet service,No internet service,No internet service,No internet service,No,1
CUST-02012,34,61.33,2083.05,Month-to-month,Fiber optic,Credit card,1,Yes,Yes,Yes,No,No,Yes,Yes,No,No,Yes,1
CUST-02013,52,57.33,2997.7,Two year,No,Mailed check,1,Yes,No,Yes,No,No internet service,No internet service,No internet service,No internet service,No internet service,Yes,0
CUST-02014,52,111.37,5789.16,One year,No,Mailed check,0,No,No,Yes,Yes,No internet service,No internet service,No internet service,No internet service,No internet service,No,0
CUST-02015,29,95.72,2740.72,Two year,Fiber optic,Electronic check,1,Yes,No,Yes,No,No,No,No,No,No,Yes,1
CUST-02016,38,69.52,2636.74,Month-to-month,Fiber optic,Credit card,0,Yes,No,No,No phone service,No,Yes,Yes,No,No,Yes,1
CUST-02017,42,118.81,4970.58,Month-to-month,Fiber optic,Bank transfer,0,No,No,Yes,Yes,Yes,Yes,No,No,No,No,0
CUST-02018,21,65.46,1376.25,One year,Fiber optic,Electronic check,1,No,Yes,Yes,No,Yes,No,No,Yes,Yes,No,1
CUST-02019,42,23.94,1034.16,Month-to-month,DSL,Bank transfer,0,Yes,No,Yes,No,No,Yes,No,No,No,Yes,0
CUST-02020,13,44.75,546.96,One year,DSL,Mailed check,0,No,Yes,No,No phone service,Yes,Yes,No,No,No,Yes,0
CUST-02021,64,62.48,3982.72,Month-to-month,DSL,Credit card,0,No,No,No,No phone service,No,No,No,Yes,No,Yes,0
CUST-02022,17,34.0,566.95,Month-to-month,DSL,Credit card,0,Yes,No,Yes,No,Yes,Yes,No,Yes,Yes,Yes,0
CUST-02023,9,114.65,1024.22,Month-to-month,DSL,Bank transfer,0,Yes,No,Yes,No,Yes,No,Yes,Yes,Yes,No,1
CUST-02024,41,96.22,3959.82,Month-to-month,DSL,Bank transfer,0,Yes,No,Yes,No,Yes,No,Yes,No,Yes,Yes,0
CUST-02025,1,45.37,41.9,Month-to-month,Fiber optic,Electronic check,0,Yes,No,Yes,Yes,No,Yes,Yes,No,Yes,Yes,0
CUST-02026,2,78.26,164.84,One year,No,Mailed check,0,Yes,No,Yes,No,No internet service,No internet service,No internet service,No internet service,No internet service,Yes,1
CUST-02027,60,91.59,5482.88,Month-to-month,Fiber optic,Bank transfer,0,Yes,No,Yes,No,Yes,Yes,No,No,Yes,Yes,0
CUST-02028,48,114.01,5477.08,Month-to-month,No,Mailed check,1,No,No,Yes,Yes,No internet service,No internet service,No internet service,No internet service,No internet service,Yes,1
CUST-02029,29,107.93,3145.53,Two year,Fiber optic,Bank transfer,0,No,No,Yes,Yes,No,No,Yes,Yes,Yes,Yes,0
CUST-02030,10,70.55,690.85,Month-to-month,Fiber optic,Credit card,0,No,No,Yes,No,Yes,Yes,Yes,No,No,Yes,1
CUST-02031,58,97.01,5642.21,Month-to-month,Fiber optic,Electronic check,0,No,No,Yes,Yes,No,No,Yes,Yes,Yes,No,0
CUST-02032,60,75.34,4521.45,One year,DSL,Electronic check,1,No,Yes,Yes,Yes,No,No,Yes,No,No,Yes,0
CUST-02033,21,74.38,1582.89,Two year,No,Bank transfer,0,No,Yes,Yes,No,No internet service,No internet service,No internet service,No internet service,No internet service,Yes,0
CUST-02034,28,29.7,827.57,Month-to-month,No,Credit card,1,No,No,Yes,No,No internet service,No internet service,No internet service,No internet service,No internet service,Yes,0
CUST-02035,34,30.87,1057.2,Month-to-month,Fiber optic,Credit card,0,Yes,No,Yes,Yes,No,No,No,No,No,No,0
CUST-02036,8,72.01,575.27,One year,DSL,Bank transfer,0,Yes,No,Yes,Yes,Yes,No,No,Yes,No,No,0
CUST-02037,59,45.42,2677.86,Month-to-month,No,Credit card,0,No,No,Yes,No,No internet service,No internet service,No internet service,No internet service,No internet service,Yes,0
CUST-02038,72,20.15,1455.98,One year,DSL,Bank transfer,0,Yes,No,Yes,No,No,No,Yes,Yes,Yes,No,0
CUST-02039,49,91.73,4505.51,Two year,DSL,Electronic check,0,Yes,Yes,Yes,Yes,No,No,Yes,No,Yes,No,0
CUST-02040,17,21.31,337.28,Two year,No,Bank transfer,0,Yes,No,Yes,Yes,No internet service,No internet service,No internet service,No internet service,No internet service,Yes,0
CUST-02041,60,78.72,4751.87,Month-to-month,Fiber optic,Electronic check,0,No,No,No,No phone service,Yes,Yes,No,Yes,No,Yes,1
CUST-02042,45,73.0,3247.81,Month-to-month,Fiber optic,Electronic check,0,Yes,Yes,Yes,No,No,No,Yes,No,Yes,No,0
CUST-02043,69,116.82,8046.88,Two year,No,Mailed check,0,Yes,No,Yes,Yes,No internet service,No internet service,No internet service,No internet service,No internet service,Yes,0
CUST-02044,32,67.39,2154.59,Month-to-month,Fiber optic,Electronic check,0,Yes,No,Yes,Yes,No,Yes,No,No,No,Yes,1
CUST-02045,44,24.49,1085.81,Month-to-month,Fiber optic,Electronic check,0,No,No,Yes,No,No,No,No,No,Yes,Yes,1
CUST-02046,65,74.27,4859.07,One year,DSL,Electronic check,0,Yes,No,Yes,No,Yes,Yes,No,No,Yes,Yes,0
CUST-02047,8,103.79,793.15,Month-to-month,DSL,Electronic check,0,Yes,No,Yes,No,No,Yes,Yes,No,Yes,No,0
CUST-02048,72,119.68,8606.81,Month-to-month,No,Electronic check,0,No,No,Yes,No,No internet service,No internet service,No internet service,No internet service,No internet service,Yes,1
CUST-02049,43,61.9,2619.16,Two year,Fiber optic,Mailed check,0,No,No,Yes,Yes,No,Yes,No,Yes,No,Yes,0
CUST-02050,1,50.67,51.3,Month-to-month,DSL,Bank transfer,0,No,No,Yes,Yes,Yes,Yes,No,No,No,Yes,0
CUST-02051,51,110.48,5639.91,Month-to-month,DSL,Credit card,0,No,Yes,Yes,No,No,Yes,No,Yes,Yes,Yes,0
CUST-02052,24,37.51,932.06,Month-to-month,Fiber optic,Credit card,1,Yes,No,No,No phone service,No,No,Yes,Yes,Yes,Yes,1
CUST-02053,24,80.77,1940.89,One year,Fiber optic,Mailed check,0,No,No,No,No phone service,Yes,No,No,Yes,No,No,1
CUST-02054,17,59.38,1030.34,Month-to-month,Fiber optic,Bank transfer,0,Yes,No,Yes,No,No,No,No,No,Yes,Yes,1
CUST-02055,5,22.19,122.63,Month-to-month,Fiber optic,Electronic check,0,No,No,Yes,Yes,No,Yes,No,Yes,Yes,No,1
CUST-02056,20,53.42,1059.7,One year,DSL,Electronic check,0,Yes,No,Yes,No,Yes,No,Yes,Yes,Yes,Yes,0
CUST-02057,21,45.05,917.87,Two year,Fiber optic,Bank transfer,1,Yes,Yes,Yes,No,No,No,Yes,No,No,No,0
CUST-02058,58,87.98,5108.34,Month-to-month,No,Bank transfer,0,Yes,No,No,No phone service,No internet service,No internet service,No internet service,No internet service,No internet service,Yes,0
CUST-02059,31,114.78,3528.34,Two year,DSL,Credit card,0,Yes,No,Yes,Yes,Yes,Yes,No,No,Yes,Yes,0
CUST-02060,11,45.34,524.64,Month-to-month,Fiber optic,Bank transfer,0,Yes,No,No,No phone service,No,No,Yes,Yes,No,No,0
CUST-02061,52,100.77,5236.8,One year,Fiber optic,Electronic check,0,No,No,Yes,No,No,No,No,No,Yes,Yes,1
CUST-02062,15,23.65,378.65,Month-to-month,Fiber optic,Credit card,0,No,No,Yes,No,No,No,Yes,No,Yes,No,1
CUST-02063,7,72.89,500.63,Month-to-month,DSL,Bank transfer,0,Yes,Yes,Yes,Yes,No,No,Yes,No,No,No,0
CUST-02064,28,25.2,710.98,One year,No,Credit card,0,Yes,Yes,Yes,Yes,No internet service,No internet service,No internet service,No internet service,No internet service,No,0
CUST-02065,51,113.27,5780.96,Month-to-month,Fiber optic,Bank transfer,0,No,No,Yes,No,No,No,Yes,Yes,No,No,1
CUST-02066,58,96.17,5576.96,Month-to-month,No,Electronic check,0,No,Yes,Yes,Yes,No internet service,No internet service,No internet service,No internet service,No internet service,Yes,1
CUST-02067,5,85.11,416.9,Month-to-month,DSL,Electronic check,0,Yes,No,Yes,No,No,No,No,No,No,No,0
CUST-02068,5,102.04,518.05,One year,Fiber optic,Electronic check,0,No,No,Yes,Yes,No,Yes,No,Yes,No,No,1
CUST-02069,8,84.05,653.88,Month-to-month,Fiber optic,Electronic check,0,No,No,No,No phone service,No,Yes,No,Yes,No,Yes,1
CUST-02070,64,116.83,7452.93,Month-to-month,Fiber optic,Electronic check,0,Yes,No,Yes,No,No,Yes,Yes,No,No,Yes,1
CUST-02071,10,90.82,933.06,Month-to-month,Fiber optic,Mailed check,0,Yes,No,Yes,No,No,No,No,No,Yes,No,1
CUST-02072,38,112.32,4282.7,Month-to-month,Fiber optic,Credit card,0,Yes,Yes,Yes,Yes,Yes,No,No,No,No,Yes,1
CUST-02073,8,70.75,567.32,Month-to-month,DSL,Credit card,0,No,No,No,No phone service,No,No,Yes,Yes,No,No,0
CUST-02074,25,29.94,781.8,Month-to-month,Fiber optic,Bank transfer,0,Yes,No,No,No phone service,No,Yes,No,Yes,No,Yes,1
CUST-02075,66,71.87,4738.06,Month-to-month,DSL,Electronic check,0,Yes,No,Yes,No,Yes,Yes,Yes,Yes,Yes,No,0
CUST-02076,50,30.94,1573.45,Month-to-month,DSL,Mailed check,0,No,Yes,Yes,Yes,Yes,No,No,No,Yes,Yes,1
CUST-02077,67,78.43,5258.32,One year,Fiber optic,Bank transfer,0,Yes,No,Yes,Yes,No,No,No,Yes,Yes,Yes,0
CUST-02078,49,67.21,3272.79,One year,DSL,Electronic check,0,No,No,Yes,No,Yes,Yes,No,Yes,Yes,Yes,0
CUST-02079,36,81.5,2970.96,Two year,No,Credit card,0,Yes,Yes,No,No phone service,No internet service,No internet service,No internet service,No internet service,No internet service,No,0
CUST-02080,68,19.02,1313.17,Month-to-month,No,Credit card,0,No,No,Yes,Yes,No internet service,No internet service,No internet service,No internet service,No internet service,Yes,0
CUST-02081,41,37.87,1550.25,Two year,Fiber optic,Mailed check,0,No,No,No,No phone service,No,Yes,No,No,Yes,Yes,0
CUST-02082,62,68.12,4237.98,Month-to-month,No,Bank transfer,0,No,No,Yes,Yes,No internet service,No internet service,No internet service,No internet service,No internet service,Yes,0
CUST-02083,10,114.95,1141.43,Two year,No,Electronic check,1,Yes,No,Yes,Yes,No internet service,No internet service,No internet service,No internet service,No internet service,Yes,0
CUST-02084,21,57.13,1216.31,Month-to-month,DSL,Bank transfer,0,Yes,No,Yes,Yes,Yes,No,No,No,Yes,Yes,1
CUST-02085,36,61.29,2158.62,Month-to-month,No,Electronic check,0,No,No,Yes,Yes,No internet service,No internet service,No internet service,No internet service,No internet service,No,1
CUST-02086,12,90.9,1070.4,Month-to-month,DSL,Electronic check,0,Yes,No,No,No phone service,Yes,Yes,Yes,No,No,Yes,1
CUST-02087,2,79.59,178.77,Month-to-month,Fiber optic,Bank transfer,0,No,No,Yes,No,No,No,No,Yes,No,Yes,1
CUST-02088,13,48.49,625.38,Two year,Fiber optic,Bank transfer,0,No,Yes,Yes,No,No,Yes,No,Yes,Yes,No,0
CUST-02089,53,59.9,3178.85,One year,Fiber optic,Bank transfer,0,No,Yes,Yes,No,No,Yes,Yes,Yes,No,No,0
CUST-02090,32,40.21,1259.78,Two year,DSL,Mailed check,0,Yes,Yes,Yes,Yes,Yes,Yes,Yes,Yes,Yes,No,0
CUST-02091,16,116.53,1901.44,One year,DSL,Bank transfer,0,No,Yes,Yes,Yes,Yes,Yes,Yes,Yes,No,Yes,1
CUST-02092,32,31.32,1026.05,Month-to-month,Fiber optic,Bank transfer,1,No,No,Yes,No,No,No,No,No,No,Yes,1
CUST-02093,32,55.93,1785.75,Month-to-month,Fiber optic,Credit card,0,No,Yes,Yes,No,Yes,Yes,No,Yes,Yes,No,0
CUST-02094,11,20.64,218.95,Two year,Fiber optic,Credit card,1,No,No,Yes,Yes,Yes,Yes,Yes,No,No,No,0
CUST-02095,10,40.62,426.79,One year,Fiber optic,Credit card,1,Yes,No,Yes,Yes,Yes,Yes,Yes,No,No,Yes,0
CUST-02096,15,97.61,1503.8,One year,DSL,Bank transfer,0,No,No,Yes,No,Yes,No,No,No,Yes,No,1
CUST-02097,17,38.52,673.92,Month-to-month,DSL,Bank transfer,0,No,No,Yes,No,Yes,No,No,Yes,No,No,1
CUST-02098,40,26.17,1090.24,Month-to-month,Fiber optic,Electronic check,0,Yes,No,Yes,Yes,No,No,Yes,Yes,No,No,0
CUST-02099,18,66.39,1176.57,Two year,Fiber optic,Electronic check,1,Yes,No,Yes,Yes,No,No,Yes,No,No,No,1
CUST-02100,55,19.02,1029.71,Month-to-month,DSL,Credit card,0,Yes,No,Yes,Yes,No,Yes,Yes,No,No,Yes,1
CUST-02101,25,26.65,642.47,Month-to-month,DSL,Credit card,0,No,No,Yes,Yes,No,No,Yes,No,Yes,No,0
CUST-02102,59,100.38,5931.26,Month-to-month,DSL,Bank transfer,0,No,No,No,No phone service,No,Yes,No,No,No,Yes,1
CUST-02103,22,96.69,2130.69,One year,DSL,Mailed check,0,Yes,No,Yes,No,Yes,Yes,Yes,No,Yes,No,0
CUST-02104,30,111.34,3337.16,Month-to-month,Fiber optic,Electronic check,0,No,No,No,No phone service,Yes,Yes,No,No,Yes,Yes,1
CUST-02105,44,105.16,4643.23,Month-to-month,Fiber optic,Electronic check,0,No,No,Yes,No,No,Yes,Yes,No,Yes,No,0
CUST-02106,32,87.68,2830.41,Month-to-month,Fiber optic,Mailed check,1,No,Yes,Yes,Yes,No,Yes,Yes,No,No,Yes,1
CUST-02107,51,23.34,1159.83,Month-to-month,No,Mailed check,0,No,No,Yes,Yes,No internet service,No internet service,No internet service,No internet service,No internet service,No,0
CUST-02108,46,97.85,4489.16,Month-to-month,DSL,Credit card,1,Yes,No,Yes,Yes,No,No,Yes,No,No,Yes,1
CUST-02109,21,104.24,2205.44,Month-to-month,Fiber optic,Electronic check,0,No,No,Yes,Yes,Yes,No,Yes,Yes,Yes,No,0
CUST-02110,32,99.51,3174.97,Two year,Fiber optic,Mailed check,1,Yes,No,Yes,Yes,No,No,No,No,No,Yes,0
CUST-02111,39,69.86,2708.58,Two year,Fiber optic,Mailed check,0,No,No,Yes,Yes,Yes,Yes,Yes,Yes,Yes,No,0
CUST-02112,12,41.76,521.49,Month-to-month,Fiber optic,Credit card,0,No,No,Yes,No,No,No,No,No,Yes,Yes,0
CUST-02113,47,104.22,4872.55,One year,Fiber optic,Credit card,0,Yes,Yes,Yes,Yes,Yes,No,No,No,No,No,1
CUST-02114,18,92.17,1653.03,One year,Fiber optic,Mailed check,0,Yes,No,Yes,Yes,No,Yes,No,Yes,Yes,No,1
CUST-02115,21,118.04,2485.41,Month-to-month,DSL,Credit card,1,Yes,Yes,Yes,Yes,Yes,No,No,Yes,No,No,1
CUST-02116,13,33.88,428.96,Month-to-month,Fiber optic,Mailed check,0,Yes,Yes,Yes,Yes,No,No,Yes,No,No,Yes,0
CUST-02117,21,41.02,877.08,Month-to-month,Fiber optic,Electronic check,0,No,No,Yes,Yes,Yes,No,No,No,No,Yes,0
CUST-02118,8,39.6,305.42,Month-to-month,No,Mailed check,0,No,Yes,Yes,Yes,No internet service,No internet service,No internet service,No internet service,No internet service,No,1
CUST-02119,46,98.84,4574.81,Month-to-month,Fiber optic,Electronic check,0,Yes,No,Yes,Yes,No,No,No,No,No,Yes,1
CUST-02120,7,37.06,256.91,Two year,Fiber optic,Bank transfer,0,Yes,No,Yes,No,Yes,Yes,Yes,Yes,No,No,0
CUST-02121,23,24.8,583.83,Month-to-month,Fiber optic,Credit card,0,Yes,No,Yes,No,Yes,No,No,Yes,No,Yes,1
CUST-02122,22,119.85,2651.62,One year,No,Bank transfer,0,Yes,No,Yes,No,No internet service,No internet service,No internet service,No internet service,No internet service,Yes,0
CUST-02123,22,20.53,439.11,Month-to-month,No,Electronic check,0,Yes,Yes,Yes,No,No internet service,No internet service,No internet service,No internet service,No internet service,No,1
CUST-02124,29,103.19,2951.44,Month-to-month,Fiber optic,Electronic check,1,Yes,No,No,No phone service,Yes,No,No,No,Yes,No,1
CUST-02125,13,55.27,725.73,Month-to-month,Fiber optic,Electronic check,0,Yes,No,Yes,No,Yes,Yes,Yes,No,Yes,Yes,1
CUST-02126,2,103.84,209.13,Month-to-month,DSL,Electronic check,0,Yes,No,No,No phone service,Yes,Yes,No,Yes,Yes,Yes,0
CUST-02127,29,74.57,2173.65,One year,Fiber optic,Electronic check,0,Yes,Yes,Yes,No,No,Yes,Yes,No,Yes,No,0
CUST-02128,52,109.97,5713.91,One year,Fiber optic,Mailed check,0,No,No,Yes,Yes,Yes,No,No,No,No,Yes,0
CUST-02129,27,112.47,3028.08,Month-to-month,Fiber optic,Bank transfer,0,Yes,Yes,Yes,No,No,Yes,Yes,Yes,No,Yes,0
CUST-02130,50,18.93,986.67,One year,DSL,Bank transfer,0,Yes,No,Yes,No,Yes,No,Yes,No,No,No,0
CUST-02131,23,25.69,561.42,Two year,Fiber optic,Electronic check,1,No,No,Yes,No,Yes,Yes,No,No,Yes,Yes,1
CUST-02132,44,43.54,1930.44,One year,DSL,Electronic check,0,No,No,Yes,No,No,No,Yes,No,No,Yes,0
CUST-02133,22,86.27,1886.45,Month-to-month,Fiber optic,Electronic check,0,Yes,No,Yes,Yes,No,Yes,Yes,Yes,No,Yes,0
CUST-02134,43,108.6,4663.08,One year,DSL,Electronic check,0,Yes,Yes,Yes,No,Yes,Yes,No,Yes,Yes,No,1
CUST-02135,37,64.91,2395.33,Month-to-month,Fiber optic,Mailed check,0,No,No,Yes,Yes,No,No,Yes,No,Yes,No,0
CUST-02136,61,79.91,4858.44,Two year,DSL,Electronic check,1,No,No,No,No phone service,No,No,Yes,Yes,No,Yes,0
CUST-02137,56,37.23,2096.3,Month-to-month,DSL,Bank transfer,1,Yes,Yes,Yes,No,No,Yes,Yes,No,No,Yes,1
CUST-02138,3,100.11,328.14,Month-to-month,Fiber optic,Credit card,0,Yes,No,Yes,Yes,Yes,No,Yes,Yes,Yes,No,0
CUST-02139,63,116.67,7359.61,Month-to-month,DSL,Mailed check,0,No,No,Yes,Yes,No,Yes,Yes,No,No,Yes,0
CUST-02140,19,45.4,864.67,Month-to-month,Fiber optic,Bank transfer,0,No,No,Yes,Yes,No,No,Yes,No,No,No,1
CUST-02141,23,68.47,1555.08,Two year,No,Electronic check,0,Yes,No,Yes,No,No internet service,No internet service,No internet service,No internet service,No internet service,Yes,0
CUST-02142,29,26.78,786.96,Month-to-month,No,Credit card,0,Yes,No,Yes,Yes,No internet service,No internet service,No internet service,No internet service,No internet service,Yes,0
CUST-02143,30,75.03,2294.03,Month-to-month,DSL,Electronic check,0,Yes,No,Yes,Yes,No,Yes,Yes,No,Yes,No,0
CUST-02144,39,69.28,2694.31,Two year,No,Electronic check,0,Yes,Yes,Yes,Yes,No internet service,No internet service,No internet service,No internet service,No internet service,Yes,1
CUST-02145,25,32.73,810.73,Month-to-month,Fiber optic,Electronic check,0,No,Yes,Yes,Yes,No,No,No,Yes,Yes,Yes,1
CUST-02146,8,63.09,493.5,Month-to-month,No,Electronic check,0,Yes,No,Yes,Yes,No internet service,No internet service,No internet service,No internet service,No internet service,Yes,0
CUST-02147,58,52.08,3010.85,One year,Fiber optic,Mailed check,0,No,Yes,Yes,Yes,Yes,No,Yes,No,No,Yes,1
CUST-02148,16,71.23,1084.77,Month-to-month,DSL,Credit card,0,Yes,No,Yes,Yes,Yes,No,No,Yes,No,No,0
CUST-02149,72,77.74,5605.38,Month-to-month,Fiber optic,Credit card,0,Yes,No,Yes,No,No,Yes,Yes,Yes,No,No,0
CUST-02150,1,18.87,1.96,Month-to-month,DSL,Mailed check,0,Yes,No,Yes,Yes,No,No,No,No,No,Yes,1
CUST-02151,5,95.62,445.89,One year,Fiber optic,Bank transfer,0,No,No,Yes,No,Yes,No,No,Yes,Yes,Yes,1
CUST-02152,3,90.73,287.25,Two year,Fiber optic,Bank transfer,0,No,No,Yes,Yes,Yes,Yes,No,Yes,No,Yes,0
CUST-02153,65,55.36,3576.76,Month-to-month,Fiber optic,Credit card,0,No,Yes,Yes,No,Yes,No,No,No,Yes,No,0
CUST-02154,4,23.4,86.83,Month-to-month,Fiber optic,Bank transfer,0,No,No,Yes,Yes,No,Yes,Yes,Yes,Yes,No,1
CUST-02155,64,95.0,6109.33,Month-to-month,No,Mailed check,0,Yes,No,Yes,Yes,No internet service,No internet service,No internet service,No internet service,No internet service,No,0
CUST-02156,10,115.43,1126.12,Two year,No,Bank transfer,0,No,Yes,No,No phone service,No internet service,No internet service,No internet service,No internet service,No internet service,Yes,1
CUST-02157,21,42.5,861.85,Month-to-month,Fiber optic,Bank transfer,0,Yes,No,Yes,No,No,Yes,No,Yes,No,No,1
CUST-02158,46,51.0,2351.39,Two year,Fiber optic,Electronic check,0,No,Yes,Yes,No,Yes,Yes,Yes,Yes,Yes,No,1
CUST-02159,27,36.75,1015.24,Month-to-month,No,Electronic check,0,Yes,No,Yes,Yes,No internet service,No internet service,No internet service,No internet service,No internet service,No,1
CUST-02160,66,76.85,5040.61,Two year,No,Bank transfer,0,Yes,No,Yes,No,No internet service,No internet service,No internet service,No internet service,No internet service,Yes,0
CUST-02161,41,33.79,1393.54,One year,DSL,Credit card,0,No,No,Yes,Yes,Yes,Yes,No,No,No,Yes,1
CUST-02162,13,54.33,717.91,One year,DSL,Mailed check,0,Yes,Yes,Yes,Yes,No,No,Yes,No,Yes,Yes,0
CUST-02163,9,89.1,760.72,Month-to-month,DSL,Credit card,0,No,Yes,Yes,Yes,Yes,No,Yes,No,No,Yes,0
CUST-02164,36,75.13,2720.65,One year,Fiber optic,Electronic check,0,No,No,Yes,Yes,No,No,Yes,Yes,Yes,Yes,0
CUST-02165,58,57.42,3347.89,Month-to-month,DSL,Mailed check,1,Yes,No,Yes,Yes,No,No,Yes,No,Yes,No,0
CUST-02166,54,60.87,3280.74,Month-to-month,Fiber optic,Mailed check,0,Yes,No,Yes,Yes,No,No,Yes,Yes,Yes,No,0
CUST-02167,12,75.34,929.13,Month-to-month,Fiber optic,Credit card,0,No,No,Yes,Yes,No,No,No,No,No,Yes,0
CUST-02168,14,18.6,283.13,Two year,Fiber optic,Electronic check,1,No,No,Yes,No,Yes,No,No,Yes,No,No,0
CUST-02169,34,26.01,886.4,One year,Fiber optic,Mailed check,0,Yes,No,Yes,Yes,No,No,Yes,Yes,Yes,Yes,1
CUST-02170,53,107.89,5709.14,Month-to-month,DSL,Electronic check,0,No,No,Yes,Yes,No,Yes,No,No,No,No,1
CUST-02171,20,25.94,499.34,One year,No,Mailed check,0,No,Yes,Yes,Yes,No internet service,No internet service,No internet service,No internet service,No internet service,Yes,0
CUST-02172,16,90.09,1440.69,Month-to-month,No,Credit card,0,Yes,Yes,Yes,No,No internet service,No internet service,No internet service,No internet service,No internet service,No,0
CUST-02173,70,111.84,7840.2,Two year,Fiber optic,Electronic check,0,No,Yes,Yes,No,Yes,No,Yes,No,Yes,Yes,0
CUST-02174,56,45.61,2547.68,One year,No,Credit card,1,Yes,No,Yes,No,No internet service,No internet service,No internet service,No internet service,No internet service,Yes,0
CUST-02175,58,55.79,3191.87,One year,DSL,Credit card,0,No,Yes,Yes,Yes,Yes,Yes,Yes,No,No,Yes,0
CUST-02176,4,76.03,329.49,Month-to-month,No,Electronic check,0,Yes,Yes,Yes,Yes,No internet service,No internet service,No internet service,No internet service,No internet service,Yes,1
CUST-02177,4,107.93,435.52,Two year,DSL,Bank transfer,1,Yes,No,Yes,No,No,Yes,No,No,Yes,Yes,0
CUST-02178,20,114.07,2273.81,Two year,Fiber optic,Electronic check,0,No,No,Yes,Yes,No,No,No,No,Yes,No,0
CUST-02179,10,93.44,951.54,One year,DSL,Electronic check,0,Yes,No,Yes,No,Yes,No,No,Yes,No,No,0
CUST-02180,24,26.84,674.65,Month-to-month,Fiber optic,Bank transfer,0,No,No,Yes,No,Yes,No,No,No,Yes,No,0
CUST-02181,26,86.25,2186.46,One year,DSL,Bank transfer,0,No,No,Yes,Yes,No,Yes,Yes,No,No,Yes,0
CUST-02182,37,59.85,2223.14,One year,Fiber optic,Mailed check,0,Yes,No,Yes,No,No,Yes,No,No,Yes,No,0
CUST-02183,54,66.01,3536.01,Month-to-month,Fiber optic,Electronic check,0,Yes,No,Yes,Yes,No,No,No,No,Yes,No,1
CUST-02184,21,23.01,493.19,Month-to-month,No,Credit card,0,No,No,Yes,No,No internet service,No internet service,No internet service,No internet service,No internet service,No,1
CUST-02185,38,37.49,1427.18,Month-to-month,Fiber optic,Bank transfer,0,Yes,Yes,Yes,Yes,Yes,No,No,Yes,No,Yes,0
CUST-02186,46,98.63,4549.69,One year,DSL,Electronic check,0,No,No,Yes,No,Yes,Yes,Yes,No,Yes,Yes,0
CUST-02187,4,64.3,247.22,Month-to-month,DSL,Mailed check,0,Yes,No,Yes,No,Yes,Yes,No,Yes,Yes,Yes,1
CUST-02188,60,48.77,2888.74,Month-to-month,No,Electronic check,0,No,No,No,No phone service,No internet service,No internet service,No internet service,No internet service,No internet service,Yes,0
CUST-02189,57,57.17,3249.68,One year,Fiber optic,Electronic check,0,Yes,No,Yes,No,No,Yes,Yes,No,Yes,No,0
CUST-02190,45,105.15,4739.89,Month-to-month,Fiber optic,Mailed check,0,Yes,Yes,No,No phone service,Yes,Yes,Yes,Yes,No,No,1
CUST-02191,20,94.4,1908.31,Month-to-month,Fiber optic,Mailed check,1,Yes,No,No,No phone service,No,No,No,Yes,No,No,0
CUST-02192,17,45.78,754.82,Month-to-month,DSL,Electronic check,0,Yes,Yes,Yes,Yes,No,Yes,Yes,No,No,Yes,0
CUST-02193,71,29.99,2149.83,Two year,DSL,Bank transfer,0,Yes,No,Yes,No,No,Yes,Yes,No,Yes,Yes,0
CUST-02194,4,43.7,161.84,One year,Fiber optic,Electronic check,0,No,No,Yes,Yes,No,Yes,No,Yes,Yes,Yes,0
CUST-02195,14,111.92,1574.13,Month-to-month,DSL,Bank transfer,0,Yes,No,Yes,No,No,No,No,No,Yes,No,0
CUST-02196,3,77.32,221.76,Two year,DSL,Electronic check,0,Yes,No,Yes,No,Yes,No,No,Yes,Yes,Yes,1
CUST-02197,58,72.41,4203.42,Month-to-month,DSL,Mailed check,0,No,Yes,Yes,No,Yes,No,No,No,No,Yes,1
CUST-02198,55,78.83,4353.49,Two year,DSL,Electronic check,0,No,No,Yes,Yes,Yes,Yes,No,Yes,Yes,Yes,0
CUST-02199,4,55.33,196.78,Month-to-month,DSL,Bank transfer,0,No,No,Yes,No,No,No,No,No,No,Yes,1
CUST-02200,24,100.32,2394.08,Month-to-month,No,Mailed check,0,Yes,No,Yes,Yes,No internet service,No internet service,No internet service,No internet service,No internet service,Yes,1
CUST-02201,34,71.38,2430.62,Month-to-month,Fiber optic,Electronic check,0,No,No,Yes,No,No,Yes,Yes,Yes,No,No,0
CUST-02202,30,29.91,945.33,Month-to-month,Fiber optic,Electronic check,0,No,Yes,Yes,Yes,Yes,Yes,No,Yes,No,Yes,0
CUST-02203,19,31.16,574.78,Month-to-month,DSL,Mailed check,1,Yes,No,Yes,No,Yes,Yes,No,No,Yes,No,1
CUST-02204,31,72.76,2296.36,One year,DSL,Electronic check,0,No,No,Yes,No,No,No,No,Yes,Yes,No,1
CUST-02205,60,113.53,6851.89,Two year,No,Bank transfer,0,No,No,Yes,No,No internet service,No internet service,No internet service,No internet service,No internet service,Yes,0
CUST-02206,60,49.45,2965.05,Month-to-month,Fiber optic,Mailed check,1,No,Yes,Yes,No,Yes,Yes,Yes,Yes,No,No,0
CUST-02207,19,106.69,2021.15,Month-to-month,DSL,Bank transfer,1,No,No,Yes,Yes,No,No,No,Yes,No,Yes,0
CUST-02208,49,95.94,4687.22,Month-to-month,Fiber optic,Credit card,0,No,No,Yes,No,No,Yes,Yes,No,No,No,0
CUST-02209,63,43.28,2725.28,Month-to-month,Fiber optic,Mailed check,0,Yes,Yes,Yes,Yes,No,Yes,No,Yes,Yes,No,1
CUST-02210,22,21.71,449.49,One year,No,Bank transfer,0,Yes,Yes,Yes,Yes,No internet service,No internet service,No internet service,No internet service,No internet service,No,0
CUST-02211,24,28.39,679.84,Month-to-month,DSL,Bank transfer,0,No,Yes,Yes,Yes,Yes,Yes,Yes,No,Yes,Yes,0
CUST-02212,30,92.31,2799.24,One year,Fiber optic,Credit card,0,No,No,Yes,No,Yes,No,Yes,Yes,No,No,0
CUST-02213,58,38.37,2213.24,Month-to-month,Fiber optic,Electronic check,0,No,No,No,No phone service,No,Yes,Yes,No,No,No,1
CUST-02214,31,55.87,1727.16,Month-to-month,No,Credit card,0,No,Yes,Yes,Yes,No internet service,No internet service,No internet service,No internet service,No internet service,No,0
CUST-02215,64,69.17,4392.86,Month-to-month,No,Credit card,0,No,No,Yes,Yes,No internet service,No internet service,No internet service,No internet service,No internet service,Yes,0
CUST-02216,19,92.0,1755.48,Month-to-month,DSL,Mailed check,1,No,Yes,No,No phone service,No,Yes,No,Yes,Yes,Yes,1
CUST-02217,48,29.55,1423.69,Month-to-month,Fiber optic,Electronic check,0,Yes,No,No,No phone service,No,No,Yes,Yes,Yes,Yes,0
CUST-02218,45,59.45,2676.52,One year,Fiber optic,Credit card,0,Yes,No,Yes,No,Yes,Yes,No,Yes,Yes,No,1
CUST-02219,55,67.48,3707.06,Month-to-month,Fiber optic,Bank transfer,0,Yes,No,Yes,No,Yes,Yes,No,No,Yes,Yes,1
CUST-02220,55,73.16,4017.94,Month-to-month,No,Mailed check,0,No,No,Yes,No,No internet service,No internet service,No internet service,No internet service,No internet service,No,0
CUST-02221,18,101.47,1836.5,One year,No,Credit card,1,Yes,Yes,Yes,No,No internet service,No internet service,No internet service,No internet service,No internet service,Yes,0
CUST-02222,63,35.51,2236.55,Month-to-month,DSL,Electronic check,0,Yes,Yes,Yes,No,Yes,No,No,No,No,Yes,1
CUST-02223,47,100.4,4725.1,One year,DSL,Electronic check,0,Yes,No,Yes,Yes,Yes,No,No,Yes,No,Yes,0
CUST-02224,57,88.67,5058.49,Month-to-month,No,Mailed check,0,No,Yes,Yes,No,No internet service,No internet service,No internet service,No internet service,No internet service,No,0
CUST-02225,45,74.7,3383.97,Month-to-month,DSL,Mailed check,0,Yes,No,Yes,No,No,Yes,No,Yes,No,Yes,1
CUST-02226,33,89.35,2962.09,Two year,DSL,Credit card,0,Yes,No,Yes,Yes,No,Yes,Yes,No,Yes,Yes,0
CUST-02227,17,60.03,1024.37,One year,Fiber optic,Mailed check,0,Yes,No,Yes,No,Yes,Yes,No,Yes,Yes,Yes,0
CUST-02228,70,32.12,2278.77,Month-to-month,No,Credit card,0,Yes,Yes,Yes,No,No internet service,No internet service,No internet service,No internet service,No internet service,No,0
CUST-02229,4,85.91,352.05,Month-to-month,DSL,Electronic check,0,Yes,No,Yes,Yes,Yes,Yes,No,Yes,No,No,1
CUST-02230,20,71.52,1456.5,Two year,Fiber optic,Bank transfer,0,Yes,No,Yes,No,Yes,Yes,Yes,Yes,Yes,Yes,0
CUST-02231,47,83.22,3923.48,Month-to-month,DSL,Electronic check,0,Yes,No,Yes,No,No,No,Yes,Yes,No,Yes,1
CUST-02232,15,52.48,750.36,Month-to-month,DSL,Mailed check,0,No,No,Yes,No,Yes,Yes,No,Yes,No,Yes,1
CUST-02233,70,110.5,7761.1,One year,Fiber optic,Credit card,0,No,No,Yes,No,No,Yes,No,Yes,Yes,Yes,0
CUST-02234,47,77.91,3664.47,One year,DSL,Electronic check,0,Yes,No,Yes,Yes,Yes,Yes,Yes,No,No,No,0
CUST-02235,9,26.71,239.35,One year,No,Credit card,0,No,No,Yes,No,No internet service,No internet service,No internet service,No internet service,No internet service,No,1
CUST-02236,16,63.88,1027.71,One year,No,Electronic check,0,No,No,Yes,No,No internet service,No internet service,No internet service,No internet service,No internet service,Yes,1
CUST-02237,69,95.15,6558.45,One year,Fiber optic,Electronic check,0,No,No,Yes,No,No,Yes,No,Yes,No,Yes,1
CUST-02238,61,99.0,6043.54,Two year,DSL,Electronic check,0,Yes,Yes,Yes,Yes,Yes,No,Yes,No,Yes,Yes,0
CUST-02239,10,68.45,672.66,One year,Fiber optic,Bank transfer,0,Yes,Yes,Yes,No,No,Yes,No,No,Yes,No,0
CUST-02240,50,109.26,5488.49,Month-to-month,DSL,Electronic check,0,No,Yes,Yes,No,No,No,Yes,No,No,Yes,0
CUST-02241,3,45.3,133.63,Month-to-month,DSL,Bank transfer,1,Yes,Yes,Yes,No,Yes,No,No,Yes,No,Yes,1
CUST-02242,70,59.88,4183.95,One year,Fiber optic,Bank transfer,0,Yes,No,Yes,No,Yes,Yes,No,No,Yes,Yes,1
CUST-02243,51,109.66,5574.16,Two year,Fiber optic,Mailed check,0,Yes,No,Yes,Yes,No,Yes,Yes,No,Yes,Yes,0
CUST-02244,19,109.42,2084.36,Month-to-month,DSL,Mailed check,1,No,No,Yes,Yes,No,No,No,No,Yes,No,1
CUST-02245,42,87.94,3697.22,Month-to-month,DSL,Mailed check,0,Yes,No,Yes,Yes,Yes,No,Yes,Yes,Yes,Yes,1
CUST-02246,35,105.62,3704.47,Two year,No,Credit card,0,Yes,No,Yes,Yes,No internet service,No internet service,No internet service,No internet service,No internet service,No,0
CUST-02247,46,27.05,1223.75,One year,Fiber optic,Electronic check,0,No,No,No,No phone service,No,Yes,No,No,Yes,No,1
CUST-02248,26,106.23,2729.96,Month-to-month,No,Electronic check,0,No,No,Yes,Yes,No internet service,No internet service,No internet service,No internet service,No internet service,Yes,0
CUST-02249,69,50.7,3510.81,One year,No,Mailed check,0,Yes,No,Yes,No,No internet service,No internet service,No internet service,No internet service,No internet service,Yes,0
CUST-02250,64,36.19,2345.85,Two year,Fiber optic,Bank transfer,1,Yes,No,No,No phone service,No,Yes,No,Yes,No,Yes,0
CUST-02251,37,42.42,1549.01,Two year,DSL,Bank transfer,0,No,No,Yes,No,Yes,No,No,Yes,No,No,0
CUST-02252,49,60.63,3002.66,One year,No,Credit card,0,Yes,No,Yes,No,No internet service,No internet service,No internet service,No internet service,No internet service,No,0
CUST-02253,21,43.62,921.7,Month-to-month,DSL,Credit card,0,No,No,Yes,Yes,Yes,Yes,Yes,No,Yes,No,0
CUST-02254,64,50.7,3244.66,Two year,DSL,Electronic check,0,No,No,Yes,No,Yes,No,Yes,Yes,No,No,0
CUST-02255,5,31.77,150.9,Month-to-month,Fiber optic,Mailed check,0,Yes,No,Yes,Yes,Yes,No,No,Yes,Yes,No,1
CUST-02256,70,48.21,3347.01,Two year,Fiber optic,Bank transfer,0,Yes,No,Yes,Yes,Yes,No,Yes,Yes,No,No,0
CUST-02257,4,76.37,325.23,Month-to-month,DSL,Credit card,0,Yes,Yes,Yes,No,Yes,Yes,Yes,No,No,No,1
CUST-02258,39,63.07,2444.22,Month-to-month,Fiber optic,Electronic check,0,No,Yes,Yes,Yes,Yes,No,Yes,Yes,Yes,Yes,1
CUST-02259,35,53.37,1852.35,Month-to-month,Fiber optic,Mailed check,1,Yes,Yes,Yes,No,No,Yes,No,No,Yes,Yes,1
CUST-02260,1,94.14,113.98,Month-to-month,DSL,Credit card,0,Yes,Yes,No,No phone service,Yes,No,Yes,No,Yes,No,0
CUST-02261,24,109.14,2581.7,One year,DSL,Mailed check,0,Yes,No,Yes,Yes,No,No,No,Yes,Yes,Yes,1
CUST-02262,57,95.19,5395.36,Two year,DSL,Mailed check,0,Yes,Yes,Yes,Yes,Yes,No,No,Yes,Yes,No,0
CUST-02263,70,51.86,3629.84,One year,Fiber optic,Credit card,0,No,No,Yes,No,Yes,Yes,Yes,No,No,Yes,0
CUST-02264,41,93.93,3857.0,Two year,Fiber optic,Credit card,0,Yes,Yes,Yes,No,Yes,Yes,No,No,Yes,Yes,0
CUST-02265,54,33.5,1818.69,Month-to-month,Fiber optic,Electronic check,0,No,No,Yes,No,Yes,No,Yes,Yes,No,No,0
CUST-02266,46,31.29,1433.3,One year,Fiber optic,Electronic check,0,Yes,Yes,Yes,Yes,Yes,No,No,Yes,Yes,Yes,0
CUST-02267,60,53.25,3245.61,Two year,DSL,Mailed check,0,Yes,No,No,No phone service,Yes,No,No,No,Yes,No,0
CUST-02268,60,100.39,6018.84,One year,DSL,Credit card,1,No,No,Yes,Yes,No,No,Yes,Yes,Yes,Yes,1
CUST-02269,57,43.13,2453.79,Month-to-month,DSL,Credit card,0,No,No,Yes,Yes,No,Yes,Yes,No,No,No,0
CUST-02270,31,24.45,742.01,One year,DSL,Bank transfer,0,No,No,Yes,No,Yes,No,Yes,No,No,Yes,0
CUST-02271,24,31.43,756.8,One year,DSL,Mailed check,0,Yes,Yes,Yes,No,No,No,No,No,No,Yes,0
CUST-02272,36,105.59,3813.54,Month-to-month,Fiber optic,Electronic check,0,Yes,No,No,No phone service,Yes,Yes,No,Yes,Yes,No,0
CUST-02273,30,82.65,2503.57,Two year,DSL,Bank transfer,1,No,No,No,No phone service,No,No,Yes,Yes,No,Yes,0
CUST-02274,24,43.83,1022.13,Two year,Fiber optic,Mailed check,0,No,No,Yes,No,No,No,Yes,No,No,Yes,0
CUST-02275,30,74.64,2234.28,Month-to-month,Fiber optic,Bank transfer,0,No,Yes,Yes,Yes,Yes,Yes,No,No,No,Yes,0
CUST-02276,7,71.81,511.6,One year,Fiber optic,Bank transfer,0,No,Yes,Yes,Yes,No,No,No,Yes,Yes,Yes,1
CUST-02277,35,84.85,2981.49,One year,DSL,Mailed check,0,Yes,No,Yes,Yes,Yes,No,Yes,No,No,No,0
CUST-02278,55,41.79,2298.58,One year,No,Credit card,0,No,No,No,No phone service,No internet service,No internet service,No internet service,No internet service,No internet service,Yes,0
CUST-02279,14,106.17,1497.23,Month-to-month,No,Electronic check,1,No,Yes,Yes,Yes,No internet service,No internet service,No internet service,No internet service,No internet service,Yes,1
CUST-02280,10,49.56,479.42,Two year,DSL,Bank transfer,0,Yes,No,Yes,Yes,Yes,No,Yes,No,No,No,0
CUST-02281,16,88.8,1451.96,Month-to-month,Fiber optic,Mailed check,0,Yes,Yes,Yes,No,No,Yes,Yes,Yes,Yes,Yes,0
CUST-02282,54,19.64,1080.41,Month-to-month,No,Bank transfer,0,No,Yes,Yes,Yes,No internet service,No internet service,No internet service,No internet service,No internet service,Yes,0
CUST-02283,70,56.01,3893.8,Two year,Fiber optic,Bank transfer,1,Yes,No,Yes,Yes,No,Yes,Yes,Yes,No,Yes,0
CUST-02284,44,53.87,2348.78,One year,DSL,Electronic check,0,No,No,Yes,No,No,No,No,Yes,Yes,Yes,1
CUST-02285,45,73.44,3283.86,Two year,Fiber optic,Electronic check,0,No,No,Yes,Yes,No,Yes,No,No,No,No,0
CUST-02286,56,25.42,1437.08,Month-to-month,Fiber optic,Electronic check,0,No,No,Yes,Yes,Yes,No,No,No,Yes,No,1
CUST-02287,57,98.59,5593.94,Month-to-month,Fiber optic,Electronic check,0,No,No,Yes,No,No,No,No,Yes,No,No,1
CUST-02288,21,40.21,837.79,Two year,No,Bank transfer,0,No,No,Yes,Yes,No internet service,No internet service,No internet service,No internet service,No internet service,No,0
CUST-02289,68,87.06,5929.17,Month-to-month,Fiber optic,Electronic check,1,Yes,Yes,Yes,Yes,Yes,Yes,Yes,No,No,No,0
CUST-02290,50,99.93,4995.18,Two year,DSL,Mailed check,0,No,No,Yes,No,No,Yes,No,No,No,No,0
CUST-02291,33,75.31,2490.41,Two year,Fiber optic,Electronic check,0,Yes,No,Yes,Yes,No,Yes,No,No,Yes,No,0
CUST-02292,7,93.57,633.67,One year,Fiber optic,Bank transfer,0,Yes,Yes,Yes,Yes,Yes,No,Yes,No,Yes,Yes,1
CUST-02293,70,85.51,5997.6,Month-to-month,DSL,Bank transfer,0,No,No,Yes,Yes,No,No,No,Yes,No,Yes,1
CUST-02294,15,54.26,801.64,One year,Fiber optic,Electronic check,0,Yes,No,Yes,Yes,No,No,Yes,Yes,Yes,Yes,0
CUST-02295,32,100.5,3209.51,Two year,No,Bank transfer,0,Yes,No,Yes,No,No internet service,No internet service,No internet service,No internet service,No internet service,Yes,0
CUST-02296,20,48.06,965.95,Month-to-month,Fiber optic,Credit card,0,Yes,No,Yes,No,Yes,Yes,No,No,Yes,Yes,1
CUST-02297,15,76.26,1145.96,Month-to-month,DSL,Electronic check,0,No,Yes,Yes,No,Yes,No,Yes,Yes,Yes,No,0
CUST-02298,48,94.03,4513.92,Month-to-month,DSL,Bank transfer,0,Yes,Yes,Yes,No,No,Yes,No,Yes,Yes,Yes,1
CUST-02299,71,56.65,4007.14,Month-to-month,Fiber optic,Electronic check,0,Yes,No,Yes,No,Yes,No,No,No,Yes,Yes,0
CUST-02300,21,48.88,1020.49,Two year,Fiber optic,Electronic check,0,No,Yes,Yes,Yes,Yes,Yes,Yes,Yes,No,Yes,0
CUST-02301,42,64.85,2723.74,Two year,DSL,Mailed check,0,Yes,Yes,Yes,Yes,Yes,Yes,Yes,Yes,Yes,Yes,0
CUST-02302,26,101.43,2609.68,Two year,Fiber optic,Electronic check,0,Yes,Yes,Yes,Yes,No,Yes,No,No,No,Yes,0
CUST-02303,14,112.85,1570.65,One year,DSL,Credit card,1,No,No,Yes,Yes,Yes,Yes,Yes,Yes,No,Yes,1
CUST-02304,57,73.6,4202.95,One year,DSL,Electronic check,0,Yes,Yes,Yes,No,Yes,No,Yes,Yes,No,Yes,0
CUST-02305,37,85.47,3136.84,Month-to-month,Fiber optic,Electronic check,0,Yes,Yes,No,No phone service,Yes,Yes,No,No,No,Yes,1
CUST-02306,58,110.13,6410.67,One year,DSL,Mailed check,0,No,Yes,Yes,No,No,No,Yes,No,No,No,0
CUST-02307,21,28.05,614.44,One year,No,Bank transfer,0,Yes,No,Yes,Yes,No internet service,No internet service,No internet service,No internet service,No internet service,No,0
CUST-02308,69,41.67,2850.33,Two year,DSL,Bank transfer,0,No,No,Yes,No,Yes,Yes,Yes,No,No,Yes,0
CUST-02309,3,90.31,298.08,Two year,Fiber optic,Electronic check,0,No,Yes,Yes,Yes,No,No,No,No,Yes,No,0
CUST-02310,37,102.02,3771.87,Two year,Fiber optic,Credit card,0,Yes,No,Yes,No,No,Yes,No,Yes,No,No,1
CUST-02311,49,105.42,5173.95,Two year,Fiber optic,Credit card,0,No,No,No,No phone service,Yes,No,Yes,Yes,No,Yes,0
CUST-02312,19,60.34,1136.53,Two year,Fiber optic,Mailed check,0,Yes,No,Yes,No,Yes,Yes,No,Yes,No,Yes,1
CUST-02313,12,27.11,343.78,Month-to-month,Fiber optic,Bank transfer,0,Yes,Yes,Yes,Yes,No,Yes,No,No,No,No,1
CUST-02314,61,62.65,3829.77,Two year,Fiber optic,Mailed check,0,No,No,Yes,Yes,Yes,No,Yes,Yes,No,Yes,0
CUST-02315,41,41.53,1686.45,One year,Fiber optic,Electronic check,0,Yes,No,Yes,No,Yes,Yes,No,No,Yes,Yes,0
CUST-02316,33,47.7,1550.8,Month-to-month,Fiber optic,Electronic check,0,No,Yes,Yes,No,No,No,No,No,Yes,Yes,1
CUST-02317,50,96.77,4809.29,Month-to-month,Fiber optic,Electronic check,0,Yes,Yes,Yes,Yes,Yes,Yes,Yes,No,No,Yes,0
CUST-02318,68,25.7,1751.36,One year,Fiber optic,Credit card,0,No,Yes,Yes,No,No,Yes,Yes,No,Yes,Yes,0
CUST-02319,71,102.41,7282.56,Month-to-month,Fiber optic,Electronic check,0,No,No,Yes,Yes,No,No,No,Yes,No,Yes,0
CUST-02320,33,61.62,2046.48,Month-to-month,Fiber optic,Bank transfer,1,Yes,No,Yes,No,Yes,No,Yes,Yes,Yes,Yes,1
CUST-02321,24,78.8,1888.84,One year,No,Electronic check,0,No,Yes,Yes,Yes,No internet service,No internet service,No internet service,No internet service,No internet service,No,0
CUST-02322,61,27.14,1632.4,Two year,Fiber optic,Bank transfer,0,No,Yes,Yes,No,No,No,Yes,No,No,No,0
CUST-02323,61,52.41,3183.37,Two year,Fiber optic,Electronic check,0,No,No,Yes,No,Yes,Yes,No,No,Yes,No,0
CUST-02324,28,27.15,783.25,Month-to-month,DSL,Bank transfer,0,Yes,No,Yes,No,Yes,No,Yes,No,No,Yes,0
CUST-02325,58,116.08,6722.95,Month-to-month,Fiber optic,Electronic check,0,No,No,Yes,No,No,No,Yes,No,Yes,Yes,1
CUST-02326,43,100.34,4317.49,Month-to-month,Fiber optic,Credit card,0,No,No,Yes,Yes,No,Yes,Yes,Yes,Yes,Yes,1
CUST-02327,41,64.88,2638.57,Month-to-month,No,Credit card,0,No,No,No,No phone service,No internet service,No internet service,No internet service,No internet service,No internet service,Yes,0
CUST-02328,39,40.81,1598.32,Month-to-month,Fiber optic,Bank transfer,0,No,Yes,Yes,Yes,Yes,Yes,No,No,No,Yes,1
CUST-02329,49,113.21,5538.14,Two year,Fiber optic,Electronic check,1,No,No,Yes,Yes,No,No,No,Yes,No,Yes,0
CUST-02330,17,53.15,924.48,One year,DSL,Electronic check,0,No,No,No,No phone service,Yes,Yes,Yes,No,No,Yes,0
CUST-02331,70,34.42,2424.87,Month-to-month,Fiber optic,Credit card,0,No,No,Yes,Yes,No,Yes,No,Yes,No,Yes,1
CUST-02332,70,75.44,5270.89,Month-to-month,No,Electronic check,0,No,No,Yes,Yes,No internet service,No internet service,No internet service,No internet service,No internet service,No,0
CUST-02333,65,114.26,7424.37,Month-to-month,DSL,Electronic check,0,Yes,No,Yes,Yes,No,No,Yes,No,Yes,Yes,1
CUST-02334,5,18.39,80.93,Month-to-month,DSL,Mailed check,1,Yes,Yes,No,No phone service,No,Yes,Yes,Yes,Yes,No,1
CUST-02335,2,42.29,56.19,Month-to-month,Fiber optic,Electronic check,0,No,Yes,Yes,Yes,No,Yes,Yes,Yes,Yes,No,0
CUST-02336,22,113.72,2484.69,Two year,Fiber optic,Electronic check,0,No,No,Yes,Yes,Yes,Yes,No,No,Yes,Yes,1
CUST-02337,57,35.45,2024.61,Month-to-month,Fiber optic,Bank transfer,0,No,No,Yes,Yes,No,Yes,No,Yes,Yes,No,1
CUST-02338,66,29.55,1956.81,Month-to-month,Fiber optic,Mailed check,0,No,No,No,No phone service,Yes,Yes,No,No,No,No,1
CUST-02339,16,76.16,1221.53,Month-to-month,Fiber optic,Electronic check,0,No,No,Yes,No,Yes,Yes,Yes,No,No,Yes,1
CUST-02340,51,105.91,5395.38,One year,DSL,Mailed check,0,Yes,Yes,Yes,Yes,No,Yes,No,No,Yes,No,0
CUST-02341,39,66.67,2618.79,Month-to-month,Fiber optic,Mailed check,0,Yes,No,Yes,No,Yes,No,No,Yes,No,No,0
CUST-02342,40,119.45,4779.27,Month-to-month,DSL,Bank transfer,1,Yes,No,Yes,Yes,Yes,Yes,No,No,Yes,Yes,1
CUST-02343,38,87.28,3330.71,Month-to-month,Fiber optic,Electronic check,0,Yes,No,No,No phone service,No,Yes,Yes,No,Yes,No,1
CUST-02344,60,25.56,1498.12,One year,Fiber optic,Bank transfer,0,No,No,Yes,No,No,Yes,No,No,No,Yes,0
CUST-02345,59,119.27,6958.48,Month-to-month,No,Mailed check,0,No,Yes,No,No phone service,No internet service,No internet service,No internet service,No internet service,No internet service,No,0
CUST-02346,10,59.61,601.78,Month-to-month,No,Mailed check,1,Yes,Yes,Yes,Yes,No internet service,No internet service,No internet service,No internet service,No internet service,No,0
CUST-02347,64,47.32,2999.98,Month-to-month,Fiber optic,Electronic check,0,Yes,No,Yes,Yes,No,No,No,Yes,No,Yes,1
CUST-02348,63,74.9,4714.45,Month-to-month,Fiber optic,Electronic check,1,Yes,No,Yes,No,No,Yes,Yes,No,No,No,0
CUST-02349,49,49.04,2396.92,Month-to-month,DSL,Credit card,0,Yes,No,Yes,No,Yes,Yes,Yes,No,No,No,0
CUST-02350,64,26.82,1748.23,Month-to-month,DSL,Electronic check,0,Yes,No,Yes,Yes,No,Yes,Yes,Yes,No,No,0
CUST-02351,32,18.15,588.8,Month-to-month,No,Bank transfer,0,Yes,No,Yes,No,No internet service,No internet service,No internet service,No internet service,No internet service,No,0
CUST-02352,7,63.86,450.34,Month-to-month,No,Credit card,1,Yes,No,Yes,Yes,No internet service,No internet service,No internet service,No internet service,No internet service,No,1
CUST-02353,21,103.36,2187.3,Month-to-month,No,Mailed check,0,No,No,Yes,Yes,No internet service,No internet service,No internet service,No internet service,No internet service,No,0
CUST-02354,20,76.38,1534.97,Month-to-month,DSL,Mailed check,0,Yes,Yes,Yes,Yes,No,No,Yes,Yes,Yes,No,0
CUST-02355,26,119.92,3108.77,Month-to-month,Fiber optic,Electronic check,0,No,No,Yes,Yes,No,No,No,No,No,No,0
CUST-02356,68,47.26,3235.11,Two year,Fiber optic,Credit card,0,No,No,Yes,Yes,Yes,No,Yes,Yes,No,Yes,0
CUST-02357,15,46.61,676.95,One year,Fiber optic,Bank transfer,0,Yes,No,Yes,No,No,No,Yes,Yes,Yes,Yes,0
CUST-02358,14,34.29,486.52,Two year,Fiber optic,Bank transfer,0,No,No,Yes,No,No,No,Yes,No,No,Yes,0
CUST-02359,27,34.73,906.76,Two year,Fiber optic,Mailed check,1,No,Yes,No,No phone service,No,Yes,No,Yes,No,Yes,0
CUST-02360,40,47.09,1887.68,Two year,Fiber optic,Credit card,1,Yes,Yes,Yes,No,No,No,Yes,No,Yes,No,1
CUST-02361,58,98.87,5738.32,One year,DSL,Bank transfer,0,Yes,No,Yes,No,Yes,Yes,Yes,Yes,No,Yes,0
CUST-02362,28,110.39,3124.45,One year,DSL,Electronic check,0,No,Yes,Yes,No,No,No,No,No,Yes,Yes,1
CUST-02363,26,117.46,3022.66,Month-to-month,DSL,Bank transfer,0,Yes,No,Yes,Yes,Yes,No,No,Yes,Yes,Yes,0
CUST-02364,63,41.69,2614.45,Month-to-month,Fiber optic,Mailed check,0,Yes,No,Yes,Yes,Yes,No,Yes,Yes,Yes,No,0
CUST-02365,66,107.89,7137.19,One year,DSL,Electronic check,0,Yes,No,Yes,Yes,Yes,No,No,Yes,Yes,Yes,0
CUST-02366,25,51.48,1293.71,Two year,DSL,Credit card,0,Yes,Yes,Yes,No,No,Yes,Yes,Yes,No,Yes,0
CUST-02367,3,29.51,92.14,Month-to-month,Fiber optic,Electronic check,1,No,No,No,No phone service,No,Yes,Yes,Yes,No,Yes,1
CUST-02368,72,106.74,7666.16,One year,No,Mailed check,0,No,No,Yes,Yes,No internet service,No internet service,No internet service,No internet service,No internet service,Yes,0
CUST-02369,44,82.88,3634.9,Month-to-month,No,Electronic check,0,No,No,Yes,No,No internet service,No internet service,No internet service,No internet service,No internet service,Yes,1
CUST-02370,42,34.8,1486.5,Month-to-month,DSL,Mailed check,0,Yes,Yes,Yes,No,Yes,No,Yes,Yes,Yes,No,0
CUST-02371,6,61.84,370.01,Month-to-month,DSL,Mailed check,0,No,No,Yes,Yes,No,Yes,No,Yes,Yes,Yes,0
CUST-02372,39,47.3,1852.21,Month-to-month,DSL,Credit card,0,No,Yes,Yes,No,Yes,Yes,No,Yes,Yes,No,0
CUST-02373,52,93.15,4841.5,Month-to-month,No,Mailed check,0,No,No,Yes,No,No internet service,No internet service,No internet service,No internet service,No internet service,Yes,0
CUST-02374,23,64.25,1454.09,One year,Fiber optic,Electronic check,1,Yes,No,Yes,No,Yes,No,Yes,Yes,Yes,Yes,0
CUST-02375,50,118.91,5964.18,Two year,DSL,Bank transfer,0,Yes,No,Yes,Yes,No,Yes,No,No,Yes,No,0
CUST-02376,43,23.58,1024.0,Two year,No,Electronic check,0,No,No,Yes,Yes,No internet service,No internet service,No internet service,No internet service,No internet service,Yes,0
CUST-02377,19,54.21,1076.1,Month-to-month,Fiber optic,Electronic check,0,Yes,Yes,Yes,No,No,Yes,Yes,Yes,Yes,Yes,1
CUST-02378,69,67.15,4613.04,Two year,No,Electronic check,0,No,No,Yes,No,No internet service,No internet service,No internet service,No internet service,No internet service,Yes,0
CUST-02379,51,69.32,3551.77,Month-to-month,DSL,Electronic check,0,No,No,Yes,No,No,Yes,No,No,No,No,0
CUST-02380,11,50.23,526.3,Month-to-month,Fiber optic,Mailed check,0,Yes,Yes,Yes,No,Yes,Yes,Yes,Yes,No,Yes,0
CUST-02381,12,92.38,1111.71,One year,Fiber optic,Mailed check,0,No,No,Yes,No,No,No,Yes,Yes,Yes,No,0
CUST-02382,8,107.22,877.29,Month-to-month,No,Electronic check,0,Yes,Yes,Yes,No,No internet service,No internet service,No internet service,No internet service,No internet service,Yes,1
CUST-02383,24,113.75,2688.56,Month-to-month,No,Bank transfer,0,No,Yes,Yes,No,No internet service,No internet service,No internet service,No internet service,No internet service,Yes,0
CUST-02384,41,100.12,4100.82,Month-to-month,Fiber optic,Electronic check,0,No,No,Yes,No,No,Yes,Yes,Yes,Yes,No,0
CUST-02385,36,104.76,3760.1,One year,DSL,Credit card,0,No,Yes,Yes,Yes,No,Yes,No,No,Yes,No,0
CUST-02386,72,74.16,5325.48,Month-to-month,Fiber optic,Bank transfer,1,No,No,Yes,Yes,No,No,No,Yes,No,No,0
CUST-02387,55,102.24,5630.9,One year,No,Electronic check,0,No,No,Yes,No,No internet service,No internet service,No internet service,No internet service,No internet service,No,0
CUST-02388,9,48.96,463.05,One year,Fiber optic,Credit card,0,No,No,Yes,No,No,No,No,No,No,Yes,1
CUST-02389,47,58.64,2753.41,One year,Fiber optic,Electronic check,0,No,No,Yes,No,Yes,Yes,No,Yes,No,No,0
CUST-02390,15,50.33,759.06,Two year,Fiber optic,Mailed check,0,Yes,Yes,Yes,Yes,No,No,Yes,No,No,Yes,0
CUST-02391,48,65.67,3154.45,Month-to-month,Fiber optic,Electronic check,0,Yes,No,Yes,No,No,No,No,No,Yes,Yes,1
CUST-02392,42,47.13,1979.5,Month-to-month,Fiber optic,Bank transfer,0,No,No,Yes,No,Yes,No,Yes,Yes,No,Yes,1
CUST-02393,60,116.08,6943.01,Month-to-month,Fiber optic,Mailed check,1,Yes,No,Yes,No,Yes,Yes,No,No,No,No,1
CUST-02394,70,49.91,3515.87,Month-to-month,No,Electronic check,0,No,No,Yes,Yes,No internet service,No internet service,No internet service,No internet service,No internet service,No,0
CUST-02395,12,28.0,341.9,One year,Fiber optic,Electronic check,0,No,No,Yes,Yes,Yes,Yes,Yes,Yes,No,Yes,0
CUST-02396,2,71.74,151.38,Month-to-month,Fiber optic,Bank transfer,0,Yes,No,Yes,No,Yes,Yes,Yes,No,Yes,Yes,1
CUST-02397,7,23.82,150.61,Month-to-month,DSL,Electronic check,0,Yes,No,Yes,No,Yes,No,Yes,No,Yes,Yes,1
CUST-02398,3,29.28,78.66,One year,DSL,Electronic check,1,No,No,Yes,No,Yes,Yes,No,No,No,Yes,0
CUST-02399,3,40.38,117.62,One year,No,Mailed check,0,No,No,No,No phone service,No internet service,No internet service,No internet service,No internet service,No internet service,No,1
CUST-02400,27,65.36,1734.04,One year,DSL,Credit card,0,Yes,No,Yes,Yes,No,Yes,No,Yes,Yes,Yes,0
CUST-02401,40,62.19,2453.84,Two year,No,Electronic check,0,No,Yes,Yes,No,No internet service,No internet service,No internet service,No internet service,No internet service,No,1
CUST-02402,33,99.57,3273.8,One year,Fiber optic,Electronic check,0,No,Yes,No,No phone service,No,No,Yes,Yes,Yes,No,0
CUST-02403,1,93.43,103.88,One year,No,Credit card,0,No,No,Yes,Yes,No internet service,No internet service,No internet service,No internet service,No internet service,Yes,1
CUST-02404,8,61.48,478.78,Month-to-month,No,Electronic check,0,No,No,No,No phone service,No internet service,No internet service,No internet service,No internet service,No internet service,No,1
CUST-02405,32,52.04,1644.9,Two year,Fiber optic,Bank transfer,0,Yes,No,Yes,Yes,Yes,No,No,No,No,Yes,0
CUST-02406,48,50.28,2397.15,One year,No,Credit card,1,No,No,Yes,No,No internet service,No internet service,No internet service,No internet service,No internet service,Yes,0
CUST-02407,4,96.95,378.69,Month-to-month,DSL,Credit card,0,Yes,Yes,Yes,Yes,No,Yes,Yes,Yes,No,Yes,0
CUST-02408,70,23.31,1624.62,Month-to-month,Fiber optic,Electronic check,0,Yes,No,Yes,Yes,Yes,No,Yes,No,Yes,Yes,1
CUST-02409,19,19.31,410.2,One year,Fiber optic,Electronic check,0,Yes,No,Yes,Yes,Yes,No,No,Yes,Yes,No,0
CUST-02410,32,99.15,3193.89,Two year,DSL,Electronic check,0,Yes,No,Yes,No,Yes,No,Yes,Yes,Yes,Yes,0
CUST-02411,9,66.67,620.53,Month-to-month,Fiber optic,Credit card,0,No,No,Yes,No,Yes,Yes,No,No,No,No,1
CUST-02412,12,31.35,399.57,Month-to-month,Fiber optic,Credit card,0,Yes,No,Yes,No,Yes,Yes,No,No,Yes,No,1
CUST-02413,11,42.03,442.35,Two year,No,Electronic check,0,No,No,Yes,Yes,No internet service,No internet service,No internet service,No internet service,No internet service,Yes,0
CUST-02414,46,113.12,5179.07,Two year,DSL,Bank transfer,0,No,Yes,No,No phone service,No,No,Yes,No,No,Yes,0
CUST-02415,16,105.67,1668.58,Month-to-month,Fiber optic,Credit card,0,No,No,Yes,No,Yes,No,Yes,No,Yes,Yes,0
CUST-02416,1,90.4,117.09,Month-to-month,DSL,Electronic check,0,No,Yes,Yes,Yes,No,Yes,No,No,Yes,Yes,1
CUST-02417,63,67.19,4222.03,One year,Fiber optic,Electronic check,0,No,No,Yes,No,No,Yes,No,No,No,No,0
CUST-02418,21,71.07,1467.44,Month-to-month,Fiber optic,Electronic check,0,Yes,No,Yes,Yes,Yes,Yes,No,Yes,Yes,Yes,0
CUST-02419,30,117.47,3515.48,Two year,Fiber optic,Mailed check,0,No,Yes,Yes,No,Yes,No,No,No,No,No,0
CUST-02420,13,116.51,1509.86,Month-to-month,Fiber optic,Credit card,0,Yes,No,Yes,No,Yes,Yes,No,Yes,No,Yes,1
CUST-02421,34,39.96,1364.01,Month-to-month,DSL,Credit card,0,No,No,Yes,No,No,Yes,Yes,Yes,No,Yes,0
CUST-02422,4,100.73,407.94,Month-to-month,DSL,Electronic check,0,Yes,No,Yes,Yes,Yes,No,Yes,No,No,Yes,1
CUST-02423,28,38.12,1050.8,Month-to-month,DSL,Electronic check,0,No,Yes,Yes,No,No,No,Yes,No,No,No,1
CUST-02424,59,39.78,2360.73,Month-to-month,Fiber optic,Mailed check,1,Yes,Yes,Yes,No,Yes,No,Yes,No,No,Yes,0
CUST-02425,27,86.96,2335.14,Month-to-month,No,Bank transfer,0,Yes,No,Yes,Yes,No internet service,No internet service,No internet service,No internet service,No internet service,Yes,0
CUST-02426,69,59.31,4089.26,One year,DSL,Bank transfer,0,No,No,Yes,Yes,No,No,No,No,No,Yes,1
CUST-02427,25,113.02,2839.24,Month-to-month,DSL,Mailed check,0,No,No,Yes,Yes,Yes,Yes,Yes,Yes,No,Yes,0
CUST-02428,3,27.08,68.4,Two year,Fiber optic,Bank transfer,0,Yes,No,Yes,Yes,Yes,No,No,No,No,Yes,1
CUST-02429,68,70.18,4760.85,Month-to-month,Fiber optic,Electronic check,0,No,Yes,Yes,No,Yes,No,No,Yes,Yes,No,0
CUST-02430,25,111.69,2804.08,One year,DSL,Mailed check,0,Yes,Yes,Yes,No,No,Yes,No,No,No,Yes,1
CUST-02431,20,110.22,2187.25,Month-to-month,DSL,Credit card,0,No,No,Yes,No,No,Yes,No,Yes,Yes,No,1
CUST-02432,34,33.97,1147.28,Month-to-month,DSL,Electronic check,0,No,Yes,Yes,Yes,No,Yes,No,Yes,No,No,0
CUST-02433,26,55.4,1451.51,One year,Fiber optic,Mailed check,0,Yes,No,Yes,No,No,No,Yes,Yes,No,Yes,0
CUST-02434,5,81.15,446.83,One year,DSL,Electronic check,1,Yes,No,Yes,Yes,Yes,No,No,Yes,No,Yes,0
CUST-02435,61,34.26,2101.97,One year,Fiber optic,Mailed check,0,Yes,No,Yes,No,No,No,Yes,Yes,Yes,No,0
CUST-02436,9,116.74,1060.11,One year,Fiber optic,Bank transfer,0,Yes,No,Yes,Yes,No,Yes,Yes,No,No,Yes,1
CUST-02437,50,111.3,5575.62,One year,Fiber optic,Bank transfer,0,No,No,Yes,Yes,Yes,Yes,Yes,No,Yes,Yes,0
CUST-02438,6,35.03,188.72,Month-to-month,DSL,Credit card,1,No,No,Yes,Yes,No,No,Yes,No,Yes,Yes,0
CUST-02439,60,30.36,1823.91,Two year,Fiber optic,Mailed check,0,No,No,Yes,Yes,Yes,No,No,No,Yes,Yes,0
CUST-02440,44,26.71,1174.64,One year,Fiber optic,Mailed check,0,Yes,No,Yes,Yes,Yes,No,Yes,Yes,Yes,Yes,0
CUST-02441,11,110.76,1224.79,Two year,No,Electronic check,0,No,Yes,No,No phone service,No internet service,No internet service,No internet service,No internet service,No internet service,Yes,0
CUST-02442,66,37.75,2493.83,Two year,DSL,Bank transfer,1,Yes,No,Yes,Yes,Yes,Yes,Yes,No,Yes,Yes,0
CUST-02443,47,60.46,2849.21,Month-to-month,Fiber optic,Electronic check,0,No,Yes,Yes,Yes,No,Yes,No,No,No,Yes,0
CUST-02444,3,63.78,185.11,Month-to-month,Fiber optic,Credit card,0,Yes,No,Yes,No,Yes,No,No,No,No,Yes,1
CUST-02445,30,79.1,2374.17,One year,DSL,Electronic check,0,No,Yes,Yes,Yes,No,Yes,Yes,No,Yes,Yes,0
CUST-02446,21,25.32,507.16,One year,No,Electronic check,1,Yes,No,Yes,No,No internet service,No internet service,No internet service,No internet service,No internet service,No,0
CUST-02447,28,41.13,1145.24,One year,Fiber optic,Electronic check,0,No,No,Yes,No,Yes,No,No,No,No,Yes,1
CUST-02448,62,113.01,7034.44,One year,Fiber optic,Credit card,1,Yes,No,Yes,Yes,No,No,Yes,Yes,Yes,Yes,0
CUST-02449,33,110.66,3658.16,Month-to-month,DSL,Electronic check,0,No,No,Yes,No,No,No,No,No,No,No,0
CUST-02450,35,97.69,3418.73,Month-to-month,DSL,Electronic check,0,No,No,Yes,Yes,No,Yes,No,No,No,Yes,1
CUST-02451,52,19.98,1076.88,Month-to-month,Fiber optic,Electronic check,0,No,Yes,Yes,Yes,No,Yes,No,Yes,Yes,No,1
CUST-02452,34,51.35,1718.68,One year,DSL,Electronic check,0,No,No,Yes,Yes,Yes,Yes,No,Yes,Yes,No,0
CUST-02453,41,82.05,3341.86,One year,Fiber optic,Electronic check,0,Yes,No,Yes,No,No,Yes,Yes,No,Yes,Yes,1
CUST-02454,51,46.07,2383.82,Month-to-month,Fiber optic,Mailed check,1,Yes,No,Yes,Yes,Yes,No,No,Yes,No,No,1
CUST-02455,47,110.78,5207.58,One year,Fiber optic,Electronic check,0,No,Yes,Yes,No,Yes,No,Yes,No,Yes,Yes,1
CUST-02456,58,82.66,4789.43,Month-to-month,Fiber optic,Mailed check,0,Yes,Yes,Yes,Yes,Yes,No,Yes,Yes,Yes,No,0
CUST-02457,57,25.33,1419.83,Month-to-month,DSL,Electronic check,0,No,No,Yes,Yes,No,No,Yes,Yes,Yes,Yes,0
CUST-02458,23,110.72,2555.51,One year,Fiber optic,Mailed check,0,No,No,Yes,Yes,Yes,No,No,Yes,No,Yes,1
CUST-02459,48,115.69,5564.01,Month-to-month,Fiber optic,Bank transfer,0,Yes,No,No,No phone service,No,No,No,Yes,Yes,No,0
CUST-02460,22,25.93,548.57,One year,DSL,Electronic check,0,No,Yes,Yes,No,Yes,No,Yes,Yes,No,No,0
CUST-02461,17,72.3,1226.29,Two year,DSL,Mailed check,0,No,No,Yes,Yes,Yes,Yes,No,Yes,No,Yes,0
CUST-02462,69,48.94,3370.15,Two year,DSL,Electronic check,0,No,No,Yes,Yes,No,No,No,Yes,Yes,Yes,0
CUST-02463,11,58.07,643.89,Month-to-month,DSL,Electronic check,0,No,Yes,Yes,Yes,Yes,Yes,Yes,Yes,No,No,1
CUST-02464,15,36.32,522.41,Month-to-month,No,Bank transfer,0,Yes,No,Yes,Yes,No internet service,No internet service,No internet service,No internet service,No internet service,Yes,1
CUST-02465,35,76.96,2718.64,One year,Fiber optic,Bank transfer,0,No,Yes,Yes,Yes,No,No,Yes,No,No,No,1
CUST-02466,33,115.71,3836.75,One year,DSL,Bank transfer,0,Yes,No,Yes,Yes,No,Yes,No,No,Yes,No,0
CUST-02467,16,69.31,1101.7,One year,DSL,Electronic check,0,No,No,Yes,No,Yes,Yes,No,No,No,Yes,0
CUST-02468,34,26.46,895.31,Month-to-month,DSL,Electronic check,0,Yes,Yes,Yes,No,No,Yes,No,Yes,No,No,0
CUST-02469,66,81.24,5359.11,Month-to-month,Fiber optic,Electronic check,0,Yes,No,Yes,No,No,Yes,Yes,Yes,Yes,No,0
CUST-02470,40,52.7,2092.43,One year,DSL,Mailed check,0,No,No,Yes,Yes,No,No,No,No,No,Yes,0
CUST-02471,28,105.3,2939.53,One year,Fiber optic,Mailed check,0,Yes,Yes,Yes,Yes,Yes,Yes,No,Yes,Yes,Yes,1
CUST-02472,47,62.34,2924.57,Month-to-month,Fiber optic,Electronic check,1,No,No,No,No phone service,No,No,No,No,No,Yes,0
CUST-02473,39,37.67,1501.39,Month-to-month,No,Bank transfer,0,Yes,No,Yes,No,No internet service,No internet service,No internet service,No internet service,No internet service,Yes,0
CUST-02474,70,37.49,2643.23,One year,DSL,Electronic check,0,Yes,No,Yes,No,Yes,Yes,Yes,No,Yes,No,0
CUST-02475,20,96.41,1946.89,Month-to-month,Fiber optic,Credit card,0,Yes,No,Yes,Yes,Yes,No,No,No,No,Yes,1
CUST-02476,1,45.09,52.49,Month-to-month,Fiber optic,Electronic check,0,Yes,No,Yes,No,No,No,Yes,Yes,Yes,Yes,1
CUST-02477,72,96.26,6908.37,Month-to-month,Fiber optic,Bank transfer,0,No,No,Yes,No,No,Yes,Yes,Yes,No,Yes,1
CUST-02478,63,39.0,2456.17,Month-to-month,No,Mailed check,0,No,Yes,Yes,Yes,No internet service,No internet service,No internet service,No internet service,No internet service,Yes,0
CUST-02479,67,50.81,3423.68,One year,Fiber optic,Credit card,0,Yes,Yes,No,No phone service,No,No,Yes,Yes,Yes,Yes,0
CUST-02480,4,65.48,236.75,Month-to-month,Fiber optic,Electronic check,0,Yes,No,Yes,No,No,No,Yes,Yes,No,No,0
CUST-02481,58,114.21,6636.91,Month-to-month,Fiber optic,Mailed check,0,Yes,No,Yes,No,Yes,No,Yes,Yes,No,Yes,0
CUST-02482,25,113.04,2872.45,Month-to-month,No,Electronic check,0,Yes,Yes,Yes,Yes,No internet service,No internet service,No internet service,No internet service,No internet service,Yes,1
CUST-02483,47,39.1,1858.94,Month-to-month,Fiber optic,Credit card,0,No,Yes,Yes,No,No,Yes,Yes,No,No,No,1
CUST-02484,38,54.54,2100.8,One year,No,Credit card,0,No,No,Yes,No,No internet service,No internet service,No internet service,No internet service,No internet service,No,0
CUST-02485,15,33.24,502.97,Month-to-month,DSL,Electronic check,1,No,No,Yes,Yes,No,Yes,No,Yes,Yes,Yes,1
CUST-02486,63,70.02,4430.62,One year,Fiber optic,Bank transfer,0,No,Yes,Yes,Yes,No,Yes,Yes,Yes,No,Yes,1
CUST-02487,21,64.98,1350.22,Month-to-month,No,Mailed check,0,No,Yes,No,No phone service,No internet service,No internet service,No internet service,No internet service,No internet service,Yes,1
CUST-02488,57,109.88,6279.08,Month-to-month,DSL,Electronic check,0,No,No,Yes,No,No,No,Yes,No,No,Yes,0
CUST-02489,53,112.86,5994.67,Month-to-month,No,Electronic check,0,Yes,No,Yes,Yes,No internet service,No internet service,No internet service,No internet service,No internet service,No,1
CUST-02490,46,57.12,2633.32,Month-to-month,DSL,Credit card,0,No,No,Yes,Yes,Yes,No,No,Yes,Yes,No,0
CUST-02491,14,68.16,980.56,One year,No,Mailed check,0,No,No,Yes,Yes,No internet service,No internet service,No internet service,No internet service,No internet service,Yes,0
CUST-02492,17,109.42,1849.36,Month-to-month,Fiber optic,Electronic check,0,Yes,No,Yes,No,Yes,No,Yes,No,Yes,Yes,1
CUST-02493,39,100.28,3907.18,Two year,DSL,Electronic check,0,No,Yes,Yes,No,No,Yes,No,No,No,Yes,1
CUST-02494,9,18.37,167.24,Month-to-month,No,Electronic check,1,No,No,No,No phone service,No internet service,No internet service,No internet service,No internet service,No internet service,Yes,1
CUST-02495,6,50.65,283.31,Month-to-month,DSL,Mailed check,1,No,Yes,Yes,No,Yes,Yes,No,No,Yes,No,1
CUST-02496,23,61.02,1408.0,Month-to-month,DSL,Electronic check,0,Yes,No,Yes,No,No,No,Yes,No,No,No,0
CUST-02497,59,41.43,2409.99,One year,DSL,Mailed check,0,No,No,Yes,Yes,No,Yes,No,Yes,No,Yes,0
CUST-02498,46,38.36,1785.5,Month-to-month,Fiber optic,Electronic check,0,No,Yes,Yes,No,No,Yes,Yes,No,No,Yes,0
CUST-02499,38,21.85,831.23,Month-to-month,No,Electronic check,0,Yes,No,Yes,No,No internet service,No internet service,No internet service,No internet service,No internet service,No,0
CUST-02500,14,83.62,1160.26,Month-to-month,DSL,Electronic check,1,No,Yes,Yes,No,Yes,No,No,No,No,Yes,0
CUST-02501,72,44.78,3207.47,Month-to-month,Fiber optic,Credit card,0,No,No,Yes,No,No,No,Yes,Yes,Yes,No,0
CUST-02502,62,23.34,1442.39,Two year,DSL,Electronic check,0,Yes,Yes,Yes,Yes,Yes,Yes,Yes,No,Yes,Yes,0
CUST-02503,35,41.56,1468.37,Month-to-month,Fiber optic,Bank transfer,0,No,Yes,Yes,No,No,No,No,No,Yes,Yes,0
CUST-02504,19,99.8,1907.15,One year,DSL,Mailed check,0,Yes,No,Yes,Yes,Yes,Yes,Yes,Yes,No,No,0
CUST-02505,30,104.85,3131.39,One year,DSL,Mailed check,0,No,No,Yes,No,No,Yes,No,No,No,Yes,1
CUST-02506,25,67.27,1664.83,Month-to-month,DSL,Electronic check,1,No,No,Yes,No,Yes,Yes,No,No,No,Yes,1
CUST-02507,40,60.44,2430.74,Month-to-month,Fiber optic,Bank transfer,0,No,Yes,Yes,Yes,No,No,Yes,No,No,Yes,1
CUST-02508,14,117.74,1633.91,One year,No,Credit card,0,Yes,No,Yes,No,No internet service,No internet service,No internet service,No internet service,No internet service,Yes,0
CUST-02509,26,38.46,1001.16,Month-to-month,Fiber optic,Electronic check,0,No,No,Yes,No,Yes,No,No,No,Yes,No,1
CUST-02510,22,39.97,881.82,Month-to-month,DSL,Electronic check,0,No,No,Yes,No,No,No,Yes,No,No,Yes,0
CUST-02511,48,47.77,2299.2,One year,Fiber optic,Bank transfer,0,Yes,No,Yes,No,Yes,Yes,Yes,Yes,Yes,No,0
CUST-02512,51,35.62,1833.79,One year,No,Electronic check,0,No,No,Yes,No,No internet service,No internet service,No internet service,No internet service,No internet service,Yes,0
CUST-02513,3,56.7,144.84,One year,DSL,Bank transfer,1,Yes,No,Yes,No,No,No,No,No,Yes,No,1
CUST-02514,42,110.91,4620.0,One year,DSL,Electronic check,0,Yes,No,Yes,No,No,No,No,Yes,No,Yes,0
CUST-02515,19,80.77,1523.28,Month-to-month,DSL,Bank transfer,1,No,No,Yes,Yes,Yes,Yes,No,Yes,Yes,Yes,1
CUST-02516,28,60.02,1716.59,Month-to-month,Fiber optic,Mailed check,0,No,No,Yes,Yes,No,No,No,Yes,No,Yes,1
CUST-02517,45,113.31,5139.39,Month-to-month,Fiber optic,Electronic check,1,No,No,No,No phone service,No,Yes,No,Yes,Yes,Yes,1
CUST-02518,71,22.94,1665.36,One year,Fiber optic,Bank transfer,0,Yes,Yes,Yes,No,No,Yes,No,No,Yes,Yes,0
CUST-02519,63,39.45,2481.49,Two year,DSL,Mailed check,0,Yes,No,Yes,Yes,Yes,No,No,Yes,Yes,Yes,0
CUST-02520,19,75.72,1403.04,Month-to-month,DSL,Electronic check,1,No,No,Yes,No,Yes,Yes,Yes,Yes,Yes,No,0
CUST-02521,47,80.79,3750.27,Month-to-month,No,Mailed check,0,Yes,No,Yes,No,No internet service,No internet service,No internet service,No internet service,No internet service,No,0
CUST-02522,14,22.03,296.14,Month-to-month,DSL,Mailed check,1,Yes,No,Yes,Yes,Yes,Yes,No,Yes,No,Yes,0
CUST-02523,38,59.11,2242.22,Two year,No,Electronic check,0,No,No,Yes,No,No internet service,No internet service,No internet service,No internet service,No internet service,Yes,1
CUST-02524,53,84.21,4489.14,One year,Fiber optic,Credit card,1,No,No,Yes,Yes,Yes,Yes,Yes,No,Yes,No,0
CUST-02525,61,89.2,5458.56,Month-to-month,DSL,Bank transfer,0,Yes,No,Yes,Yes,No,No,No,No,No,No,0
CUST-02526,36,83.09,2995.79,Two year,Fiber optic,Electronic check,0,Yes,No,No,No phone service,No,Yes,Yes,Yes,No,No,0
CUST-02527,40,50.7,2010.2,Two year,No,Credit card,0,No,No,Yes,Yes,No internet service,No internet service,No internet service,No internet service,No internet service,No,0
CUST-02528,30,27.54,806.98,Month-to-month,Fiber optic,Electronic check,0,No,Yes,Yes,No,No,Yes,Yes,Yes,No,Yes,1
CUST-02529,9,61.57,559.21,Two year,No,Bank transfer,1,Yes,No,Yes,Yes,No internet service,No internet service,No internet service,No internet service,No internet service,Yes,1
CUST-02530,64,31.13,2006.26,Month-to-month,DSL,Electronic check,0,No,No,Yes,Yes,Yes,Yes,Yes,Yes,Yes,No,0
CUST-02531,33,114.66,3791.62,Month-to-month,Fiber optic,Bank transfer,1,Yes,Yes,Yes,No,No,Yes,No,No,Yes,No,1
CUST-02532,52,66.47,3435.75,Month-to-month,No,Bank transfer,0,No,Yes,Yes,Yes,No internet service,No internet service,No internet service,No internet service,No internet service,Yes,1
CUST-02533,14,50.36,718.05,Two year,No,Mailed check,1,Yes,No,Yes,No,No internet service,No internet service,No internet service,No internet service,No internet service,Yes,0
CUST-02534,53,96.16,5105.0,One year,Fiber optic,Electronic check,0,No,No,Yes,Yes,No,Yes,No,Yes,Yes,No,0
CUST-02535,59,68.79,4037.2,Month-to-month,Fiber optic,Electronic check,0,No,No,Yes,Yes,No,No,Yes,Yes,Yes,No,1
CUST-02536,41,49.62,2018.73,Two year,DSL,Mailed check,0,No,Yes,Yes,No,No,Yes,Yes,No,Yes,Yes,0
CUST-02537,68,100.82,6869.53,Month-to-month,DSL,Electronic check,1,No,Yes,Yes,Yes,No,Yes,No,Yes,No,Yes,0
CUST-02538,68,106.45,7233.91,One year,DSL,Electronic check,0,Yes,Yes,Yes,Yes,No,No,Yes,No,Yes,No,0
CUST-02539,8,86.65,724.98,One year,DSL,Bank transfer,0,No,No,Yes,No,No,Yes,Yes,Yes,No,Yes,0
CUST-02540,2,22.79,55.6,Month-to-month,DSL,Credit card,0,Yes,No,Yes,Yes,Yes,No,Yes,No,Yes,No,1
CUST-02541,41,75.76,3096.43,Month-to-month,DSL,Electronic check,0,Yes,No,Yes,Yes,Yes,Yes,No,No,No,Yes,0
CUST-02542,55,95.86,5272.1,Two year,No,Electronic check,1,Yes,No,Yes,No,No internet service,No internet service,No internet service,No internet service,No internet service,No,0
CUST-02543,16,31.92,511.99,Month-to-month,Fiber optic,Credit card,0,No,No,Yes,Yes,No,Yes,No,Yes,Yes,Yes,0
CUST-02544,62,41.32,2547.27,One year,Fiber optic,Credit card,0,Yes,Yes,Yes,No,Yes,No,No,No,Yes,No,0
CUST-02545,48,108.01,5166.23,Month-to-month,No,Mailed check,1,No,Yes,Yes,No,No internet service,No internet service,No internet service,No internet service,No internet service,Yes,1
CUST-02546,30,20.05,615.53,One year,DSL,Electronic check,0,No,Yes,Yes,Yes,No,No,No,No,No,Yes,0
CUST-02547,12,94.78,1154.27,Month-to-month,Fiber optic,Bank transfer,0,No,No,Yes,No,No,Yes,No,No,No,Yes,1
CUST-02548,35,66.32,2333.28,Month-to-month,Fiber optic,Bank transfer,0,No,Yes,Yes,Yes,No,Yes,Yes,Yes,No,No,0
CUST-02549,11,63.57,729.58,Month-to-month,DSL,Electronic check,1,Yes,No,No,No phone service,Yes,No,No,No,No,Yes,0
CUST-02550,64,18.72,1187.24,Two year,Fiber optic,Bank transfer,0,Yes,Yes,Yes,Yes,No,Yes,Yes,No,No,No,0
CUST-02551,50,101.58,5112.49,Month-to-month,DSL,Bank transfer,0,No,Yes,Yes,Yes,No,No,Yes,Yes,No,Yes,0
CUST-02552,21,54.7,1130.68,Month-to-month,DSL,Mailed check,0,Yes,No,Yes,No,Yes,No,Yes,No,No,No,1
CUST-02553,69,73.16,5027.79,Two year,DSL,Bank transfer,0,Yes,No,Yes,No,Yes,Yes,No,No,No,Yes,0
CUST-02554,48,87.08,4144.64,One year,No,Mailed check,0,Yes,No,Yes,Yes,No internet service,No internet service,No internet service,No internet service,No internet service,No,0
CUST-02555,20,89.67,1784.48,Month-to-month,Fiber optic,Bank transfer,0,Yes,No,Yes,Yes,No,Yes,No,Yes,Yes,No,0
CUST-02556,67,115.51,7729.1,Two year,Fiber optic,Mailed check,0,No,Yes,Yes,Yes,Yes,No,No,No,Yes,Yes,1
CUST-02557,44,72.2,3187.32,One year,Fiber optic,Electronic check,0,Yes,No,Yes,Yes,No,Yes,No,Yes,Yes,Yes,1
CUST-02558,33,58.77,1944.29,Month-to-month,DSL,Bank transfer,1,No,No,No,No phone service,No,No,Yes,Yes,No,No,1
CUST-02559,61,115.28,7008.22,Month-to-month,Fiber optic,Bank transfer,0,Yes,No,Yes,No,Yes,No,Yes,Yes,Yes,Yes,0
CUST-02560,9,83.5,743.65,One year,Fiber optic,Credit card,0,No,Yes,Yes,Yes,No,Yes,No,No,Yes,No,1
CUST-02561,68,48.41,3284.45,One year,DSL,Mailed check,0,No,No,Yes,Yes,Yes,Yes,No,Yes,Yes,Yes,1
CUST-02562,35,30.9,1045.98,Month-to-month,Fiber optic,Electronic check,0,No,Yes,Yes,Yes,No,Yes,Yes,Yes,No,No,1
CUST-02563,65,103.94,6736.48,Month-to-month,DSL,Credit card,0,Yes,Yes,Yes,No,Yes,No,Yes,Yes,Yes,No,0
CUST-02564,8,54.94,424.1,Month-to-month,DSL,Bank transfer,1,Yes,Yes,Yes,Yes,Yes,No,Yes,Yes,No,No,1
CUST-02565,45,85.37,3870.32,One year,No,Credit card,1,No,No,Yes,Yes,No internet service,No internet service,No internet service,No internet service,No internet service,No,1
CUST-02566,47,66.02,3106.77,Month-to-month,Fiber optic,Electronic check,0,Yes,No,Yes,No,Yes,Yes,Yes,No,Yes,Yes,1
CUST-02567,40,38.29,1544.84,Month-to-month,Fiber optic,Mailed check,0,Yes,No,Yes,Yes,No,Yes,No,Yes,No,Yes,0
CUST-02568,54,79.37,4256.01,One year,Fiber optic,Electronic check,0,No,No,Yes,Yes,Yes,Yes,No,No,No,Yes,0
CUST-02569,46,24.19,1136.62,One year,Fiber optic,Credit card,0,No,No,Yes,No,No,Yes,No,Yes,Yes,Yes,0
CUST-02570,47,60.16,2853.54,Month-to-month,Fiber optic,Credit card,0,No,No,Yes,Yes,Yes,Yes,Yes,No,No,Yes,1
CUST-02571,15,73.75,1066.28,Month-to-month,Fiber optic,Mailed check,0,No,Yes,Yes,Yes,Yes,Yes,Yes,No,No,Yes,0
CUST-02572,19,62.48,1173.01,Month-to-month,Fiber optic,Electronic check,0,No,No,Yes,No,Yes,Yes,No,Yes,Yes,No,0
CUST-02573,26,94.36,2463.28,Month-to-month,No,Electronic check,1,No,No,Yes,Yes,No internet service,No internet service,No internet service,No internet service,No internet service,Yes,1
CUST-02574,52,102.45,5340.29,Two year,No,Bank transfer,0,Yes,No,Yes,No,No internet service,No internet service,No internet service,No internet service,No internet service,Yes,0
CUST-02575,22,96.67,2113.17,One year,Fiber optic,Mailed check,0,No,No,Yes,No,No,No,Yes,Yes,Yes,No,0
CUST-02576,21,21.96,455.05,Month-to-month,No,Bank transfer,1,No,No,Yes,No,No internet service,No internet service,No internet service,No internet service,No internet service,No,0
CUST-02577,51,37.8,1915.85,Month-to-month,Fiber optic,Electronic check,0,Yes,Yes,Yes,Yes,No,No,No,No,Yes,Yes,1
CUST-02578,38,72.73,2765.95,Month-to-month,Fiber optic,Mailed check,0,No,No,Yes,No,No,No,No,Yes,Yes,Yes,1
CUST-02579,20,113.35,2290.94,One year,DSL,Electronic check,0,Yes,Yes,Yes,No,No,No,Yes,Yes,No,Yes,0
CUST-02580,29,103.17,2976.51,Month-to-month,Fiber optic,Bank transfer,0,No,Yes,Yes,Yes,No,No,Yes,No,Yes,Yes,1
CUST-02581,51,103.94,5320.96,Two year,No,Mailed check,0,No,No,Yes,Yes,No internet service,No internet service,No internet service,No internet service,No internet service,No,0
CUST-02582,4,48.93,180.09,One year,Fiber optic,Credit card,0,Yes,No,Yes,Yes,No,No,Yes,No,Yes,No,0
CUST-02583,55,61.8,3382.05,Month-to-month,Fiber optic,Bank transfer,0,Yes,Yes,Yes,No,Yes,No,No,No,No,No,0
CUST-02584,71,66.01,4703.08,Two year,DSL,Mailed check,0,No,No,Yes,Yes,No,Yes,No,Yes,No,No,0
CUST-02585,28,34.05,971.84,One year,Fiber optic,Electronic check,0,No,No,Yes,Yes,Yes,Yes,Yes,Yes,Yes,No,0
CUST-02586,4,21.17,101.71,One year,DSL,Credit card,0,Yes,Yes,Yes,No,Yes,No,No,Yes,No,Yes,0
CUST-02587,22,114.58,2494.44,Two year,DSL,Electronic check,0,No,No,Yes,No,No,No,No,No,No,Yes,0
CUST-02588,45,42.55,1905.43,Month-to-month,Fiber optic,Electronic check,0,Yes,Yes,Yes,No,No,No,No,Yes,No,Yes,0
CUST-02589,67,42.47,2861.95,Month-to-month,Fiber optic,Credit card,0,Yes,No,Yes,Yes,Yes,No,No,No,No,No,1
CUST-02590,66,26.5,1749.83,Two year,Fiber optic,Bank transfer,0,No,No,Yes,No,Yes,No,Yes,Yes,Yes,No,0
CUST-02591,34,112.71,3810.67,One year,Fiber optic,Mailed check,0,No,No,Yes,Yes,No,Yes,Yes,Yes,Yes,Yes,0
CUST-02592,55,77.13,4251.32,Two year,DSL,Electronic check,0,Yes,No,Yes,No,Yes,No,No,No,No,No,0
CUST-02593,1,86.04,71.74,Month-to-month,DSL,Credit card,0,No,No,Yes,Yes,Yes,No,No,No,Yes,Yes,0
CUST-02594,72,110.98,8026.45,One year,No,Electronic check,1,Yes,No,Yes,No,No internet service,No internet service,No internet service,No internet service,No internet service,Yes,0
CUST-02595,38,53.25,2054.4,Month-to-month,DSL,Electronic check,0,No,Yes,Yes,No,Yes,No,Yes,Yes,Yes,No,0
CUST-02596,6,81.39,500.42,Month-to-month,DSL,Electronic check,0,Yes,Yes,Yes,Yes,No,No,No,No,Yes,No,1
CUST-02597,25,21.96,576.22,Month-to-month,No,Electronic check,0,Yes,No,Yes,No,No internet service,No internet service,No internet service,No internet service,No internet service,Yes,0
CUST-02598,17,37.05,631.15,Month-to-month,No,Credit card,0,Yes,No,Yes,No,No internet service,No internet service,No internet service,No internet service,No internet service,Yes,0
CUST-02599,61,102.79,6285.5,Month-to-month,Fiber optic,Bank transfer,0,Yes,No,Yes,No,Yes,No,Yes,No,Yes,Yes,1
CUST-02600,12,96.21,1184.07,One year,DSL,Bank transfer,1,Yes,No,Yes,No,Yes,Yes,Yes,Yes,Yes,Yes,0
CUST-02601,6,53.77,327.53,Month-to-month,DSL,Credit card,0,Yes,No,Yes,No,No,Yes,Yes,Yes,No,Yes,1
CUST-02602,27,56.43,1518.51,Month-to-month,No,Electronic check,1,No,No,Yes,Yes,No internet service,No internet service,No internet service,No internet service,No internet service,Yes,0
CUST-02603,8,72.42,545.27,Month-to-month,No,Electronic check,0,Yes,No,No,No phone service,No internet service,No internet service,No internet service,No internet service,No internet service,Yes,0
CUST-02604,65,18.02,1169.64,Month-to-month,Fiber optic,Bank transfer,0,Yes,Yes,Yes,No,No,No,Yes,Yes,No,Yes,0
CUST-02605,57,42.61,2445.24,Two year,DSL,Mailed check,0,No,No,Yes,No,Yes,No,Yes,No,Yes,Yes,0
CUST-02606,40,39.24,1588.51,Month-to-month,DSL,Mailed check,0,Yes,No,Yes,No,Yes,No,Yes,No,No,No,0
CUST-02607,14,43.55,619.79,Month-to-month,DSL,Electronic check,0,No,No,Yes,Yes,No,Yes,Yes,Yes,Yes,No,1
CUST-02608,35,100.2,3496.17,Two year,Fiber optic,Mailed check,0,Yes,No,Yes,Yes,No,Yes,Yes,Yes,Yes,Yes,0
CUST-02609,48,46.53,2193.9,One year,DSL,Electronic check,0,Yes,No,Yes,Yes,Yes,No,No,Yes,Yes,Yes,1
CUST-02610,56,37.54,2092.34,One year,No,Electronic check,0,Yes,Yes,Yes,Yes,No internet service,No internet service,No internet service,No internet service,No internet service,Yes,0
CUST-02611,49,69.43,3395.98,One year,DSL,Electronic check,0,Yes,No,Yes,Yes,Yes,No,Yes,No,Yes,Yes,0
CUST-02612,13,106.3,1375.64,Two year,Fiber optic,Electronic check,0,No,No,Yes,Yes,No,Yes,No,No,No,Yes,1
CUST-02613,61,42.62,2612.19,Month-to-month,DSL,Mailed check,0,Yes,No,Yes,No,No,No,No,No,No,Yes,0
CUST-02614,49,26.01,1314.2,Two year,Fiber optic,Electronic check,1,No,Yes,Yes,No,No,Yes,No,No,Yes,Yes,0
CUST-02615,46,54.35,2502.57,Two year,DSL,Credit card,1,No,No,Yes,No,Yes,No,Yes,No,Yes,No,0
CUST-02616,62,94.26,5839.79,One year,Fiber optic,Credit card,0,Yes,Yes,Yes,No,No,No,Yes,No,No,No,1
CUST-02617,8,74.17,588.18,One year,Fiber optic,Bank transfer,0,No,Yes,Yes,Yes,No,Yes,Yes,Yes,No,No,0
CUST-02618,43,101.31,4358.82,One year,DSL,Credit card,0,Yes,Yes,Yes,Yes,No,Yes,No,No,No,No,0
CUST-02619,20,115.88,2301.03,Month-to-month,No,Credit card,0,No,Yes,Yes,Yes,No internet service,No internet service,No internet service,No internet service,No internet service,No,0
CUST-02620,39,98.85,3857.55,Month-to-month,Fiber optic,Mailed check,0,No,No,No,No phone service,Yes,Yes,Yes,No,No,No,1
CUST-02621,49,79.59,3908.93,Two year,No,Mailed check,0,Yes,Yes,Yes,Yes,No internet service,No internet service,No internet service,No internet service,No internet service,No,0
CUST-02622,64,68.32,4376.67,Month-to-month,No,Credit card,1,No,Yes,Yes,Yes,No internet service,No internet service,No internet service,No internet service,No internet service,Yes,0
CUST-02623,62,22.09,1378.73,Month-to-month,No,Bank transfer,0,Yes,No,No,No phone service,No internet service,No internet service,No internet service,No internet service,No internet service,No,0
CUST-02624,54,118.4,6402.27,One year,DSL,Electronic check,0,Yes,No,Yes,No,No,Yes,No,No,Yes,Yes,0
CUST-02625,9,57.12,478.64,Month-to-month,DSL,Bank transfer,1,Yes,No,Yes,Yes,Yes,No,Yes,Yes,No,Yes,0
CUST-02626,37,33.53,1253.35,Month-to-month,No,Electronic check,0,No,No,Yes,Yes,No internet service,No internet service,No internet service,No internet service,No internet service,Yes,1
CUST-02627,49,86.0,4200.58,One year,Fiber optic,Electronic check,0,Yes,No,Yes,No,Yes,Yes,Yes,No,No,Yes,0
CUST-02628,41,47.0,1905.08,One year,DSL,Electronic check,0,Yes,No,No,No phone service,No,No,No,No,Yes,No,0
CUST-02629,17,77.75,1299.66,Month-to-month,Fiber optic,Electronic check,0,Yes,No,Yes,No,Yes,No,Yes,Yes,Yes,No,1
CUST-02630,21,77.85,1643.52,Two year,DSL,Electronic check,0,Yes,Yes,Yes,Yes,Yes,Yes,Yes,No,No,No,0
CUST-02631,51,63.46,3232.01,Month-to-month,Fiber optic,Credit card,0,Yes,No,Yes,No,No,Yes,No,No,Yes,Yes,1
CUST-02632,59,103.28,6059.88,Month-to-month,No,Electronic check,0,Yes,Yes,Yes,No,No internet service,No internet service,No internet service,No internet service,No internet service,No,0
CUST-02633,39,45.03,1765.73,Month-to-month,Fiber optic,Electronic check,0,Yes,No,Yes,Yes,Yes,No,Yes,No,No,No,1
CUST-02634,55,63.76,3478.01,One year,DSL,Electronic check,1,Yes,No,No,No phone service,Yes,No,No,No,Yes,Yes,0
CUST-02635,41,72.84,2989.24,Month-to-month,Fiber optic,Mailed check,1,No,Yes,Yes,No,No,Yes,Yes,Yes,No,No,0
CUST-02636,39,85.69,3346.68,Month-to-month,Fiber optic,Credit card,0,No,No,Yes,No,Yes,Yes,Yes,Yes,Yes,Yes,1
CUST-02637,13,97.97,1291.32,Two year,Fiber optic,Electronic check,0,Yes,No,Yes,No,Yes,Yes,No,No,No,Yes,1
CUST-02638,64,58.27,3764.91,Month-to-month,DSL,Electronic check,1,No,No,Yes,Yes,Yes,Yes,No,Yes,No,Yes,0
CUST-02639,11,83.9,895.61,One year,Fiber optic,Mailed check,0,Yes,No,Yes,No,No,Yes,Yes,No,No,Yes,0
CUST-02640,19,33.36,632.79,One year,Fiber optic,Mailed check,0,No,Yes,Yes,No,Yes,Yes,No,No,No,Yes,0
CUST-02641,11,113.13,1238.9,Two year,Fiber optic,Electronic check,0,Yes,No,Yes,Yes,No,No,Yes,Yes,No,No,1
CUST-02642,46,57.07,2633.89,One year,No,Electronic check,0,No,No,Yes,Yes,No internet service,No internet service,No internet service,No internet service,No internet service,No,0
CUST-02643,45,92.41,4162.76,Month-to-month,Fiber optic,Mailed check,0,No,No,Yes,No,Yes,No,No,No,Yes,Yes,0
CUST-02644,1,20.07,13.02,Month-to-month,DSL,Electronic check,0,No,No,Yes,No,No,No,Yes,No,Yes,No,0
CUST-02645,40,38.93,1548.38,Two year,Fiber optic,Credit card,0,No,No,No,No phone service,No,Yes,Yes,Yes,No,Yes,0
CUST-02646,19,67.68,1263.59,Two year,No,Electronic check,1,No,No,Yes,Yes,No internet service,No internet service,No internet service,No internet service,No internet service,Yes,0
CUST-02647,72,107.58,7765.52,Month-to-month,DSL,Electronic check,1,Yes,No,Yes,No,No,Yes,No,No,Yes,No,0
CUST-02648,72,71.78,5177.34,One year,Fiber optic,Credit card,1,No,No,Yes,Yes,No,Yes,No,No,Yes,Yes,0
CUST-02649,61,112.85,6902.21,Month-to-month,DSL,Credit card,1,Yes,Yes,No,No phone service,No,No,Yes,No,Yes,Yes,0
CUST-02650,12,67.35,801.99,Two year,DSL,Electronic check,0,Yes,No,Yes,No,No,No,No,Yes,No,No,0
CUST-02651,61,68.03,4136.69,Two year,No,Credit card,0,Yes,No,Yes,Yes,No internet service,No internet service,No internet service,No internet service,No internet service,No,0
CUST-02652,33,30.21,975.36,Two year,No,Bank transfer,0,No,No,Yes,No,No internet service,No internet service,No internet service,No internet service,No internet service,Yes,0
CUST-02653,45,99.87,4501.33,Two year,Fiber optic,Electronic check,0,Yes,No,Yes,Yes,No,Yes,Yes,No,No,No,0
CUST-02654,69,43.19,2959.31,Two year,Fiber optic,Mailed check,0,No,Yes,Yes,Yes,Yes,No,No,Yes,No,No,0
CUST-02655,8,109.76,915.05,Month-to-month,No,Electronic check,0,No,No,Yes,Yes,No internet service,No internet service,No internet service,No internet service,No internet service,No,1
CUST-02656,25,110.9,2746.35,Two year,No,Electronic check,1,Yes,No,Yes,Yes,No internet service,No internet service,No internet service,No internet service,No internet service,No,1
CUST-02657,46,114.22,5259.59,One year,Fiber optic,Electronic check,0,Yes,No,Yes,No,Yes,No,Yes,No,No,Yes,0
CUST-02658,30,71.06,2163.14,Two year,Fiber optic,Bank transfer,0,No,Yes,Yes,No,Yes,Yes,Yes,No,No,Yes,1
CUST-02659,47,87.06,4103.8,One year,Fiber optic,Credit card,0,No,No,Yes,No,Yes,Yes,Yes,Yes,No,Yes,0
CUST-02660,49,97.41,4776.6,Month-to-month,DSL,Mailed check,0,Yes,No,Yes,No,Yes,No,No,No,No,No,0
CUST-02661,47,31.36,1454.55,One year,Fiber optic,Mailed check,1,Yes,Yes,Yes,No,Yes,Yes,No,Yes,Yes,No,0
CUST-02662,18,79.3,1399.76,One year,No,Mailed check,0,Yes,No,Yes,Yes,No internet service,No internet service,No internet service,No internet service,No internet service,No,1
CUST-02663,66,21.5,1434.4,Month-to-month,No,Bank transfer,0,Yes,Yes,Yes,No,No internet service,No internet service,No internet service,No internet service,No internet service,Yes,0
CUST-02664,68,68.75,4705.12,Month-to-month,No,Bank transfer,1,Yes,No,Yes,No,No internet service,No internet service,No internet service,No internet service,No internet service,No,0
CUST-02665,33,33.79,1106.29,One year,DSL,Electronic check,0,No,No,Yes,Yes,No,No,No,No,Yes,No,0
CUST-02666,36,36.66,1296.98,Month-to-month,Fiber optic,Bank transfer,0,No,No,No,No phone service,Yes,Yes,No,No,No,Yes,1
CUST-02667,19,55.23,1000.21,Month-to-month,DSL,Mailed check,0,No,No,No,No phone service,Yes,Yes,No,Yes,No,No,0
CUST-02668,28,62.11,1719.46,Month-to-month,DSL,Bank transfer,0,Yes,No,Yes,Yes,No,No,Yes,No,Yes,No,0
CUST-02669,40,81.56,3260.13,Two year,No,Electronic check,0,Yes,No,Yes,No,No internet service,No internet service,No internet service,No internet service,No internet service,No,0
CUST-02670,15,25.59,415.83,One year,Fiber optic,Electronic check,1,No,No,Yes,Yes,Yes,Yes,Yes,No,No,Yes,0
CUST-02671,41,69.38,2858.04,Month-to-month,Fiber optic,Mailed check,1,No,No,No,No phone service,No,Yes,No,Yes,Yes,Yes,0
CUST-02672,39,36.63,1434.67,One year,DSL,Credit card,0,Yes,No,Yes,Yes,Yes,No,No,Yes,No,No,1
CUST-02673,2,76.55,145.1,One year,Fiber optic,Bank transfer,0,No,No,Yes,Yes,Yes,No,No,No,No,No,0
CUST-02674,63,83.02,5218.6,Month-to-month,Fiber optic,Credit card,1,No,No,Yes,Yes,No,No,Yes,Yes,Yes,Yes,1
CUST-02675,29,74.78,2196.73,Month-to-month,DSL,Electronic check,0,No,No,No,No phone service,Yes,No,Yes,Yes,Yes,Yes,1
CUST-02676,66,93.31,6162.47,One year,DSL,Mailed check,1,No,No,Yes,No,No,Yes,No,No,No,No,0
CUST-02677,51,52.23,2621.68,Month-to-month,DSL,Mailed check,0,No,No,Yes,No,No,No,Yes,Yes,No,Yes,0
CUST-02678,10,96.04,946.93,One year,Fiber optic,Bank transfer,0,Yes,No,Yes,Yes,No,No,No,No,Yes,No,1
CUST-02679,14,62.14,852.8,Month-to-month,No,Credit card,0,No,No,Yes,No,No internet service,No internet service,No internet service,No internet service,No internet service,Yes,0
CUST-02680,51,67.39,3425.96,Month-to-month,No,Credit card,0,Yes,Yes,Yes,Yes,No internet service,No internet service,No internet service,No internet service,No internet service,Yes,1
CUST-02681,39,84.11,3291.55,Two year,No,Bank transfer,0,Yes,No,No,No phone service,No internet service,No internet service,No internet service,No internet service,No internet service,Yes,0
CUST-02682,28,19.87,554.21,Month-to-month,No,Bank transfer,0,Yes,No,Yes,Yes,No internet service,No internet service,No internet service,No internet service,No internet service,Yes,0
CUST-02683,3,84.71,252.59,One year,No,Credit card,0,Yes,Yes,Yes,No,No internet service,No internet service,No internet service,No internet service,No internet service,No,0
CUST-02684,70,81.1,5703.27,Month-to-month,Fiber optic,Mailed check,0,No,No,Yes,No,No,No,Yes,No,No,Yes,1
CUST-02685,27,49.6,1325.27,Month-to-month,Fiber optic,Credit card,0,Yes,Yes,Yes,Yes,No,Yes,Yes,Yes,Yes,Yes,0
CUST-02686,2,26.75,90.78,Month-to-month,Fiber optic,Credit card,0,No,No,Yes,Yes,Yes,No,No,No,No,Yes,0
CUST-02687,38,27.28,1023.21,Month-to-month,No,Mailed check,0,Yes,Yes,Yes,No,No internet service,No internet service,No internet service,No internet service,No internet service,Yes,1
CUST-02688,3,112.17,338.29,Month-to-month,DSL,Bank transfer,1,Yes,No,Yes,No,Yes,Yes,No,No,No,Yes,1
CUST-02689,16,88.31,1407.34,Month-to-month,DSL,Mailed check,1,No,No,No,No phone service,Yes,Yes,No,Yes,No,Yes,0
CUST-02690,40,30.96,1240.87,One year,No,Electronic check,1,Yes,No,Yes,Yes,No internet service,No internet service,No internet service,No internet service,No internet service,Yes,0
CUST-02691,2,54.39,117.67,One year,DSL,Bank transfer,0,No,Yes,Yes,Yes,No,Yes,Yes,No,Yes,Yes,0
CUST-02692,41,78.43,3224.31,Month-to-month,No,Electronic check,0,Yes,No,Yes,No,No internet service,No internet service,No internet service,No internet service,No internet service,Yes,0
CUST-02693,12,103.23,1223.7,Two year,Fiber optic,Mailed check,0,No,No,Yes,No,Yes,No,No,Yes,Yes,No,0
CUST-02694,35,22.45,763.29,Month-to-month,DSL,Credit card,0,Yes,No,Yes,No,Yes,Yes,Yes,No,Yes,Yes,0
CUST-02695,65,42.14,2789.16,Month-to-month,Fiber optic,Electronic check,0,No,Yes,Yes,Yes,No,No,Yes,No,No,Yes,0
CUST-02696,55,108.75,5971.57,One year,No,Electronic check,1,Yes,No,No,No phone service,No internet service,No internet service,No internet service,No internet service,No internet service,Yes,0
CUST-02697,45,18.93,865.83,Month-to-month,DSL,Bank transfer,0,No,No,Yes,Yes,No,No,No,Yes,No,No,1
CUST-02698,62,38.54,2357.33,Month-to-month,Fiber optic,Electronic check,0,No,Yes,Yes,Yes,No,No,Yes,No,Yes,Yes,0
CUST-02699,49,115.82,5669.59,Month-to-month,No,Mailed check,0,Yes,Yes,No,No phone service,No internet service,No internet service,No internet service,No internet service,No internet service,No,0
CUST-02700,25,80.57,2011.71,Two year,DSL,Mailed check,0,Yes,No,Yes,Yes,Yes,No,No,Yes,Yes,Yes,0
CUST-02701,23,44.69,1037.33,One year,DSL,Electronic check,1,No,No,No,No phone service,Yes,No,No,Yes,Yes,Yes,1
CUST-02702,24,24.83,541.47,Month-to-month,DSL,Electronic check,0,No,No,Yes,Yes,Yes,Yes,No,No,Yes,No,1
CUST-02703,38,20.88,796.76,Month-to-month,DSL,Credit card,0,Yes,No,Yes,No,No,No,Yes,Yes,Yes,Yes,1
CUST-02704,28,42.96,1179.89,Two year,DSL,Electronic check,0,No,No,Yes,No,No,Yes,No,Yes,No,No,0
CUST-02705,21,107.91,2272.6,One year,Fiber optic,Mailed check,0,No,No,Yes,Yes,No,No,Yes,No,Yes,Yes,0
CUST-02706,54,60.42,3241.95,Month-to-month,Fiber optic,Credit card,0,No,Yes,Yes,Yes,Yes,No,Yes,No,Yes,Yes,0
CUST-02707,18,91.47,1629.35,Month-to-month,No,Credit card,0,No,Yes,Yes,Yes,No internet service,No internet service,No internet service,No internet service,No internet service,Yes,0
CUST-02708,36,111.67,4014.65,Month-to-month,DSL,Electronic check,0,No,Yes,Yes,Yes,No,Yes,No,Yes,Yes,Yes,0
CUST-02709,45,59.62,2661.85,Month-to-month,Fiber optic,Mailed check,0,No,Yes,No,No phone service,Yes,Yes,Yes,Yes,No,Yes,0
CUST-02710,53,37.51,1978.52,Two year,Fiber optic,Bank transfer,1,No,No,Yes,No,Yes,Yes,No,No,Yes,No,0
CUST-02711,30,70.75,2098.63,Month-to-month,No,Bank transfer,1,Yes,Yes,Yes,No,No internet service,No internet service,No internet service,No internet service,No internet service,No,1
CUST-02712,60,110.62,6600.54,Month-to-month,Fiber optic,Bank transfer,0,No,No,Yes,No,Yes,Yes,Yes,No,No,Yes,0
CUST-02713,32,100.05,3221.96,Two year,Fiber optic,Mailed check,0,No,No,Yes,No,Yes,No,No,Yes,No,Yes,1
CUST-02714,67,24.71,1629.65,One year,No,Electronic check,0,No,No,Yes,Yes,No internet service,No internet service,No internet service,No internet service,No internet service,Yes,0
CUST-02715,67,88.64,5935.31,One year,DSL,Mailed check,0,Yes,No,Yes,Yes,No,Yes,Yes,No,Yes,Yes,1
CUST-02716,28,76.33,2152.3,Month-to-month,DSL,Bank transfer,0,Yes,Yes,No,No phone service,Yes,No,Yes,Yes,No,No,1
CUST-02717,44,110.56,4852.34,One year,Fiber optic,Bank transfer,0,No,No,Yes,Yes,Yes,Yes,Yes,Yes,No,No,0
CUST-02718,41,30.49,1233.59,One year,Fiber optic,Electronic check,1,No,Yes,Yes,No,Yes,Yes,Yes,No,No,No,1
CUST-02719,63,72.47,4570.13,Month-to-month,DSL,Electronic check,0,Yes,No,Yes,No,No,Yes,No,No,No,Yes,1
CUST-02720,23,107.71,2499.69,Two year,Fiber optic,Credit card,0,Yes,No,Yes,No,Yes,Yes,Yes,No,No,Yes,0
CUST-02721,48,59.82,2847.97,Two year,Fiber optic,Electronic check,0,No,No,Yes,Yes,Yes,No,No,No,No,No,1
CUST-02722,32,67.16,2146.12,One year,No,Electronic check,0,No,No,Yes,No,No internet service,No internet service,No internet service,No internet service,No internet service,Yes,1
CUST-02723,57,25.19,1401.18,Month-to-month,DSL,Bank transfer,0,No,No,Yes,Yes,Yes,No,Yes,No,Yes,No,1
CUST-02724,33,46.37,1522.35,Month-to-month,DSL,Mailed check,0,No,No,Yes,No,No,No,Yes,No,Yes,Yes,0
CUST-02725,24,51.1,1227.08,Month-to-month,Fiber optic,Electronic check,0,Yes,Yes,Yes,No,Yes,No,No,Yes,No,Yes,1
CUST-02726,39,114.4,4444.51,Month-to-month,Fiber optic,Mailed check,0,No,Yes,Yes,No,No,No,No,Yes,Yes,No,0
CUST-02727,34,46.83,1583.08,One year,Fiber optic,Mailed check,0,No,No,Yes,Yes,Yes,Yes,Yes,No,No,Yes,0
CUST-02728,56,65.01,3612.4,Month-to-month,Fiber optic,Mailed check,0,No,No,Yes,No,Yes,Yes,Yes,No,Yes,Yes,1
CUST-02729,28,86.47,2422.7,Two year,Fiber optic,Credit card,0,Yes,No,Yes,Yes,Yes,Yes,Yes,Yes,Yes,No,1
CUST-02730,37,34.54,1299.09,Month-to-month,No,Electronic check,1,Yes,Yes,Yes,Yes,No internet service,No internet service,No internet service,No internet service,No internet service,Yes,0
CUST-02731,7,67.62,451.4,Month-to-month,No,Bank transfer,0,No,No,Yes,Yes,No internet service,No internet service,No internet service,No internet service,No internet service,Yes,0
CUST-02732,68,93.33,6333.99,One year,Fiber optic,Electronic check,0,No,Yes,Yes,No,Yes,Yes,Yes,Yes,Yes,Yes,0
CUST-02733,37,106.42,3947.59,Month-to-month,No,Mailed check,0,No,No,Yes,No,No internet service,No internet service,No internet service,No internet service,No internet service,No,1
CUST-02734,56,81.88,4609.52,Two year,DSL,Bank transfer,0,No,Yes,No,No phone service,Yes,Yes,No,No,Yes,Yes,0
CUST-02735,65,86.24,5575.74,Two year,Fiber optic,Electronic check,1,Yes,Yes,Yes,No,No,Yes,Yes,No,Yes,Yes,0
CUST-02736,65,30.88,2003.82,Month-to-month,Fiber optic,Bank transfer,0,No,No,Yes,Yes,No,No,No,Yes,Yes,Yes,1
CUST-02737,47,114.47,5385.75,Month-to-month,No,Electronic check,0,No,No,Yes,No,No internet service,No internet service,No internet service,No internet service,No internet service,No,0
CUST-02738,20,31.52,628.36,Month-to-month,Fiber optic,Electronic check,0,No,Yes,Yes,Yes,No,Yes,Yes,No,Yes,No,1
CUST-02739,19,97.02,1793.84,One year,Fiber optic,Mailed check,0,No,No,Yes,Yes,Yes,No,Yes,No,No,No,0
CUST-02740,29,45.01,1315.31,Month-to-month,No,Bank transfer,0,Yes,Yes,Yes,No,No internet service,No internet service,No internet service,No internet service,No internet service,No,0
CUST-02741,60,113.23,6824.19,One year,Fiber optic,Electronic check,0,No,No,Yes,Yes,Yes,No,No,Yes,Yes,No,0
CUST-02742,18,91.44,1648.25,Month-to-month,Fiber optic,Credit card,0,Yes,No,Yes,Yes,Yes,No,No,Yes,No,No,0
CUST-02743,35,94.89,3300.53,One year,DSL,Electronic check,1,No,No,No,No phone service,No,Yes,No,Yes,Yes,Yes,0
CUST-02744,43,40.34,1724.36,One year,DSL,Electronic check,0,No,No,Yes,Yes,No,No,Yes,No,No,Yes,0
CUST-02745,11,63.19,730.49,Month-to-month,No,Electronic check,0,No,Yes,Yes,No,No internet service,No internet service,No internet service,No internet service,No internet service,No,0
CUST-02746,49,81.02,3988.18,Month-to-month,Fiber optic,Electronic check,0,No,Yes,Yes,No,No,No,No,Yes,Yes,No,0
CUST-02747,38,96.54,3681.32,Month-to-month,Fiber optic,Electronic check,0,Yes,No,Yes,Yes,Yes,No,No,No,Yes,No,0
CUST-02748,64,28.6,1837.53,Month-to-month,Fiber optic,Credit card,0,Yes,No,No,No phone service,Yes,Yes,No,No,Yes,Yes,1
CUST-02749,69,116.16,8001.82,Month-to-month,DSL,Mailed check,0,No,No,Yes,Yes,No,No,No,Yes,Yes,No,1
CUST-02750,8,108.8,866.39,Month-to-month,Fiber optic,Mailed check,0,Yes,Yes,Yes,No,Yes,Yes,Yes,Yes,Yes,No,1
CUST-02751,34,45.58,1548.16,Two year,Fiber optic,Credit card,0,Yes,No,Yes,No,No,Yes,Yes,Yes,No,No,1
CUST-02752,48,101.92,4903.15,Two year,DSL,Mailed check,0,No,No,Yes,No,No,No,Yes,Yes,No,No,0
CUST-02753,56,70.87,3998.9,Two year,DSL,Electronic check,0,No,Yes,Yes,No,Yes,Yes,No,Yes,No,No,0
CUST-02754,65,65.1,4253.87,Month-to-month,Fiber optic,Electronic check,0,Yes,No,Yes,No,No,Yes,Yes,Yes,No,Yes,1
CUST-02755,31,50.07,1523.78,One year,Fiber optic,Electronic check,1,Yes,No,Yes,Yes,No,Yes,Yes,Yes,No,Yes,1
CUST-02756,4,77.26,313.52,Month-to-month,DSL,Mailed check,0,Yes,No,Yes,No,Yes,Yes,No,Yes,Yes,No,0
CUST-02757,50,92.45,4637.24,Month-to-month,Fiber optic,Electronic check,0,No,No,Yes,Yes,No,Yes,No,No,No,Yes,0
CUST-02758,69,59.92,4146.86,Month-to-month,No,Mailed check,1,Yes,No,Yes,No,No internet service,No internet service,No internet service,No internet service,No internet service,No,0
CUST-02759,30,82.18,2452.82,Month-to-month,Fiber optic,Bank transfer,0,No,Yes,Yes,Yes,No,Yes,Yes,No,No,Yes,0
CUST-02760,59,89.33,5328.75,Month-to-month,No,Bank transfer,0,No,No,Yes,Yes,No internet service,No internet service,No internet service,No internet service,No internet service,No,0
CUST-02761,67,90.53,6039.97,Month-to-month,No,Bank transfer,0,Yes,No,Yes,Yes,No internet service,No internet service,No internet service,No internet service,No internet service,Yes,0
CUST-02762,45,23.3,1026.84,Two year,DSL,Electronic check,0,Yes,No,Yes,Yes,Yes,No,Yes,Yes,No,No,0
CUST-02763,4,105.69,427.43,Month-to-month,DSL,Electronic check,0,No,Yes,Yes,Yes,No,No,No,Yes,Yes,Yes,1
CUST-02764,26,64.74,1725.58,Two year,Fiber optic,Mailed check,0,Yes,No,Yes,No,No,No,No,Yes,No,Yes,0
CUST-02765,27,44.77,1192.07,Month-to-month,Fiber optic,Electronic check,0,No,No,Yes,Yes,Yes,No,Yes,Yes,No,No,1
CUST-02766,46,42.66,1957.04,Month-to-month,Fiber optic,Electronic check,0,No,No,Yes,Yes,Yes,No,Yes,No,Yes,Yes,0
CUST-02767,64,67.27,4326.83,Month-to-month,DSL,Mailed check,0,Yes,No,Yes,Yes,No,No,No,Yes,Yes,No,0
CUST-02768,51,108.46,5531.1,One year,Fiber optic,Electronic check,0,Yes,Yes,Yes,No,No,No,Yes,Yes,Yes,Yes,1
CUST-02769,50,56.59,2822.81,Month-to-month,DSL,Bank transfer,1,No,No,Yes,No,Yes,Yes,Yes,No,No,No,0
CUST-02770,6,94.47,578.13,Month-to-month,No,Electronic check,0,Yes,No,Yes,No,No internet service,No internet service,No internet service,No internet service,No internet service,Yes,0
CUST-02771,59,27.88,1650.37,Month-to-month,DSL,Credit card,0,Yes,Yes,Yes,No,No,No,Yes,Yes,No,Yes,1
CUST-02772,15,66.56,1019.01,Month-to-month,No,Bank transfer,0,Yes,Yes,Yes,Yes,No internet service,No internet service,No internet service,No internet service,No internet service,No,0
CUST-02773,30,119.15,3600.33,One year,DSL,Electronic check,0,No,No,No,No phone service,No,Yes,No,No,Yes,Yes,0
CUST-02774,42,96.58,4062.5,Month-to-month,DSL,Mailed check,1,No,No,Yes,No,Yes,No,Yes,Yes,Yes,No,0
CUST-02775,37,39.47,1466.22,Month-to-month,DSL,Mailed check,0,Yes,No,Yes,No,Yes,No,Yes,No,No,Yes,0
CUST-02776,42,69.15,2908.58,Two year,No,Bank transfer,0,No,No,Yes,Yes,No internet service,No internet service,No internet service,No internet service,No internet service,Yes,0
CUST-02777,35,41.83,1473.83,Month-to-month,DSL,Mailed check,0,Yes,Yes,Yes,No,Yes,No,No,Yes,No,Yes,0
CUST-02778,6,59.78,359.78,One year,Fiber optic,Mailed check,0,No,No,Yes,Yes,Yes,Yes,Yes,Yes,No,Yes,1
CUST-02779,68,97.57,6634.75,One year,No,Mailed check,0,Yes,No,Yes,No,No internet service,No internet service,No internet service,No internet service,No internet service,No,0
CUST-02780,18,96.66,1763.81,Two year,Fiber optic,Electronic check,0,Yes,No,Yes,Yes,Yes,No,Yes,No,No,Yes,0
CUST-02781,29,41.27,1227.15,Month-to-month,Fiber optic,Credit card,0,No,No,No,No phone service,Yes,No,Yes,No,Yes,Yes,1
CUST-02782,59,112.07,6581.98,One year,No,Electronic check,0,Yes,Yes,Yes,Yes,No internet service,No internet service,No internet service,No internet service,No internet service,Yes,1
CUST-02783,47,78.44,3686.88,Month-to-month,No,Electronic check,0,Yes,No,No,No phone service,No internet service,No internet service,No internet service,No internet service,No internet service,No,1
CUST-02784,17,56.75,950.98,One year,Fiber optic,Electronic check,0,No,Yes,Yes,Yes,Yes,Yes,Yes,Yes,No,No,0
CUST-02785,22,69.2,1516.18,Month-to-month,Fiber optic,Credit card,0,No,Yes,No,No phone service,No,No,No,No,No,Yes,0
CUST-02786,68,79.72,5429.01,Month-to-month,No,Bank transfer,0,No,No,Yes,Yes,No internet service,No internet service,No internet service,No internet service,No internet service,Yes,0
CUST-02787,69,75.11,5195.98,Two year,No,Bank transfer,0,No,Yes,Yes,No,No internet service,No internet service,No internet service,No internet service,No internet service,No,0
CUST-02788,37,67.61,2499.33,Month-to-month,Fiber optic,Credit card,0,No,No,Yes,No,Yes,No,No,Yes,Yes,Yes,0
CUST-02789,49,69.5,3367.23,Two year,No,Credit card,0,Yes,Yes,Yes,Yes,No internet service,No internet service,No internet service,No internet service,No internet service,Yes,0
CUST-02790,13,35.99,448.57,Two year,DSL,Mailed check,0,Yes,No,Yes,Yes,Yes,No,Yes,No,Yes,Yes,0
CUST-02791,34,100.9,3448.53,Month-to-month,Fiber optic,Electronic check,0,Yes,Yes,Yes,No,Yes,Yes,No,Yes,No,Yes,1
CUST-02792,53,73.26,3827.97,Month-to-month,DSL,Electronic check,0,Yes,No,Yes,No,Yes,Yes,Yes,Yes,Yes,No,0
CUST-02793,51,31.37,1623.62,Month-to-month,DSL,Bank transfer,0,No,Yes,Yes,Yes,No,No,Yes,No,No,Yes,0
CUST-02794,3,96.15,298.87,Two year,Fiber optic,Mailed check,0,Yes,No,Yes,No,No,No,No,Yes,Yes,Yes,1
CUST-02795,42,113.11,4776.94,Month-to-month,Fiber optic,Mailed check,0,Yes,No,Yes,Yes,Yes,Yes,No,No,Yes,Yes,0
CUST-02796,32,114.63,3664.19,One year,DSL,Mailed check,0,Yes,No,Yes,Yes,No,No,Yes,No,No,Yes,0
CUST-02797,51,55.64,2796.41,One year,Fiber optic,Bank transfer,1,Yes,No,No,No phone service,Yes,Yes,No,No,No,No,0
CUST-02798,46,31.82,1472.33,Two year,Fiber optic,Electronic check,0,No,Yes,Yes,No,No,No,No,Yes,No,Yes,0
CUST-02799,21,70.88,1513.97,One year,No,Electronic check,0,Yes,Yes,Yes,No,No internet service,No internet service,No internet service,No internet service,No internet service,No,0
CUST-02800,44,29.49,1316.05,One year,No,Bank transfer,1,Yes,Yes,Yes,Yes,No internet service,No internet service,No internet service,No internet service,No internet service,No,1
CUST-02801,11,113.27,1232.72,Month-to-month,Fiber optic,Electronic check,0,No,No,Yes,No,Yes,No,No,No,Yes,No,0
CUST-02802,68,36.73,2499.38,Month-to-month,No,Bank transfer,0,No,No,Yes,Yes,No internet service,No internet service,No internet service,No internet service,No internet service,Yes,0
CUST-02803,1,43.78,33.12,Month-to-month,DSL,Mailed check,0,No,Yes,Yes,Yes,Yes,No,No,No,Yes,Yes,0
CUST-02804,63,59.48,3730.85,Two year,Fiber optic,Credit card,0,No,No,Yes,Yes,No,Yes,Yes,No,No,No,1
CUST-02805,24,57.08,1389.03,One year,No,Credit card,0,No,No,Yes,No,No internet service,No internet service,No internet service,No internet service,No internet service,Yes,0
CUST-02806,13,99.06,1263.83,One year,Fiber optic,Mailed check,0,Yes,Yes,Yes,No,Yes,Yes,Yes,No,No,No,0
CUST-02807,11,64.54,692.06,One year,Fiber optic,Bank transfer,1,Yes,No,Yes,No,No,No,No,Yes,No,Yes,1
CUST-02808,51,35.42,1784.34,Month-to-month,DSL,Electronic check,0,No,No,Yes,Yes,Yes,Yes,Yes,No,No,Yes,0
CUST-02809,17,45.26,739.62,Month-to-month,DSL,Mailed check,1,Yes,No,Yes,No,Yes,Yes,Yes,Yes,Yes,Yes,0
CUST-02810,24,69.93,1681.25,Month-to-month,Fiber optic,Bank transfer,0,Yes,No,Yes,Yes,No,No,Yes,Yes,Yes,No,1
CUST-02811,19,33.04,650.99,Month-to-month,No,Bank transfer,1,Yes,Yes,Yes,No,No internet service,No internet service,No internet service,No internet service,No internet service,No,1
CUST-02812,37,80.39,2970.73,One year,Fiber optic,Mailed check,0,Yes,No,Yes,No,No,Yes,No,Yes,Yes,No,0
CUST-02813,8,75.71,575.57,Month-to-month,No,Electronic check,0,No,No,Yes,Yes,No internet service,No internet service,No internet service,No internet service,No internet service,Yes,1
CUST-02814,28,90.9,2562.0,One year,No,Credit card,0,Yes,No,Yes,Yes,No internet service,No internet service,No internet service,No internet service,No internet service,No,0
CUST-02815,5,113.65,601.96,One year,DSL,Electronic check,0,Yes,No,Yes,Yes,No,Yes,No,Yes,Yes,Yes,1
CUST-02816,17,111.05,1874.93,Month-to-month,Fiber optic,Credit card,0,No,No,No,No phone service,Yes,No,No,No,Yes,Yes,0
CUST-02817,36,114.5,4112.43,Month-to-month,Fiber optic,Bank transfer,0,No,Yes,Yes,Yes,Yes,No,Yes,No,No,Yes,0
CUST-02818,19,42.96,826.55,Month-to-month,Fiber optic,Mailed check,0,No,No,Yes,No,Yes,No,No,No,No,No,0
CUST-02819,64,31.42,2043.32,Month-to-month,DSL,Electronic check,0,Yes,No,Yes,No,Yes,No,Yes,No,No,Yes,0
CUST-02820,11,48.83,526.73,One year,No,Electronic check,0,Yes,Yes,Yes,No,No internet service,No internet service,No internet service,No internet service,No internet service,Yes,1
CUST-02821,54,109.3,5875.55,Month-to-month,Fiber optic,Credit card,0,No,No,Yes,No,No,No,No,Yes,Yes,Yes,1
CUST-02822,45,117.15,5284.38,Two year,Fiber optic,Credit card,0,Yes,Yes,Yes,Yes,No,Yes,Yes,No,No,No,0
CUST-02823,47,105.65,4981.53,One year,Fiber optic,Bank transfer,0,Yes,No,Yes,No,Yes,No,No,Yes,No,No,0
CUST-02824,12,29.22,350.76,Month-to-month,DSL,Mailed check,0,No,No,Yes,Yes,Yes,Yes,Yes,No,Yes,Yes,1
CUST-02825,21,114.64,2396.28,One year,Fiber optic,Bank transfer,0,Yes,Yes,Yes,No,No,No,Yes,No,Yes,No,0
CUST-02826,11,61.18,692.87,One year,No,Mailed check,1,Yes,Yes,Yes,Yes,No internet service,No internet service,No internet service,No internet service,No internet service,No,0
CUST-02827,5,18.95,105.31,One year,No,Bank transfer,0,Yes,No,Yes,No,No internet service,No internet service,No internet service,No internet service,No internet service,Yes,0
CUST-02828,56,63.12,3519.35,Month-to-month,DSL,Electronic check,0,Yes,No,Yes,No,Yes,No,Yes,No,No,No,1
CUST-02829,20,22.7,454.98,Month-to-month,Fiber optic,Credit card,0,Yes,Yes,Yes,No,No,No,Yes,Yes,Yes,Yes,1
CUST-02830,41,73.48,2985.65,Month-to-month,Fiber optic,Bank transfer,0,Yes,No,Yes,Yes,Yes,No,No,Yes,Yes,Yes,1
CUST-02831,46,52.53,2430.1,Month-to-month,DSL,Electronic check,0,Yes,No,Yes,No,Yes,No,No,Yes,No,Yes,0
CUST-02832,12,66.29,790.24,One year,DSL,Credit card,0,Yes,Yes,Yes,Yes,No,Yes,Yes,No,Yes,No,0
CUST-02833,70,80.54,5629.09,One year,Fiber optic,Mailed check,0,Yes,No,Yes,Yes,Yes,Yes,No,Yes,Yes,Yes,0
CUST-02834,17,106.62,1811.88,Two year,Fiber optic,Electronic check,0,No,Yes,Yes,Yes,No,Yes,No,No,No,Yes,1
CUST-02835,19,85.51,1625.5,Month-to-month,DSL,Electronic check,0,No,Yes,Yes,Yes,No,Yes,Yes,Yes,No,Yes,1
CUST-02836,26,62.27,1636.92,Month-to-month,DSL,Bank transfer,0,Yes,No,Yes,Yes,Yes,Yes,Yes,No,Yes,No,1
CUST-02837,48,101.58,4887.66,One year,DSL,Credit card,0,No,Yes,No,No phone service,Yes,No,Yes,Yes,Yes,No,0
CUST-02838,52,110.37,5736.11,Month-to-month,DSL,Credit card,1,No,No,Yes,No,No,No,Yes,Yes,Yes,No,0
CUST-02839,70,30.22,2130.67,Month-to-month,Fiber optic,Bank transfer,1,No,No,Yes,Yes,No,No,Yes,Yes,Yes,Yes,0
CUST-02840,55,72.26,3982.31,Month-to-month,DSL,Electronic check,1,Yes,No,Yes,No,No,Yes,Yes,Yes,Yes,Yes,1
CUST-02841,33,47.02,1543.13,Month-to-month,DSL,Electronic check,0,No,Yes,Yes,No,No,Yes,Yes,Yes,Yes,No,0
CUST-02842,62,22.8,1411.11,One year,No,Mailed check,0,No,Yes,Yes,Yes,No internet service,No internet service,No internet service,No internet service,No internet service,Yes,0
CUST-02843,23,86.19,1979.41,Month-to-month,DSL,Credit card,0,Yes,Yes,Yes,Yes,No,Yes,Yes,No,Yes,Yes,0
CUST-02844,15,106.0,1600.11,One year,Fiber optic,Credit card,0,No,No,Yes,Yes,Yes,No,Yes,No,Yes,Yes,0
CUST-02845,27,34.62,927.4,Two year,No,Electronic check,0,No,No,Yes,Yes,No internet service,No internet service,No internet service,No internet service,No internet service,No,1
CUST-02846,64,100.87,6447.87,Month-to-month,Fiber optic,Bank transfer,1,Yes,Yes,No,No phone service,Yes,Yes,Yes,No,No,Yes,0
CUST-02847,51,105.05,5396.93,Two year,Fiber optic,Bank transfer,0,Yes,No,Yes,No,No,No,No,Yes,Yes,Yes,0
CUST-02848,53,111.26,5915.57,Month-to-month,Fiber optic,Electronic check,0,Yes,Yes,Yes,Yes,Yes,Yes,Yes,Yes,Yes,No,1
CUST-02849,51,45.06,2282.85,Two year,DSL,Mailed check,0,Yes,Yes,Yes,No,No,Yes,No,Yes,Yes,No,0
CUST-02850,47,110.2,5190.82,Month-to-month,Fiber optic,Credit card,0,Yes,Yes,Yes,Yes,No,Yes,No,Yes,Yes,Yes,1
CUST-02851,4,50.71,205.21,One year,Fiber optic,Electronic check,0,No,No,No,No phone service,Yes,Yes,No,No,Yes,No,1
CUST-02852,7,74.34,528.21,Month-to-month,DSL,Credit card,0,No,Yes,Yes,No,Yes,No,Yes,Yes,No,No,1
CUST-02853,35,23.15,813.0,One year,Fiber optic,Electronic check,1,No,No,Yes,Yes,No,Yes,Yes,Yes,Yes,Yes,0
CUST-02854,48,22.48,1102.83,One year,No,Electronic check,0,No,Yes,Yes,No,No internet service,No internet service,No internet service,No internet service,No internet service,No,0
CUST-02855,72,91.48,6593.47,Month-to-month,DSL,Electronic check,0,Yes,No,Yes,No,No,No,No,No,Yes,No,0
CUST-02856,45,63.34,2849.06,Two year,Fiber optic,Credit card,0,Yes,No,Yes,No,Yes,Yes,Yes,Yes,No,Yes,0
CUST-02857,72,44.14,3198.92,Month-to-month,Fiber optic,Mailed check,0,No,Yes,No,No phone service,Yes,Yes,Yes,No,No,No,0
CUST-02858,19,37.42,715.65,Month-to-month,No,Credit card,0,Yes,No,No,No phone service,No internet service,No internet service,No internet service,No internet service,No internet service,No,0
CUST-02859,63,86.34,5441.85,One year,No,Mailed check,0,No,No,Yes,No,No internet service,No internet service,No internet service,No internet service,No internet service,No,0
CUST-02860,38,18.04,691.8,One year,Fiber optic,Mailed check,0,Yes,Yes,Yes,Yes,Yes,Yes,Yes,No,Yes,Yes,1
CUST-02861,67,100.2,6711.53,Month-to-month,Fiber optic,Credit card,0,No,No,No,No phone service,Yes,Yes,Yes,Yes,No,Yes,0
CUST-02862,59,26.08,1538.9,Month-to-month,DSL,Mailed check,0,Yes,No,Yes,No,Yes,Yes,No,Yes,No,Yes,0
CUST-02863,69,37.53,2577.84,Two year,DSL,Credit card,0,Yes,No,Yes,No,No,Yes,Yes,Yes,Yes,Yes,0
CUST-02864,13,57.4,731.18,One year,Fiber optic,Electronic check,1,No,No,Yes,Yes,Yes,Yes,Yes,Yes,No,No,0
CUST-02865,47,67.46,3150.65,Month-to-month,Fiber optic,Bank transfer,0,No,No,Yes,No,No,No,No,No,Yes,No,0
CUST-02866,61,54.21,3278.97,Month-to-month,No,Bank transfer,0,Yes,No,Yes,Yes,No internet service,No internet service,No internet service,No internet service,No internet service,Yes,1
CUST-02867,31,50.71,1554.42,Two year,Fiber optic,Credit card,1,No,Yes,Yes,No,Yes,No,Yes,No,Yes,No,0
CUST-02868,22,116.32,2555.55,One year,Fiber optic,Electronic check,0,Yes,No,Yes,No,No,No,Yes,Yes,Yes,Yes,1
CUST-02869,43,83.44,3589.98,Two year,Fiber optic,Bank transfer,0,Yes,No,Yes,Yes,Yes,No,No,Yes,Yes,Yes,1
CUST-02870,67,20.39,1360.7,Month-to-month,DSL,Mailed check,0,No,No,Yes,Yes,Yes,Yes,No,No,Yes,Yes,0
CUST-02871,54,61.88,3294.41,One year,Fiber optic,Mailed check,0,Yes,Yes,No,No phone service,Yes,No,Yes,Yes,No,Yes,0
CUST-02872,10,107.25,1103.99,One year,Fiber optic,Electronic check,0,No,No,Yes,No,No,No,Yes,No,No,Yes,1
CUST-02873,42,48.75,2069.23,Month-to-month,No,Electronic check,0,No,No,No,No phone service,No internet service,No internet service,No internet service,No internet service,No internet service,Yes,0
CUST-02874,64,27.64,1777.88,One year,Fiber optic,Credit card,0,Yes,No,Yes,Yes,No,Yes,Yes,No,Yes,No,0
CUST-02875,21,95.36,2040.71,One year,No,Bank transfer,0,Yes,No,Yes,No,No internet service,No internet service,No internet service,No internet service,No internet service,Yes,0
CUST-02876,66,79.81,5247.91,Month-to-month,Fiber optic,Mailed check,1,Yes,No,Yes,No,Yes,No,Yes,No,No,Yes,1
CUST-02877,41,76.17,3160.72,Two year,DSL,Credit card,0,Yes,No,No,No phone service,Yes,Yes,No,Yes,Yes,No,1
CUST-02878,24,23.46,543.74,Two year,DSL,Electronic check,0,No,No,Yes,No,Yes,Yes,No,No,No,Yes,1
CUST-02879,35,32.33,1136.32,Two year,DSL,Bank transfer,0,Yes,Yes,Yes,No,No,No,No,Yes,No,No,0
CUST-02880,56,81.5,4538.52,Two year,Fiber optic,Credit card,0,Yes,No,No,No phone service,No,No,No,Yes,Yes,Yes,0
CUST-02881,30,39.2,1176.29,Month-to-month,DSL,Credit card,0,No,Yes,Yes,Yes,Yes,Yes,No,Yes,Yes,Yes,0
CUST-02882,57,69.42,3964.66,Month-to-month,Fiber optic,Mailed check,0,No,Yes,Yes,No,No,Yes,No,No,No,Yes,1
CUST-02883,47,73.58,3455.17,Two year,No,Bank transfer,0,No,Yes,Yes,No,No internet service,No internet service,No internet service,No internet service,No internet service,Yes,0
CUST-02884,35,46.92,1656.48,Month-to-month,Fiber optic,Mailed check,0,No,No,Yes,Yes,Yes,No,No,Yes,Yes,No,0
CUST-02885,19,114.74,2182.04,Month-to-month,Fiber optic,Credit card,0,No,No,Yes,Yes,No,Yes,Yes,No,No,Yes,1
CUST-02886,8,103.93,820.99,Month-to-month,DSL,Mailed check,0,No,No,Yes,No,No,No,Yes,No,Yes,Yes,0
CUST-02887,26,91.68,2372.34,Month-to-month,Fiber optic,Bank transfer,0,Yes,No,Yes,Yes,No,No,No,Yes,Yes,Yes,1
CUST-02888,71,25.96,1859.38,One year,DSL,Electronic check,0,No,No,Yes,No,Yes,Yes,No,No,No,Yes,0
CUST-02889,30,28.83,851.83,Month-to-month,No,Bank transfer,0,Yes,Yes,Yes,No,No internet service,No internet service,No internet service,No internet service,No internet service,Yes,0
CUST-02890,7,68.26,496.13,Month-to-month,DSL,Mailed check,0,No,No,Yes,No,No,No,No,Yes,No,Yes,1
CUST-02891,67,34.39,2328.58,Two year,Fiber optic,Bank transfer,0,Yes,Yes,Yes,Yes,Yes,No,No,Yes,Yes,Yes,0
CUST-02892,65,117.78,7622.33,One year,Fiber optic,Bank transfer,0,No,No,No,No phone service,No,Yes,Yes,Yes,Yes,Yes,1
CUST-02893,36,34.17,1252.78,One year,Fiber optic,Credit card,0,No,No,Yes,Yes,No,Yes,No,Yes,No,No,0
CUST-02894,25,67.72,1734.21,One year,No,Bank transfer,0,No,Yes,Yes,Yes,No internet service,No internet service,No internet service,No internet service,No internet service,Yes,0
CUST-02895,37,55.14,2045.22,Two year,DSL,Electronic check,0,No,No,Yes,Yes,No,Yes,No,Yes,No,No,0
CUST-02896,1,83.22,95.2,One year,Fiber optic,Credit card,0,Yes,Yes,Yes,Yes,No,Yes,No,No,Yes,No,0
CUST-02897,15,31.16,488.14,One year,No,Electronic check,0,No,Yes,Yes,Yes,No internet service,No internet service,No internet service,No internet service,No internet service,No,0
CUST-02898,37,61.89,2284.42,Two year,Fiber optic,Bank transfer,1,Yes,No,No,No phone service,Yes,Yes,Yes,No,No,Yes,0
CUST-02899,13,46.02,601.91,Month-to-month,Fiber optic,Credit card,0,No,No,Yes,Yes,Yes,Yes,No,Yes,Yes,No,0
CUST-02900,8,108.55,842.12,Two year,DSL,Electronic check,0,No,Yes,Yes,Yes,Yes,Yes,Yes,No,Yes,Yes,0
CUST-02901,5,22.14,113.47,Month-to-month,Fiber optic,Credit card,0,No,No,Yes,Yes,Yes,Yes,No,Yes,No,No,1
CUST-02902,60,111.2,6681.96,Month-to-month,No,Credit card,1,Yes,No,Yes,Yes,No internet service,No internet service,No internet service,No internet service,No internet service,No,0
CUST-02903,1,102.97,113.29,Month-to-month,Fiber optic,Mailed check,0,Yes,No,Yes,Yes,No,Yes,No,No,No,No,1
CUST-02904,36,48.35,1761.91,Month-to-month,No,Electronic check,0,No,Yes,Yes,Yes,No internet service,No internet service,No internet service,No internet service,No internet service,No,1
CUST-02905,35,98.51,3432.35,One year,Fiber optic,Mailed check,0,Yes,Yes,Yes,No,No,Yes,No,No,Yes,Yes,0
CUST-02906,66,21.18,1387.23,Two year,DSL,Credit card,0,No,Yes,Yes,Yes,No,Yes,No,Yes,Yes,Yes,1
CUST-02907,63,116.62,7384.97,Two year,DSL,Electronic check,0,No,No,No,No phone service,No,No,Yes,Yes,No,No,0
CUST-02908,23,71.71,1646.32,Two year,Fiber optic,Bank transfer,1,Yes,No,Yes,Yes,Yes,Yes,Yes,No,Yes,Yes,0
CUST-02909,9,48.93,444.37,Month-to-month,Fiber optic,Electronic check,0,No,No,Yes,No,Yes,No,No,No,Yes,Yes,1
CUST-02910,34,54.98,1867.98,Two year,Fiber optic,Electronic check,0,No,Yes,Yes,Yes,No,Yes,Yes,Yes,No,No,0
CUST-02911,46,24.77,1122.99,Month-to-month,Fiber optic,Bank transfer,1,No,Yes,Yes,Yes,Yes,Yes,Yes,No,Yes,No,1
CUST-02912,4,118.91,508.11,Two year,No,Electronic check,0,No,No,Yes,No,No internet service,No internet service,No internet service,No internet service,No internet service,Yes,1
CUST-02913,30,22.01,649.75,Month-to-month,Fiber optic,Credit card,0,Yes,No,Yes,Yes,No,Yes,Yes,Yes,No,No,1
CUST-02914,72,84.8,6083.05,Month-to-month,Fiber optic,Mailed check,1,Yes,No,Yes,No,Yes,No,Yes,Yes,No,No,0
CUST-02915,3,63.16,180.47,Two year,DSL,Mailed check,1,No,No,Yes,Yes,No,Yes,Yes,No,Yes,Yes,0
CUST-02916,14,114.79,1567.03,Two year,Fiber optic,Electronic check,0,Yes,No,Yes,Yes,Yes,Yes,Yes,Yes,Yes,Yes,0
CUST-02917,60,43.09,2572.37,One year,No,Credit card,0,No,Yes,Yes,Yes,No internet service,No internet service,No internet service,No internet service,No internet service,No,0
CUST-02918,45,72.27,3232.79,One year,DSL,Electronic check,0,No,Yes,Yes,No,No,No,No,Yes,No,Yes,1
CUST-02919,34,67.2,2297.15,Month-to-month,No,Mailed check,0,No,Yes,Yes,No,No internet service,No internet service,No internet service,No internet service,No internet service,No,0
CUST-02920,45,89.69,4022.58,One year,No,Mailed check,0,No,No,Yes,No,No internet service,No internet service,No internet service,No internet service,No internet service,Yes,1
CUST-02921,61,24.94,1539.1,One year,Fiber optic,Mailed check,0,No,No,Yes,Yes,No,No,Yes,No,Yes,No,1
CUST-02922,16,37.77,632.29,Month-to-month,DSL,Bank transfer,0,Yes,No,No,No phone service,Yes,No,No,No,No,Yes,0
CUST-02923,66,39.89,2648.36,Month-to-month,DSL,Bank transfer,0,Yes,No,Yes,Yes,No,Yes,Yes,No,No,Yes,0
CUST-02924,40,93.29,3727.29,Month-to-month,DSL,Electronic check,1,Yes,No,Yes,Yes,Yes,Yes,No,Yes,Yes,No,1
CUST-02925,17,37.29,636.75,One year,DSL,Mailed check,0,Yes,No,Yes,No,Yes,Yes,No,Yes,Yes,Yes,0
CUST-02926,34,76.5,2570.5,Month-to-month,Fiber optic,Credit card,0,No,Yes,Yes,No,Yes,No,Yes,Yes,No,No,1
CUST-02927,16,39.95,636.52,Month-to-month,DSL,Mailed check,0,No,Yes,Yes,Yes,Yes,Yes,Yes,Yes,Yes,No,1
CUST-02928,60,105.89,6336.19,Month-to-month,Fiber optic,Electronic check,0,Yes,No,Yes,Yes,Yes,No,No,No,Yes,No,1
CUST-02929,66,114.1,7544.49,One year,Fiber optic,Electronic check,0,Yes,No,Yes,Yes,No,Yes,No,Yes,Yes,No,1
CUST-02930,66,70.89,4730.2,One year,DSL,Electronic check,1,No,No,Yes,No,No,Yes,No,No,Yes,Yes,0
CUST-02931,13,53.94,711.22,One year,Fiber optic,Electronic check,1,No,Yes,No,No phone service,Yes,Yes,Yes,No,Yes,No,0
CUST-02932,56,41.87,2304.9,Month-to-month,No,Mailed check,0,Yes,Yes,Yes,No,No internet service,No internet service,No internet service,No internet service,No internet service,Yes,0
CUST-02933,31,23.08,708.26,Month-to-month,Fiber optic,Mailed check,0,Yes,No,No,No phone service,Yes,Yes,No,Yes,Yes,Yes,0
CUST-02934,34,45.39,1545.71,Month-to-month,Fiber optic,Electronic check,0,No,No,Yes,No,No,No,Yes,Yes,Yes,Yes,1
CUST-02935,39,84.73,3306.22,Two year,Fiber optic,Bank transfer,0,Yes,Yes,Yes,No,Yes,No,No,Yes,Yes,Yes,0
CUST-02936,67,72.43,4838.19,Month-to-month,Fiber optic,Credit card,0,No,No,Yes,Yes,No,Yes,No,Yes,Yes,Yes,0
CUST-02937,8,114.29,919.23,Month-to-month,No,Credit card,0,No,No,Yes,No,No internet service,No internet service,No internet service,No internet service,No internet service,Yes,1
CUST-02938,55,58.42,3188.25,One year,DSL,Credit card,0,Yes,No,Yes,No,No,Yes,Yes,No,Yes,Yes,0
CUST-02939,27,88.77,2377.89,Month-to-month,No,Electronic check,0,Yes,No,Yes,Yes,No internet service,No internet service,No internet service,No internet service,No internet service,Yes,1
CUST-02940,53,67.91,3612.15,Two year,DSL,Electronic check,0,No,No,Yes,Yes,No,Yes,No,No,No,Yes,0
CUST-02941,39,70.28,2720.61,Month-to-month,No,Credit card,0,Yes,Yes,Yes,Yes,No internet service,No internet service,No internet service,No internet service,No internet service,Yes,1
CUST-02942,65,45.31,2955.91,One year,DSL,Electronic check,1,Yes,No,Yes,No,No,Yes,No,No,No,No,1
CUST-02943,17,64.4,1067.41,Month-to-month,No,Electronic check,0,No,Yes,Yes,Yes,No internet service,No internet service,No internet service,No internet service,No internet service,Yes,0
CUST-02944,30,66.02,2015.9,Month-to-month,No,Mailed check,0,Yes,Yes,Yes,No,No internet service,No internet service,No internet service,No internet service,No internet service,Yes,0
CUST-02945,53,90.08,4758.75,Month-to-month,DSL,Electronic check,0,No,Yes,Yes,No,No,Yes,No,Yes,Yes,Yes,1
CUST-02946,13,113.95,1476.88,Two year,No,Credit card,1,No,No,Yes,Yes,No internet service,No internet service,No internet service,No internet service,No internet service,Yes,0
CUST-02947,21,51.59,1090.0,Two year,DSL,Bank transfer,0,No,No,Yes,No,Yes,Yes,No,Yes,Yes,No,0
CUST-02948,19,22.3,412.39,Month-to-month,DSL,Bank transfer,1,Yes,No,Yes,Yes,No,Yes,No,No,Yes,Yes,0
CUST-02949,53,68.62,3639.73,Two year,Fiber optic,Credit card,1,Yes,No,Yes,No,No,No,No,No,Yes,No,0
CUST-02950,19,73.54,1408.77,One year,No,Electronic check,0,Yes,No,Yes,Yes,No internet service,No internet service,No internet service,No internet service,No internet service,No,0
CUST-02951,57,35.18,2024.47,Two year,Fiber optic,Bank transfer,0,No,Yes,Yes,No,No,Yes,Yes,Yes,No,No,0
CUST-02952,25,95.57,2405.08,Two year,Fiber optic,Mailed check,0,Yes,No,Yes,No,No,No,Yes,Yes,Yes,Yes,0
CUST-02953,31,118.46,3668.82,Month-to-month,Fiber optic,Bank transfer,0,Yes,No,Yes,Yes,Yes,Yes,No,Yes,No,No,1
CUST-02954,55,114.47,6292.92,One year,No,Electronic check,0,No,No,No,No phone service,No internet service,No internet service,No internet service,No internet service,No internet service,Yes,1
CUST-02955,23,38.1,923.28,Month-to-month,Fiber optic,Bank transfer,0,No,Yes,No,No phone service,Yes,No,Yes,Yes,No,No,0
CUST-02956,32,107.29,3452.28,Month-to-month,DSL,Credit card,0,Yes,No,Yes,No,Yes,Yes,Yes,Yes,No,No,0
CUST-02957,62,89.86,5552.88,Month-to-month,DSL,Electronic check,0,Yes,Yes,Yes,No,No,No,Yes,Yes,No,Yes,0
CUST-02958,10,64.29,644.9,Two year,DSL,Electronic check,0,No,Yes,Yes,Yes,Yes,Yes,Yes,Yes,No,Yes,0
CUST-02959,72,73.14,5259.38,Two year,Fiber optic,Electronic check,0,No,No,Yes,Yes,Yes,Yes,No,Yes,No,Yes,0
CUST-02960,54,104.66,5648.93,One year,DSL,Mailed check,0,No,Yes,No,No phone service,No,Yes,No,Yes,No,No,0
CUST-02961,52,66.97,3457.85,Two year,DSL,Electronic check,0,Yes,No,Yes,Yes,Yes,Yes,No,No,Yes,No,0
CUST-02962,20,56.07,1113.16,Two year,No,Credit card,0,Yes,No,Yes,No,No internet service,No internet service,No internet service,No internet service,No internet service,Yes,0
CUST-02963,32,68.31,2222.15,Month-to-month,DSL,Mailed check,0,No,Yes,Yes,No,No,Yes,Yes,No,No,No,0
CUST-02964,14,77.07,1090.56,Month-to-month,Fiber optic,Mailed check,1,No,No,Yes,No,No,Yes,Yes,Yes,Yes,No,1
CUST-02965,50,37.29,1814.68,Month-to-month,Fiber optic,Bank transfer,0,Yes,No,Yes,No,No,No,Yes,Yes,No,No,1
CUST-02966,28,109.89,3101.25,Month-to-month,DSL,Mailed check,0,Yes,Yes,Yes,Yes,Yes,Yes,Yes,Yes,No,Yes,1
CUST-02967,53,86.77,4620.6,Month-to-month,Fiber optic,Mailed check,0,No,No,Yes,Yes,No,No,No,Yes,Yes,Yes,1
CUST-02968,24,82.59,1974.97,Month-to-month,Fiber optic,Bank transfer,0,No,No,Yes,Yes,No,Yes,No,No,Yes,No,1
CUST-02969,22,28.15,633.65,Two year,No,Bank transfer,0,Yes,No,Yes,Yes,No internet service,No internet service,No internet service,No internet service,No internet service,Yes,0
CUST-02970,30,79.63,2371.71,Two year,DSL,Electronic check,0,No,No,Yes,No,Yes,Yes,Yes,Yes,Yes,Yes,1
CUST-02971,63,30.34,1902.01,One year,Fiber optic,Electronic check,0,No,Yes,Yes,No,No,No,Yes,No,No,No,0
CUST-02972,4,26.03,134.09,Two year,Fiber optic,Electronic check,1,No,No,Yes,Yes,Yes,Yes,Yes,No,Yes,No,0
CUST-02973,59,71.79,4230.18,Month-to-month,Fiber optic,Mailed check,0,Yes,No,Yes,No,Yes,No,Yes,Yes,Yes,Yes,1
CUST-02974,8,59.08,435.25,Two year,No,Electronic check,0,No,No,Yes,No,No internet service,No internet service,No internet service,No internet service,No internet service,Yes,0
CUST-02975,12,78.06,935.45,Month-to-month,No,Bank transfer,0,Yes,Yes,Yes,No,No internet service,No internet service,No internet service,No internet service,No internet service,No,0
CUST-02976,31,27.1,838.53,Month-to-month,No,Credit card,0,Yes,Yes,Yes,Yes,No internet service,No internet service,No internet service,No internet service,No internet service,Yes,0
CUST-02977,34,61.96,2130.61,Two year,Fiber optic,Electronic check,0,No,Yes,Yes,No,Yes,Yes,No,No,Yes,Yes,0
CUST-02978,49,35.83,1755.96,Month-to-month,No,Mailed check,1,No,Yes,Yes,Yes,No internet service,No internet service,No internet service,No internet service,No internet service,No,0
CUST-02979,57,118.68,6756.33,Month-to-month,Fiber optic,Mailed check,0,No,No,Yes,Yes,No,No,No,Yes,No,Yes,1
CUST-02980,26,75.24,1977.14,Month-to-month,DSL,Mailed check,1,Yes,Yes,Yes,No,No,Yes,Yes,Yes,No,No,1
CUST-02981,18,88.12,1588.58,One year,DSL,Bank transfer,0,Yes,Yes,Yes,Yes,Yes,Yes,No,Yes,No,Yes,1
CUST-02982,38,51.19,1930.22,Two year,DSL,Credit card,0,No,No,Yes,Yes,No,No,Yes,No,Yes,Yes,0
CUST-02983,50,27.66,1406.1,Month-to-month,DSL,Electronic check,1,Yes,No,Yes,Yes,No,Yes,No,Yes,Yes,No,0
CUST-02984,8,117.54,944.19,Two year,DSL,Electronic check,0,Yes,No,Yes,Yes,No,No,No,Yes,Yes,No,1
CUST-02985,41,47.2,1935.26,Month-to-month,DSL,Bank transfer,0,No,Yes,Yes,Yes,No,No,No,No,Yes,Yes,0
CUST-02986,6,61.23,370.94,Month-to-month,No,Mailed check,0,No,No,Yes,Yes,No internet service,No internet service,No internet service,No internet service,No internet service,No,1
CUST-02987,69,84.29,5794.6,Month-to-month,No,Electronic check,0,No,No,Yes,Yes,No internet service,No internet service,No internet service,No internet service,No internet service,Yes,0
CUST-02988,44,20.52,892.33,One year,Fiber optic,Electronic check,0,Yes,No,No,No phone service,Yes,Yes,No,No,Yes,Yes,0
CUST-02989,64,100.65,6441.67,Month-to-month,No,Mailed check,0,No,No,Yes,Yes,No internet service,No internet service,No internet service,No internet service,No internet service,No,0
CUST-02990,29,72.73,2105.28,One year,DSL,Electronic check,0,No,No,Yes,Yes,No,No,No,Yes,No,Yes,1
CUST-02991,28,46.38,1324.09,Month-to-month,No,Credit card,0,No,Yes,Yes,No,No internet service,No internet service,No internet service,No internet service,No internet service,No,0
CUST-02992,11,24.28,271.43,Month-to-month,Fiber optic,Mailed check,1,Yes,Yes,Yes,No,No,No,Yes,No,Yes,Yes,1
CUST-02993,65,34.57,2264.15,One year,DSL,Electronic check,0,No,No,Yes,Yes,No,No,Yes,No,No,Yes,0
CUST-02994,19,109.29,2076.7,Month-to-month,DSL,Bank transfer,0,No,Yes,Yes,Yes,Yes,No,Yes,No,Yes,Yes,1
CUST-02995,9,87.97,812.86,Month-to-month,DSL,Electronic check,1,No,No,Yes,No,No,Yes,No,Yes,No,No,1
CUST-02996,27,43.49,1182.18,Month-to-month,DSL,Mailed check,0,No,No,Yes,Yes,No,Yes,No,No,No,Yes,1
CUST-02997,34,24.69,839.73,One year,DSL,Mailed check,0,Yes,No,No,No phone service,No,No,Yes,No,No,Yes,0
CUST-02998,44,88.44,3891.09,One year,DSL,Mailed check,0,No,No,Yes,No,Yes,No,No,No,Yes,Yes,1
CUST-02999,68,76.39,5175.43,Month-to-month,DSL,Credit card,0,No,No,Yes,No,No,Yes,Yes,Yes,No,No,1
CUST-03000,15,59.26,899.04,Month-to-month,DSL,Electronic check,0,Yes,Yes,Yes,No,No,No,Yes,No,No,No,0
CUST-03001,51,55.09,2808.79,Month-to-month,No,Credit card,0,Yes,Yes,Yes,Yes,No internet service,No internet service,No internet service,No internet service,No internet service,Yes,0
CUST-03002,13,40.12,511.52,Month-to-month,DSL,Credit card,0,Yes,No,Yes,No,Yes,No,Yes,No,Yes,Yes,0
CUST-03003,49,86.3,4250.83,Two year,DSL,Electronic check,0,No,No,Yes,No,No,No,No,Yes,No,No,0
CUST-03004,70,117.01,8165.7,One year,Fiber optic,Electronic check,0,No,No,Yes,No,No,Yes,Yes,Yes,Yes,No,1
CUST-03005,56,35.92,2003.07,One year,No,Electronic check,0,Yes,Yes,Yes,Yes,No internet service,No internet service,No internet service,No internet service,No internet service,No,0
CUST-03006,51,78.91,4044.96,Month-to-month,Fiber optic,Electronic check,0,No,Yes,Yes,No,No,Yes,No,No,Yes,Yes,0
CUST-03007,37,61.27,2273.3,One year,No,Mailed check,0,No,Yes,Yes,No,No internet service,No internet service,No internet service,No internet service,No internet service,No,0
CUST-03008,17,63.56,1079.56,Two year,DSL,Electronic check,0,No,Yes,No,No phone service,No,No,Yes,Yes,No,Yes,0
CUST-03009,58,43.92,2552.38,One year,DSL,Credit card,0,Yes,No,Yes,Yes,Yes,No,Yes,Yes,Yes,Yes,0
CUST-03010,29,102.16,2966.23,One year,DSL,Electronic check,0,No,Yes,Yes,Yes,Yes,No,No,No,Yes,No,0
CUST-03011,33,67.5,2197.17,One year,Fiber optic,Electronic check,0,No,No,Yes,Yes,No,Yes,No,Yes,No,Yes,0
CUST-03012,60,73.43,4398.81,One year,Fiber optic,Electronic check,0,Yes,No,Yes,Yes,Yes,No,No,Yes,No,No,0
CUST-03013,55,49.09,2732.28,Month-to-month,Fiber optic,Electronic check,0,Yes,No,Yes,Yes,Yes,Yes,No,No,No,Yes,0
CUST-03014,10,36.54,352.21,One year,DSL,Credit card,0,Yes,No,Yes,Yes,Yes,No,Yes,No,Yes,Yes,1
CUST-03015,47,26.76,1251.35,Month-to-month,Fiber optic,Bank transfer,0,No,No,No,No phone service,No,Yes,No,Yes,No,Yes,1
CUST-03016,23,90.84,2078.49,One year,DSL,Electronic check,0,No,No,Yes,No,Yes,No,No,No,Yes,No,0
CUST-03017,21,38.02,796.68,Two year,Fiber optic,Credit card,0,No,No,Yes,Yes,Yes,Yes,Yes,No,No,Yes,0
CUST-03018,13,88.39,1137.41,Two year,Fiber optic,Credit card,0,Yes,Yes,Yes,No,Yes,Yes,No,No,Yes,Yes,0
CUST-03019,33,57.82,1917.79,Month-to-month,Fiber optic,Bank transfer,1,Yes,No,Yes,No,No,No,Yes,No,Yes,Yes,1
CUST-03020,24,60.41,1453.79,Month-to-month,DSL,Credit card,0,No,No,Yes,Yes,Yes,No,No,Yes,Yes,Yes,0
CUST-03021,11,65.86,739.93,Month-to-month,No,Bank transfer,0,Yes,No,Yes,No,No internet service,No internet service,No internet service,No internet service,No internet service,Yes,1
CUST-03022,17,55.51,922.65,One year,Fiber optic,Mailed check,0,No,No,Yes,No,No,Yes,Yes,Yes,No,Yes,0
CUST-03023,68,28.26,1914.87,Two year,DSL,Mailed check,0,Yes,No,Yes,No,Yes,No,Yes,Yes,No,Yes,0
CUST-03024,47,49.58,2325.75,One year,No,Electronic check,0,Yes,No,Yes,No,No internet service,No internet service,No internet service,No internet service,No internet service,Yes,0
CUST-03025,25,85.7,2151.61,Month-to-month,Fiber optic,Mailed check,1,No,No,Yes,No,No,Yes,Yes,Yes,No,No,1
CUST-03026,21,85.91,1788.25,Two year,Fiber optic,Credit card,0,No,No,Yes,No,Yes,Yes,No,No,Yes,Yes,0
CUST-03027,12,47.19,584.59,Two year,DSL,Bank transfer,0,Yes,No,Yes,No,No,No,Yes,Yes,Yes,Yes,0
CUST-03028,37,64.93,2426.14,Month-to-month,Fiber optic,Credit card,0,Yes,No,Yes,Yes,No,No,Yes,No,Yes,Yes,0
CUST-03029,42,37.73,1564.88,One year,DSL,Mailed check,0,Yes,Yes,Yes,Yes,No,No,Yes,No,No,No,0
CUST-03030,17,39.46,661.0,One year,Fiber optic,Bank transfer,0,Yes,No,No,No phone service,No,No,No,Yes,Yes,Yes,1
CUST-03031,48,20.35,966.16,One year,Fiber optic,Bank transfer,0,No,No,Yes,No,Yes,Yes,Yes,No,No,No,0
CUST-03032,28,109.47,3117.81,Two year,Fiber optic,Bank transfer,0,No,No,Yes,Yes,No,No,No,No,Yes,No,0
CUST-03033,41,39.49,1610.49,Month-to-month,DSL,Bank transfer,0,No,No,Yes,No,No,Yes,Yes,Yes,Yes,No,0
CUST-03034,47,41.21,1970.42,One year,No,Electronic check,0,No,No,Yes,Yes,No internet service,No internet service,No internet service,No internet service,No internet service,No,0
CUST-03035,18,46.52,812.03,One year,DSL,Electronic check,0,Yes,Yes,Yes,No,No,No,No,No,Yes,Yes,0
CUST-03036,71,31.0,2181.21,Two year,Fiber optic,Credit card,0,No,Yes,Yes,No,No,Yes,No,No,Yes,Yes,1
CUST-03037,13,83.2,1067.87,Two year,Fiber optic,Electronic check,0,No,No,Yes,Yes,No,No,No,Yes,Yes,Yes,0
CUST-03038,13,25.66,316.67,Two year,Fiber optic,Mailed check,0,No,No,Yes,Yes,Yes,Yes,Yes,Yes,Yes,No,0
CUST-03039,31,31.69,977.03,Month-to-month,DSL,Mailed check,0,No,No,Yes,No,Yes,Yes,Yes,No,No,Yes,0
CUST-03040,2,83.77,153.36,Two year,Fiber optic,Mailed check,0,No,Yes,Yes,No,No,No,Yes,No,No,No,0
CUST-03041,16,52.65,826.01,Month-to-month,DSL,Bank transfer,0,No,No,Yes,Yes,Yes,No,No,No,Yes,Yes,1
CUST-03042,9,90.21,835.06,Month-to-month,Fiber optic,Bank transfer,0,No,Yes,Yes,No,No,Yes,No,Yes,No,No,1
CUST-03043,38,74.86,2869.16,Month-to-month,DSL,Credit card,0,No,Yes,Yes,No,Yes,No,Yes,Yes,No,No,0
CUST-03044,54,44.11,2400.93,Two year,Fiber optic,Mailed check,0,No,Yes,Yes,No,No,No,No,No,No,Yes,0
CUST-03045,56,84.38,4735.76,Two year,Fiber optic,Mailed check,0,Yes,No,Yes,Yes,No,Yes,No,Yes,Yes,No,0
CUST-03046,45,29.86,1345.55,Month-to-month,DSL,Credit card,0,No,Yes,Yes,No,No,Yes,Yes,Yes,No,Yes,0
CUST-03047,34,72.71,2462.2,Month-to-month,DSL,Credit card,0,Yes,Yes,No,No phone service,Yes,Yes,Yes,Yes,No,No,1
CUST-03048,9,62.59,544.25,Two year,DSL,Credit card,0,Yes,No,Yes,No,Yes,No,Yes,No,No,No,1
CUST-03049,8,45.32,369.82,One year,Fiber optic,Bank transfer,0,No,Yes,Yes,No,Yes,No,Yes,Yes,Yes,No,1
CUST-03050,7,79.61,533.8,Two year,Fiber optic,Electronic check,0,No,No,Yes,No,Yes,No,Yes,Yes,Yes,Yes,0
CUST-03051,36,106.88,3827.8,Month-to-month,Fiber optic,Electronic check,0,No,No,No,No phone service,No,Yes,Yes,No,No,Yes,0
CUST-03052,18,119.89,2181.08,Month-to-month,Fiber optic,Credit card,1,No,No,Yes,Yes,No,No,Yes,No,No,No,1
CUST-03053,3,79.99,277.98,Month-to-month,DSL,Credit card,0,Yes,No,Yes,Yes,Yes,No,Yes,No,Yes,No,0
CUST-03054,28,59.28,1667.71,Month-to-month,No,Bank transfer,0,No,No,Yes,No,No internet service,No internet service,No internet service,No internet service,No internet service,Yes,1
CUST-03055,70,40.97,2890.03,Month-to-month,DSL,Electronic check,0,No,No,Yes,No,Yes,No,Yes,No,No,No,1
CUST-03056,44,44.22,1940.76,Month-to-month,DSL,Bank transfer,0,No,No,Yes,No,No,No,No,Yes,Yes,Yes,0
CUST-03057,21,66.9,1378.15,Month-to-month,Fiber optic,Electronic check,0,Yes,No,Yes,Yes,No,Yes,Yes,Yes,No,No,0
CUST-03058,28,55.46,1565.12,Month-to-month,No,Mailed check,0,No,No,Yes,No,No internet service,No internet service,No internet service,No internet service,No internet service,No,0
CUST-03059,54,111.21,6016.73,Two year,Fiber optic,Mailed check,0,No,No,Yes,Yes,Yes,Yes,Yes,No,Yes,No,0
CUST-03060,54,55.57,3002.21,Month-to-month,Fiber optic,Credit card,0,Yes,No,Yes,Yes,No,No,No,Yes,No,Yes,1
CUST-03061,65,56.09,3641.0,Month-to-month,No,Electronic check,0,No,No,Yes,No,No internet service,No internet service,No internet service,No internet service,No internet service,No,0
CUST-03062,21,57.12,1218.76,Two year,Fiber optic,Bank transfer,0,Yes,Yes,Yes,Yes,No,Yes,Yes,No,Yes,Yes,0
CUST-03063,13,103.34,1323.71,One year,DSL,Mailed check,0,No,No,Yes,No,No,No,Yes,Yes,Yes,Yes,0
CUST-03064,57,84.38,4794.18,One year,No,Bank transfer,0,No,No,Yes,Yes,No internet service,No internet service,No internet service,No internet service,No internet service,Yes,0
CUST-03065,49,80.65,3931.69,One year,Fiber optic,Mailed check,0,No,Yes,Yes,No,No,Yes,No,Yes,Yes,Yes,0
CUST-03066,54,52.08,2814.02,Two year,Fiber optic,Credit card,0,No,No,Yes,Yes,No,No,No,Yes,Yes,Yes,0
CUST-03067,10,101.43,992.54,Two year,Fiber optic,Electronic check,0,Yes,Yes,Yes,No,No,Yes,Yes,Yes,Yes,No,1
CUST-03068,53,21.91,1147.55,One year,No,Electronic check,0,No,Yes,No,No phone service,No internet service,No internet service,No internet service,No internet service,No internet service,No,0
CUST-03069,44,106.82,4685.96,Two year,Fiber optic,Bank transfer,0,Yes,No,Yes,Yes,No,No,Yes,Yes,No,Yes,0
CUST-03070,47,70.3,3298.89,Month-to-month,DSL,Mailed check,0,Yes,Yes,Yes,No,Yes,No,No,Yes,Yes,No,1
CUST-03071,53,58.62,3077.11,Month-to-month,Fiber optic,Electronic check,0,Yes,No,Yes,No,No,No,No,Yes,Yes,No,0
CUST-03072,46,68.71,3162.4,Two year,DSL,Mailed check,0,Yes,Yes,No,No phone service,No,Yes,No,Yes,No,Yes,0
CUST-03073,13,86.08,1143.99,Month-to-month,DSL,Bank transfer,0,No,No,Yes,Yes,No,Yes,Yes,Yes,No,Yes,1
CUST-03074,37,19.3,716.81,Two year,Fiber optic,Electronic check,0,No,No,Yes,Yes,Yes,Yes,No,Yes,No,No,1
CUST-03075,24,106.9,2596.43,Month-to-month,DSL,Electronic check,0,No,No,Yes,Yes,No,Yes,Yes,No,Yes,No,1
CUST-03076,2,63.57,153.82,Month-to-month,Fiber optic,Credit card,0,Yes,No,Yes,Yes,Yes,No,No,No,Yes,Yes,1
CUST-03077,14,52.98,757.27,Two year,No,Mailed check,0,No,Yes,Yes,No,No internet service,No internet service,No internet service,No internet service,No internet service,No,0
CUST-03078,10,32.1,322.49,Month-to-month,Fiber optic,Electronic check,1,No,No,Yes,Yes,Yes,Yes,Yes,No,No,No,1
CUST-03079,35,62.83,2199.5,Two year,No,Electronic check,0,Yes,No,Yes,Yes,No internet service,No internet service,No internet service,No internet service,No internet service,No,0
CUST-03080,25,68.62,1730.78,Two year,DSL,Bank transfer,0,Yes,No,Yes,Yes,No,Yes,Yes,Yes,No,Yes,0
CUST-03081,3,59.17,169.68,Two year,No,Electronic check,0,No,No,Yes,Yes,No internet service,No internet service,No internet service,No internet service,No internet service,No,1
CUST-03082,17,87.22,1445.09,One year,No,Credit card,1,Yes,No,Yes,No,No internet service,No internet service,No internet service,No internet service,No internet service,No,0
CUST-03083,12,60.93,741.0,One year,DSL,Bank transfer,0,Yes,No,Yes,No,Yes,No,No,No,No,Yes,0
CUST-03084,54,116.06,6244.62,Two year,DSL,Mailed check,0,Yes,No,Yes,Yes,No,Yes,No,No,Yes,No,0
CUST-03085,24,79.13,1879.88,One year,DSL,Credit card,0,Yes,No,Yes,Yes,Yes,Yes,No,Yes,No,Yes,0
CUST-03086,29,100.36,2910.44,One year,No,Mailed check,0,Yes,Yes,Yes,Yes,No internet service,No internet service,No internet service,No internet service,No internet service,Yes,0
CUST-03087,43,29.15,1251.55,Two year,No,Electronic check,0,No,No,Yes,Yes,No internet service,No internet service,No internet service,No internet service,No internet service,No,0
CUST-03088,25,58.52,1434.76,One year,DSL,Bank transfer,1,Yes,Yes,Yes,No,No,No,Yes,No,No,Yes,1
CUST-03089,60,52.36,3144.91,Two year,Fiber optic,Bank transfer,0,Yes,No,Yes,No,Yes,Yes,No,Yes,No,Yes,0
CUST-03090,65,76.09,4965.17,Month-to-month,DSL,Electronic check,1,Yes,Yes,Yes,No,Yes,Yes,Yes,Yes,Yes,Yes,0
CUST-03091,28,105.83,2940.67,Month-to-month,Fiber optic,Mailed check,0,No,No,Yes,Yes,No,No,Yes,Yes,No,Yes,0
CUST-03092,16,25.99,441.29,Month-to-month,No,Mailed check,1,No,No,Yes,Yes,No internet service,No internet service,No internet service,No internet service,No internet service,Yes,1
CUST-03093,47,25.4,1162.6,Month-to-month,DSL,Electronic check,0,No,Yes,Yes,Yes,No,No,No,No,Yes,Yes,0
CUST-03094,58,104.73,6116.69,One year,No,Bank transfer,0,No,No,Yes,Yes,No internet service,No internet service,No internet service,No internet service,No internet service,Yes,0
CUST-03095,27,39.71,1063.94,Month-to-month,No,Bank transfer,0,No,No,Yes,No,No internet service,No internet service,No internet service,No internet service,No internet service,Yes,0
CUST-03096,53,86.21,4572.04,Two year,No,Mailed check,0,Yes,No,Yes,Yes,No internet service,No internet service,No internet service,No internet service,No internet service,Yes,0
CUST-03097,42,73.37,3043.7,Month-to-month,DSL,Mailed check,0,Yes,No,Yes,Yes,Yes,No,Yes,Yes,No,No,1
CUST-03098,59,102.96,6073.4,Month-to-month,DSL,Mailed check,0,Yes,Yes,Yes,No,No,No,No,Yes,Yes,No,1
CUST-03099,47,30.76,1450.29,Month-to-month,DSL,Electronic check,0,Yes,No,Yes,Yes,No,Yes,No,Yes,No,Yes,1
CUST-03100,34,31.24,1060.44,One year,Fiber optic,Electronic check,0,Yes,No,Yes,Yes,No,Yes,No,No,Yes,Yes,0
CUST-03101,37,74.8,2756.34,Month-to-month,Fiber optic,Electronic check,0,No,No,Yes,Yes,No,No,No,No,Yes,Yes,1
CUST-03102,6,114.53,668.25,Month-to-month,DSL,Electronic check,0,Yes,No,Yes,Yes,No,No,Yes,No,No,Yes,1
CUST-03103,7,60.33,444.92,One year,No,Mailed check,0,No,Yes,Yes,No,No internet service,No internet service,No internet service,No internet service,No internet service,No,0
CUST-03104,25,51.35,1284.37,Month-to-month,DSL,Bank transfer,0,No,No,Yes,No,Yes,No,Yes,No,No,No,1
CUST-03105,33,79.88,2666.86,Month-to-month,DSL,Mailed check,0,No,Yes,Yes,Yes,No,Yes,No,Yes,No,Yes,1
CUST-03106,55,112.91,6199.52,One year,Fiber optic,Credit card,0,Yes,No,Yes,No,Yes,Yes,No,No,No,Yes,0
CUST-03107,58,103.37,5986.76,Month-to-month,DSL,Credit card,0,No,No,Yes,Yes,No,No,Yes,No,Yes,No,0
CUST-03108,7,119.54,853.09,Month-to-month,DSL,Credit card,0,No,Yes,Yes,No,No,No,Yes,Yes,No,Yes,0
CUST-03109,57,20.3,1124.64,Month-to-month,Fiber optic,Credit card,0,No,No,Yes,No,No,No,No,No,No,Yes,1
CUST-03110,12,29.51,329.85,Month-to-month,No,Bank transfer,0,No,No,No,No phone service,No internet service,No internet service,No internet service,No internet service,No internet service,No,0
CUST-03111,16,80.17,1304.67,One year,No,Bank transfer,0,No,No,Yes,Yes,No internet service,No internet service,No internet service,No internet service,No internet service,Yes,0
CUST-03112,43,101.7,4349.66,Month-to-month,Fiber optic,Electronic check,0,Yes,No,Yes,Yes,Yes,Yes,No,Yes,No,No,0
CUST-03113,7,47.09,293.25,Two year,Fiber optic,Bank transfer,0,Yes,Yes,Yes,Yes,No,No,No,No,No,No,0
CUST-03114,51,42.4,2199.77,Two year,Fiber optic,Bank transfer,0,Yes,Yes,Yes,Yes,Yes,No,No,Yes,No,Yes,1
CUST-03115,32,98.27,3116.76,Month-to-month,DSL,Mailed check,1,No,Yes,No,No phone service,No,Yes,Yes,Yes,No,Yes,0
CUST-03116,8,23.75,193.68,Two year,Fiber optic,Bank transfer,0,Yes,Yes,Yes,No,No,Yes,No,Yes,No,No,0
CUST-03117,72,55.68,4010.34,Month-to-month,Fiber optic,Mailed check,0,Yes,No,Yes,Yes,No,Yes,Yes,Yes,No,Yes,0
CUST-03118,45,69.59,3075.34,Month-to-month,Fiber optic,Mailed check,0,No,No,Yes,No,Yes,Yes,No,No,No,Yes,0
CUST-03119,59,75.16,4429.09,Month-to-month,Fiber optic,Mailed check,0,Yes,Yes,Yes,No,Yes,Yes,No,Yes,No,No,0
CUST-03120,4,92.32,378.25,Month-to-month,Fiber optic,Bank transfer,0,No,No,Yes,No,Yes,Yes,No,Yes,Yes,Yes,1
CUST-03121,67,54.19,3637.82,One year,Fiber optic,Credit card,0,No,No,No,No phone service,No,No,Yes,Yes,Yes,Yes,0
CUST-03122,29,80.49,2352.28,Month-to-month,No,Credit card,0,Yes,No,Yes,Yes,No internet service,No internet service,No internet service,No internet service,No internet service,Yes,1
CUST-03123,29,77.71,2245.84,Two year,DSL,Bank transfer,0,Yes,Yes,Yes,No,No,Yes,Yes,Yes,No,No,0
CUST-03124,28,73.86,2082.33,One year,No,Electronic check,0,No,No,Yes,Yes,No internet service,No internet service,No internet service,No internet service,No internet service,No,0
CUST-03125,44,83.33,3652.73,Month-to-month,DSL,Credit card,0,No,No,Yes,Yes,Yes,No,No,No,Yes,No,0
CUST-03126,4,44.46,149.63,One year,DSL,Electronic check,0,No,No,Yes,No,No,No,Yes,Yes,No,Yes,0
CUST-03127,9,26.63,213.72,Two year,Fiber optic,Credit card,0,Yes,Yes,Yes,Yes,No,Yes,No,Yes,No,Yes,0
CUST-03128,5,30.17,121.61,Month-to-month,Fiber optic,Electronic check,0,Yes,No,Yes,No,No,Yes,Yes,Yes,Yes,No,1
CUST-03129,56,40.91,2311.15,Month-to-month,No,Mailed check,0,Yes,No,No,No phone service,No internet service,No internet service,No internet service,No internet service,No internet service,No,0
CUST-03130,50,69.02,3420.71,Month-to-month,Fiber optic,Bank transfer,0,No,No,Yes,Yes,No,Yes,No,Yes,No,Yes,0
CUST-03131,15,103.73,1561.43,Month-to-month,Fiber optic,Bank transfer,0,Yes,Yes,Yes,No,No,No,No,Yes,Yes,No,0
CUST-03132,32,89.53,2859.64,Month-to-month,DSL,Mailed check,0,Yes,No,Yes,Yes,Yes,Yes,Yes,Yes,Yes,No,0
CUST-03133,28,98.48,2755.39,Month-to-month,DSL,Bank transfer,0,No,No,Yes,Yes,Yes,Yes,No,No,Yes,No,1
CUST-03134,22,53.8,1210.87,One year,Fiber optic,Mailed check,0,Yes,Yes,Yes,No,No,No,Yes,Yes,Yes,No,0
CUST-03135,17,59.27,998.82,One year,Fiber optic,Electronic check,0,Yes,No,Yes,Yes,Yes,Yes,Yes,Yes,No,Yes,1
CUST-03136,59,58.16,3443.67,One year,Fiber optic,Bank transfer,0,No,No,Yes,Yes,Yes,No,No,No,No,No,0
CUST-03137,71,37.57,2668.22,Month-to-month,Fiber optic,Electronic check,0,No,No,Yes,No,No,No,Yes,No,Yes,Yes,1
CUST-03138,57,24.24,1378.64,Month-to-month,No,Bank transfer,0,No,No,Yes,No,No internet service,No internet service,No internet service,No internet service,No internet service,No,0
CUST-03139,26,78.27,2081.02,Month-to-month,Fiber optic,Electronic check,0,No,Yes,Yes,No,No,Yes,No,No,Yes,No,1
CUST-03140,25,118.9,2943.67,Month-to-month,No,Mailed check,0,No,Yes,Yes,No,No internet service,No internet service,No internet service,No internet service,No internet service,Yes,1
CUST-03141,10,35.02,375.98,Two year,DSL,Mailed check,1,No,Yes,Yes,No,Yes,No,Yes,Yes,No,No,0
CUST-03142,45,22.76,1037.33,Month-to-month,DSL,Electronic check,0,No,Yes,Yes,No,No,No,Yes,Yes,No,Yes,0
CUST-03143,11,97.51,1063.02,Month-to-month,DSL,Mailed check,0,No,Yes,Yes,No,No,No,No,Yes,Yes,No,1
CUST-03144,53,43.76,2351.87,Month-to-month,DSL,Bank transfer,0,No,No,Yes,No,Yes,Yes,Yes,Yes,Yes,Yes,0
CUST-03145,72,102.62,7351.68,Two year,Fiber optic,Credit card,0,No,No,Yes,Yes,No,Yes,No,Yes,Yes,Yes,1
CUST-03146,68,89.8,6095.96,One year,Fiber optic,Credit card,0,No,No,Yes,Yes,No,No,No,No,No,No,0
CUST-03147,28,114.46,3180.71,Month-to-month,Fiber optic,Bank transfer,0,Yes,No,Yes,No,Yes,No,Yes,Yes,No,Yes,1
CUST-03148,65,59.71,3889.39,Month-to-month,Fiber optic,Mailed check,0,Yes,Yes,Yes,Yes,Yes,No,No,No,No,Yes,1
CUST-03149,49,85.52,4168.22,Month-to-month,No,Mailed check,1,No,No,Yes,No,No internet service,No internet service,No internet service,No internet service,No internet service,Yes,0
CUST-03150,47,65.42,3083.4,One year,No,Electronic check,0,Yes,No,Yes,No,No internet service,No internet service,No internet service,No internet service,No internet service,No,1
CUST-03151,52,82.32,4276.91,Two year,DSL,Mailed check,0,Yes,No,Yes,Yes,No,No,Yes,Yes,No,No,0
CUST-03152,54,63.86,3438.85,One year,DSL,Credit card,1,No,No,Yes,No,Yes,No,Yes,Yes,Yes,Yes,0
CUST-03153,60,37.24,2242.17,One year,DSL,Mailed check,0,Yes,Yes,Yes,Yes,No,No,No,Yes,No,No,0
CUST-03154,57,69.81,3973.8,Month-to-month,DSL,Mailed check,0,No,No,Yes,No,No,Yes,Yes,No,No,No,0
CUST-03155,47,71.92,3358.47,Month-to-month,Fiber optic,Electronic check,1,No,No,Yes,No,Yes,Yes,Yes,Yes,Yes,No,0
CUST-03156,31,100.68,3177.11,Two year,Fiber optic,Electronic check,0,Yes,No,Yes,Yes,Yes,No,No,Yes,Yes,No,0
CUST-03157,46,93.02,4269.18,Month-to-month,DSL,Electronic check,0,Yes,Yes,Yes,No,Yes,No,Yes,No,No,Yes,1
CUST-03158,26,85.71,2184.11,Two year,Fiber optic,Bank transfer,0,Yes,No,Yes,No,Yes,Yes,Yes,Yes,No,No,0
CUST-03159,5,29.57,131.01,Month-to-month,Fiber optic,Mailed check,0,Yes,Yes,No,No phone service,Yes,No,Yes,Yes,Yes,No,0
CUST-03160,52,91.5,4732.65,Month-to-month,DSL,Bank transfer,0,Yes,No,Yes,No,No,No,No,Yes,Yes,No,1
CUST-03161,54,69.03,3744.14,One year,Fiber optic,Mailed check,0,Yes,Yes,Yes,No,Yes,No,Yes,No,Yes,Yes,0
CUST-03162,33,109.2,3610.03,Month-to-month,No,Credit card,0,No,No,Yes,Yes,No internet service,No internet service,No internet service,No internet service,No internet service,Yes,1
CUST-03163,50,111.83,5599.47,Month-to-month,Fiber optic,Bank transfer,0,Yes,No,Yes,No,Yes,Yes,No,No,No,No,1
CUST-03164,38,23.63,890.54,Month-to-month,DSL,Bank transfer,0,No,No,Yes,No,No,No,Yes,Yes,Yes,Yes,0
CUST-03165,27,101.71,2740.58,One year,DSL,Mailed check,1,No,No,Yes,Yes,Yes,Yes,Yes,Yes,No,Yes,0
CUST-03166,15,21.85,320.33,Month-to-month,DSL,Mailed check,0,Yes,No,Yes,No,Yes,Yes,Yes,No,No,No,0
CUST-03167,61,55.45,3380.83,Month-to-month,DSL,Credit card,1,Yes,Yes,Yes,No,Yes,Yes,Yes,Yes,No,Yes,1
CUST-03168,21,73.31,1556.22,One year,No,Electronic check,0,Yes,No,Yes,No,No internet service,No internet service,No internet service,No internet service,No internet service,Yes,0
CUST-03169,46,33.11,1529.78,Month-to-month,DSL,Electronic check,0,No,No,Yes,No,No,Yes,Yes,Yes,No,No,1
CUST-03170,69,94.12,6504.28,Two year,DSL,Mailed check,0,No,No,Yes,No,Yes,Yes,No,No,Yes,No,0
CUST-03171,6,18.85,123.09,Month-to-month,DSL,Bank transfer,1,Yes,Yes,Yes,Yes,No,Yes,Yes,No,No,Yes,0
CUST-03172,38,35.2,1355.29,One year,Fiber optic,Electronic check,0,No,Yes,Yes,Yes,No,No,Yes,Yes,Yes,Yes,1
CUST-03173,62,77.24,4794.64,Month-to-month,DSL,Bank transfer,0,No,No,Yes,No,No,Yes,No,Yes,Yes,No,0
CUST-03174,62,90.87,5641.12,One year,DSL,Mailed check,0,No,No,Yes,No,Yes,Yes,No,No,No,No,0
CUST-03175,46,111.5,5152.78,One year,Fiber optic,Mailed check,0,No,Yes,Yes,No,Yes,Yes,No,Yes,No,No,1
CUST-03176,13,89.96,1156.18,Two year,Fiber optic,Mailed check,1,Yes,Yes,Yes,No,Yes,No,Yes,No,Yes,Yes,1
CUST-03177,3,86.52,242.45,Month-to-month,DSL,Mailed check,0,Yes,No,No,No phone service,No,No,Yes,Yes,No,No,1
CUST-03178,6,58.22,325.6,Month-to-month,DSL,Electronic check,1,No,Yes,Yes,No,No,No,Yes,No,Yes,Yes,1
CUST-03179,8,18.13,148.7,One year,No,Electronic check,0,No,No,Yes,Yes,No internet service,No internet service,No internet service,No internet service,No internet service,No,0
CUST-03180,44,30.26,1294.37,Month-to-month,No,Electronic check,1,No,No,Yes,No,No internet service,No internet service,No internet service,No internet service,No internet service,No,0
CUST-03181,33,72.52,2402.4,Month-to-month,DSL,Bank transfer,0,Yes,No,Yes,No,Yes,Yes,No,Yes,No,Yes,0
CUST-03182,50,86.86,4340.82,Two year,DSL,Bank transfer,0,No,No,Yes,No,No,No,No,Yes,Yes,Yes,0
CUST-03183,11,60.58,689.07,Month-to-month,DSL,Mailed check,0,No,Yes,No,No phone service,Yes,No,Yes,No,No,No,0
CUST-03184,28,92.53,2577.4,Two year,Fiber optic,Bank transfer,0,Yes,No,Yes,No,No,No,No,No,Yes,No,1
CUST-03185,70,71.23,4982.03,Month-to-month,Fiber optic,Mailed check,0,Yes,No,Yes,No,Yes,No,Yes,Yes,Yes,Yes,0
CUST-03186,41,25.57,1070.81,One year,Fiber optic,Electronic check,0,No,No,Yes,Yes,No,No,No,Yes,Yes,Yes,1
CUST-03187,16,37.59,629.1,One year,Fiber optic,Electronic check,0,Yes,No,Yes,Yes,Yes,Yes,Yes,No,No,Yes,0
CUST-03188,68,103.68,7036.64,Month-to-month,No,Credit card,0,Yes,No,Yes,Yes,No internet service,No internet service,No internet service,No internet service,No internet service,Yes,1
CUST-03189,48,91.94,4416.76,Two year,No,Bank transfer,0,Yes,No,Yes,No,No internet service,No internet service,No internet service,No internet service,No internet service,Yes,0
CUST-03190,56,109.27,6125.01,Month-to-month,Fiber optic,Bank transfer,0,No,No,No,No phone service,No,Yes,Yes,Yes,No,No,0
CUST-03191,64,29.99,1926.83,Two year,Fiber optic,Mailed check,0,No,No,Yes,Yes,Yes,Yes,Yes,No,No,No,0
CUST-03192,59,119.0,7015.75,One year,DSL,Bank transfer,1,Yes,No,Yes,Yes,No,No,Yes,No,No,No,1
CUST-03193,62,39.36,2465.95,Month-to-month,Fiber optic,Bank transfer,0,No,Yes,Yes,Yes,No,No,Yes,No,Yes,No,1
CUST-03194,11,19.2,173.41,Two year,Fiber optic,Electronic check,0,No,No,Yes,No,No,Yes,No,No,Yes,No,1
CUST-03195,18,119.74,2146.9,Month-to-month,Fiber optic,Credit card,0,Yes,No,Yes,No,Yes,No,No,No,Yes,Yes,0
CUST-03196,19,46.67,895.69,Two year,DSL,Electronic check,0,No,No,Yes,No,Yes,No,No,Yes,No,No,0
CUST-03197,55,86.14,4746.84,Month-to-month,Fiber optic,Electronic check,0,No,No,Yes,Yes,Yes,No,No,Yes,No,Yes,0
CUST-03198,26,36.02,963.58,Two year,Fiber optic,Electronic check,0,No,No,Yes,No,No,No,No,Yes,No,Yes,1
CUST-03199,6,77.18,487.04,One year,Fiber optic,Bank transfer,0,Yes,Yes,Yes,No,No,No,No,No,No,Yes,1
CUST-03200,4,110.21,435.13,Month-to-month,DSL,Bank transfer,0,No,No,Yes,Yes,Yes,No,Yes,Yes,Yes,Yes,0
CUST-03201,29,50.66,1495.14,One year,Fiber optic,Bank transfer,0,Yes,No,Yes,Yes,No,Yes,Yes,No,No,Yes,0
CUST-03202,59,86.37,5081.55,Month-to-month,DSL,Credit card,0,Yes,No,Yes,Yes,Yes,No,Yes,Yes,No,Yes,0
CUST-03203,17,37.17,650.51,Month-to-month,No,Mailed check,1,No,No,Yes,No,No internet service,No internet service,No internet service,No internet service,No internet service,Yes,1
CUST-03204,43,81.73,3550.6,Month-to-month,Fiber optic,Mailed check,1,No,No,Yes,Yes,No,Yes,No,Yes,No,Yes,1
CUST-03205,66,52.32,3477.42,Month-to-month,DSL,Bank transfer,0,No,No,Yes,No,Yes,Yes,No,No,No,No,0
CUST-03206,34,39.54,1346.48,Month-to-month,DSL,Credit card,0,Yes,No,Yes,No,No,Yes,Yes,No,No,Yes,0
CUST-03207,8,49.94,392.88,Month-to-month,Fiber optic,Electronic check,0,Yes,No,Yes,No,No,No,No,Yes,Yes,Yes,1
CUST-03208,13,36.24,440.55,Month-to-month,DSL,Credit card,0,No,No,Yes,No,No,No,No,No,No,Yes,0
CUST-03209,8,110.0,886.21,Month-to-month,No,Electronic check,0,Yes,Yes,Yes,No,No internet service,No internet service,No internet service,No internet service,No internet service,Yes,1
CUST-03210,65,58.51,3780.85,Month-to-month,Fiber optic,Bank transfer,0,Yes,No,Yes,Yes,No,No,Yes,Yes,No,No,1
CUST-03211,43,43.02,1834.0,One year,DSL,Bank transfer,0,No,Yes,No,No phone service,No,Yes,Yes,No,Yes,No,0
CUST-03212,39,63.74,2462.05,One year,Fiber optic,Credit card,0,No,No,Yes,Yes,No,No,No,No,Yes,Yes,0
CUST-03213,59,50.69,2981.5,Month-to-month,DSL,Electronic check,1,No,No,Yes,Yes,Yes,Yes,No,Yes,Yes,Yes,0
CUST-03214,44,93.93,4132.36,Two year,No,Electronic check,1,Yes,Yes,Yes,No,No internet service,No internet service,No internet service,No internet service,No internet service,Yes,0
CUST-03215,9,117.06,1059.01,One year,DSL,Electronic check,0,Yes,No,Yes,Yes,No,Yes,Yes,Yes,No,Yes,1
CUST-03216,37,62.68,2307.15,One year,No,Bank transfer,0,No,Yes,Yes,No,No internet service,No internet service,No internet service,No internet service,No internet service,Yes,1
CUST-03217,36,105.83,3831.27,Month-to-month,Fiber optic,Bank transfer,0,No,No,Yes,Yes,No,No,No,No,No,Yes,0
CUST-03218,28,75.72,2116.0,Month-to-month,No,Credit card,1,No,No,Yes,No,No internet service,No internet service,No internet service,No internet service,No internet service,Yes,1
CUST-03219,42,34.04,1413.93,Two year,DSL,Mailed check,1,No,No,Yes,No,Yes,No,No,Yes,Yes,No,0
CUST-03220,43,88.44,3807.45,Two year,DSL,Electronic check,0,No,No,Yes,No,No,No,Yes,Yes,Yes,No,0
CUST-03221,42,70.37,2994.81,Month-to-month,Fiber optic,Electronic check,0,Yes,No,Yes,Yes,Yes,No,Yes,No,No,No,1
CUST-03222,66,84.36,5574.46,Month-to-month,Fiber optic,Electronic check,0,Yes,Yes,Yes,No,Yes,Yes,Yes,Yes,Yes,No,1
CUST-03223,55,108.75,5973.99,One year,DSL,Bank transfer,0,Yes,No,Yes,Yes,No,Yes,No,Yes,Yes,Yes,0
CUST-03224,72,62.92,4499.69,One year,Fiber optic,Credit card,0,No,No,Yes,No,Yes,Yes,No,No,Yes,Yes,0
CUST-03225,48,109.92,5271.77,Two year,DSL,Credit card,0,Yes,No,Yes,No,No,Yes,No,Yes,No,Yes,0
CUST-03226,22,94.57,2085.24,Month-to-month,Fiber optic,Mailed check,1,Yes,Yes,Yes,No,Yes,No,Yes,Yes,No,No,1
CUST-03227,27,67.84,1823.93,Month-to-month,DSL,Electronic check,0,No,Yes,Yes,Yes,Yes,Yes,No,No,Yes,No,0
CUST-03228,67,79.53,5295.2,Month-to-month,DSL,Electronic check,0,Yes,Yes,Yes,No,No,No,No,Yes,Yes,Yes,0
CUST-03229,13,51.21,648.72,Month-to-month,DSL,Bank transfer,0,Yes,No,Yes,Yes,Yes,No,Yes,No,No,Yes,0
CUST-03230,45,118.33,5353.94,Month-to-month,Fiber optic,Credit card,0,No,No,Yes,Yes,Yes,Yes,Yes,Yes,Yes,No,1
CUST-03231,10,86.07,889.38,Two year,DSL,Electronic check,0,No,No,Yes,Yes,No,No,No,No,Yes,Yes,0
CUST-03232,9,22.47,184.5,Month-to-month,No,Electronic check,1,Yes,No,Yes,No,No internet service,No internet service,No internet service,No internet service,No internet service,No,1
CUST-03233,54,51.32,2784.74,Two year,DSL,Bank transfer,0,No,No,Yes,No,Yes,Yes,No,No,Yes,Yes,0
CUST-03234,27,81.58,2179.09,Month-to-month,No,Bank transfer,0,Yes,No,Yes,Yes,No internet service,No internet service,No internet service,No internet service,No internet service,Yes,1
CUST-03235,34,23.75,835.59,Month-to-month,Fiber optic,Electronic check,0,No,No,No,No phone service,Yes,Yes,No,No,Yes,No,0
CUST-03236,1,20.44,25.34,Month-to-month,Fiber optic,Credit card,0,No,Yes,Yes,No,No,Yes,Yes,Yes,No,Yes,1
CUST-03237,32,63.9,2063.79,Month-to-month,DSL,Electronic check,0,Yes,No,Yes,No,No,No,No,No,No,Yes,0
CUST-03238,71,51.93,3652.73,Two year,Fiber optic,Credit card,0,No,No,Yes,No,No,Yes,Yes,No,Yes,No,0
CUST-03239,67,62.71,4215.12,Month-to-month,Fiber optic,Electronic check,0,Yes,No,Yes,No,Yes,No,No,Yes,Yes,Yes,0
CUST-03240,20,44.79,895.65,Month-to-month,Fiber optic,Electronic check,0,Yes,No,No,No phone service,No,No,Yes,Yes,Yes,Yes,0
CUST-03241,35,34.8,1235.04,Month-to-month,DSL,Electronic check,0,No,No,Yes,Yes,Yes,Yes,Yes,No,No,Yes,1
CUST-03242,17,88.29,1519.23,Month-to-month,No,Electronic check,0,Yes,No,Yes,No,No internet service,No internet service,No internet service,No internet service,No internet service,Yes,0
CUST-03243,18,70.49,1270.14,One year,No,Mailed check,0,Yes,Yes,Yes,Yes,No internet service,No internet service,No internet service,No internet service,No internet service,Yes,0
CUST-03244,45,38.42,1716.88,Month-to-month,Fiber optic,Bank transfer,0,Yes,No,Yes,No,No,Yes,Yes,No,No,Yes,1
CUST-03245,53,50.6,2697.39,One year,Fiber optic,Mailed check,0,Yes,No,Yes,No,No,No,Yes,No,Yes,Yes,0
CUST-03246,68,78.36,5327.28,One year,Fiber optic,Bank transfer,0,No,No,Yes,No,Yes,Yes,No,No,Yes,Yes,0
CUST-03247,65,25.37,1631.59,Month-to-month,DSL,Mailed check,0,No,No,Yes,Yes,No,No,Yes,No,Yes,No,0
CUST-03248,1,33.04,14.64,Month-to-month,DSL,Electronic check,0,No,No,Yes,Yes,No,Yes,No,Yes,Yes,Yes,1
CUST-03249,58,25.47,1447.72,One year,Fiber optic,Credit card,0,Yes,No,Yes,Yes,Yes,Yes,No,No,Yes,No,0
CUST-03250,26,100.86,2612.15,One year,No,Credit card,0,No,Yes,Yes,Yes,No internet service,No internet service,No internet service,No internet service,No internet service,Yes,0
CUST-03251,20,94.75,1917.05,Month-to-month,DSL,Electronic check,1,Yes,Yes,Yes,No,No,No,No,No,Yes,Yes,1
CUST-03252,10,94.84,951.96,Month-to-month,Fiber optic,Mailed check,0,Yes,Yes,Yes,No,Yes,Yes,No,No,Yes,Yes,0
CUST-03253,59,91.07,5362.53,Month-to-month,No,Bank transfer,0,Yes,Yes,Yes,No,No internet service,No internet service,No internet service,No internet service,No internet service,No,0
CUST-03254,41,86.28,3553.58,Month-to-month,DSL,Electronic check,0,Yes,Yes,Yes,No,Yes,Yes,Yes,No,No,Yes,0
CUST-03255,5,66.65,316.6,Month-to-month,DSL,Bank transfer,1,No,Yes,Yes,No,No,Yes,Yes,Yes,No,Yes,1
CUST-03256,65,83.51,5430.06,Month-to-month,Fiber optic,Mailed check,1,No,No,Yes,Yes,No,No,No,No,Yes,Yes,1
CUST-03257,17,21.91,368.88,Month-to-month,DSL,Electronic check,1,No,No,Yes,No,Yes,No,No,Yes,No,No,1
CUST-03258,22,81.39,1806.16,Month-to-month,DSL,Electronic check,0,No,Yes,No,No phone service,No,Yes,Yes,Yes,No,No,0
CUST-03259,41,97.34,3959.4,Month-to-month,Fiber optic,Bank transfer,1,Yes,No,Yes,Yes,No,No,Yes,Yes,Yes,Yes,1
CUST-03260,68,69.04,4677.72,Two year,Fiber optic,Electronic check,0,No,No,Yes,Yes,No,No,No,No,No,Yes,0
CUST-03261,69,54.47,3725.67,One year,No,Electronic check,0,No,No,Yes,Yes,No internet service,No internet service,No internet service,No internet service,No internet service,Yes,0
CUST-03262,11,46.3,504.11,Two year,Fiber optic,Bank transfer,0,No,No,Yes,Yes,No,Yes,Yes,Yes,No,No,0
CUST-03263,56,83.57,4704.15,Month-to-month,Fiber optic,Bank transfer,0,Yes,No,Yes,Yes,No,Yes,Yes,No,Yes,No,1
CUST-03264,51,88.67,4512.06,One year,Fiber optic,Electronic check,0,No,No,Yes,No,Yes,No,No,No,Yes,Yes,0
CUST-03265,21,106.84,2233.43,Month-to-month,No,Credit card,0,No,Yes,Yes,No,No internet service,No internet service,No internet service,No internet service,No internet service,Yes,0
CUST-03266,26,52.92,1393.35,One year,DSL,Bank transfer,1,Yes,Yes,Yes,No,Yes,No,No,No,Yes,Yes,0
CUST-03267,19,96.52,1855.25,Month-to-month,DSL,Mailed check,0,No,No,No,No phone service,No,Yes,No,No,No,No,0
CUST-03268,60,75.26,4513.83,Month-to-month,No,Mailed check,1,Yes,No,Yes,Yes,No internet service,No internet service,No internet service,No internet service,No internet service,Yes,1
CUST-03269,71,108.05,7685.24,Two year,No,Bank transfer,0,Yes,No,No,No phone service,No internet service,No internet service,No internet service,No internet service,No internet service,No,0
CUST-03270,47,71.84,3354.94,One year,DSL,Electronic check,0,No,No,Yes,Yes,No,Yes,Yes,Yes,No,Yes,0
CUST-03271,71,70.8,5054.36,Two year,DSL,Mailed check,0,Yes,Yes,Yes,Yes,No,Yes,Yes,Yes,Yes,Yes,0
CUST-03272,26,76.94,2043.41,Month-to-month,Fiber optic,Bank transfer,0,No,No,Yes,No,No,No,Yes,No,No,Yes,0
CUST-03273,40,94.43,3787.62,Month-to-month,DSL,Mailed check,0,Yes,Yes,Yes,Yes,No,No,Yes,Yes,No,No,0
CUST-03274,5,116.4,540.31,Month-to-month,Fiber optic,Bank transfer,0,Yes,No,Yes,No,Yes,No,No,Yes,Yes,Yes,1
CUST-03275,21,25.5,524.34,One year,DSL,Mailed check,0,No,Yes,Yes,No,No,No,No,No,No,No,1
CUST-03276,4,23.45,106.06,One year,DSL,Electronic check,0,Yes,No,Yes,No,No,Yes,Yes,No,No,Yes,0
CUST-03277,23,113.63,2605.06,Two year,Fiber optic,Mailed check,0,No,No,Yes,No,No,No,Yes,No,Yes,Yes,1
CUST-03278,15,72.05,1106.19,Month-to-month,No,Mailed check,0,No,Yes,Yes,No,No internet service,No internet service,No internet service,No internet service,No internet service,No,1
CUST-03279,8,80.72,657.52,One year,Fiber optic,Bank transfer,0,Yes,No,Yes,No,No,Yes,Yes,Yes,Yes,No,0
CUST-03280,41,67.21,2741.48,Month-to-month,Fiber optic,Bank transfer,0,No,Yes,Yes,No,Yes,Yes,Yes,No,Yes,No,0
CUST-03281,19,27.55,524.1,Month-to-month,No,Mailed check,0,No,Yes,Yes,No,No internet service,No internet service,No internet service,No internet service,No internet service,Yes,0
CUST-03282,46,96.35,4414.22,Month-to-month,Fiber optic,Credit card,0,No,No,Yes,Yes,Yes,Yes,No,Yes,No,Yes,1
CUST-03283,28,94.22,2634.51,Month-to-month,Fiber optic,Electronic check,1,No,Yes,No,No phone service,Yes,No,Yes,Yes,No,Yes,1
CUST-03284,68,49.79,3374.63,Month-to-month,Fiber optic,Electronic check,1,No,No,Yes,Yes,No,No,No,No,Yes,No,1
CUST-03285,15,49.24,762.1,Month-to-month,DSL,Mailed check,0,Yes,No,Yes,Yes,No,No,No,Yes,Yes,No,0
CUST-03286,37,103.46,3870.34,Month-to-month,Fiber optic,Electronic check,0,Yes,Yes,Yes,No,No,No,No,Yes,Yes,Yes,1
CUST-03287,1,25.38,0.0,Month-to-month,Fiber optic,Bank transfer,0,No,No,Yes,No,Yes,No,Yes,Yes,Yes,Yes,1
CUST-03288,67,107.87,7188.83,Month-to-month,DSL,Electronic check,0,No,Yes,Yes,No,No,Yes,Yes,No,Yes,Yes,0
CUST-03289,24,44.18,1055.42,Month-to-month,DSL,Electronic check,0,Yes,Yes,Yes,No,Yes,No,Yes,Yes,Yes,No,0
CUST-03290,27,78.48,2088.59,Month-to-month,DSL,Electronic check,1,Yes,Yes,Yes,No,Yes,No,Yes,Yes,Yes,Yes,0
CUST-03291,40,113.47,4539.72,Two year,Fiber optic,Bank transfer,0,No,Yes,Yes,Yes,No,No,No,No,No,Yes,0
CUST-03292,63,87.17,5506.69,Two year,DSL,Credit card,1,No,No,Yes,No,No,No,Yes,Yes,No,No,0
CUST-03293,61,60.27,3706.35,Month-to-month,DSL,Credit card,1,Yes,No,Yes,No,No,Yes,Yes,Yes,No,Yes,1
CUST-03294,36,88.33,3183.91,Two year,No,Electronic check,1,No,No,Yes,Yes,No internet service,No internet service,No internet service,No internet service,No internet service,Yes,0
CUST-03295,24,53.09,1270.3,One year,Fiber optic,Mailed check,0,No,No,Yes,Yes,Yes,Yes,Yes,No,Yes,No,0
CUST-03296,24,46.28,1071.15,Month-to-month,DSL,Electronic check,0,No,No,Yes,Yes,Yes,No,No,Yes,No,No,0
CUST-03297,4,119.66,479.16,Month-to-month,Fiber optic,Electronic check,0,Yes,Yes,Yes,Yes,Yes,Yes,No,No,Yes,No,1
CUST-03298,67,94.58,6338.29,Two year,DSL,Credit card,0,No,No,Yes,Yes,Yes,Yes,No,No,No,Yes,0
CUST-03299,34,83.76,2860.62,One year,Fiber optic,Mailed check,0,Yes,No,Yes,No,Yes,Yes,No,No,No,Yes,1
CUST-03300,57,54.24,3077.51,Two year,Fiber optic,Electronic check,0,No,Yes,Yes,No,No,No,No,No,No,Yes,0
CUST-03301,49,23.01,1118.79,Two year,Fiber optic,Mailed check,0,Yes,No,Yes,Yes,Yes,Yes,No,Yes,Yes,Yes,0
CUST-03302,53,21.17,1092.45,Month-to-month,Fiber optic,Electronic check,0,No,No,Yes,Yes,No,No,Yes,No,Yes,Yes,1
CUST-03303,23,74.53,1668.36,Month-to-month,DSL,Mailed check,0,Yes,No,Yes,No,Yes,Yes,Yes,Yes,No,Yes,0
CUST-03304,69,95.73,6583.2,Month-to-month,Fiber optic,Mailed check,1,No,Yes,Yes,Yes,Yes,No,No,No,Yes,No,1
CUST-03305,53,72.81,3827.52,Month-to-month,DSL,Mailed check,0,No,Yes,Yes,Yes,Yes,Yes,No,No,Yes,Yes,0
CUST-03306,62,103.76,6439.85,Month-to-month,DSL,Credit card,0,No,Yes,Yes,Yes,No,No,No,Yes,No,Yes,0
CUST-03307,41,21.41,867.45,Month-to-month,No,Mailed check,0,Yes,No,Yes,Yes,No internet service,No internet service,No internet service,No internet service,No internet service,No,1
CUST-03308,57,55.41,3147.61,Month-to-month,Fiber optic,Credit card,0,Yes,No,Yes,No,Yes,Yes,No,No,Yes,No,1
CUST-03309,60,42.18,2511.11,Month-to-month,No,Bank transfer,1,Yes,No,Yes,Yes,No internet service,No internet service,No internet service,No internet service,No internet service,Yes,0
CUST-03310,54,63.62,3370.83,Month-to-month,DSL,Bank transfer,0,Yes,No,Yes,Yes,Yes,No,Yes,Yes,Yes,No,0
CUST-03311,70,25.38,1806.77,Month-to-month,Fiber optic,Mailed check,0,Yes,No,Yes,Yes,Yes,Yes,No,No,No,Yes,1
CUST-03312,57,115.32,6553.23,Month-to-month,DSL,Electronic check,0,No,Yes,Yes,Yes,Yes,Yes,Yes,No,Yes,Yes,1
CUST-03313,10,40.77,399.45,Month-to-month,Fiber optic,Bank transfer,1,No,No,Yes,Yes,Yes,No,No,No,No,Yes,0
CUST-03314,40,112.08,4454.1,One year,DSL,Mailed check,0,Yes,No,Yes,No,Yes,No,Yes,Yes,Yes,No,0
CUST-03315,7,61.44,449.52,Two year,DSL,Electronic check,0,Yes,No,Yes,No,Yes,No,Yes,No,No,No,1
CUST-03316,38,118.52,4506.63,Month-to-month,DSL,Mailed check,0,No,No,Yes,No,Yes,Yes,Yes,Yes,No,No,0
CUST-03317,61,74.51,4528.58,Month-to-month,Fiber optic,Bank transfer,0,Yes,No,Yes,No,No,Yes,Yes,No,Yes,Yes,1
CUST-03318,3,112.94,330.98,Two year,DSL,Credit card,0,No,Yes,Yes,No,Yes,No,No,Yes,No,No,0
CUST-03319,51,18.55,979.61,Month-to-month,No,Mailed check,1,Yes,No,Yes,Yes,No internet service,No internet service,No internet service,No internet service,No internet service,Yes,0
CUST-03320,47,94.32,4431.58,One year,DSL,Mailed check,0,Yes,No,Yes,Yes,No,No,Yes,No,Yes,No,0
CUST-03321,68,110.11,7483.85,Month-to-month,DSL,Credit card,0,Yes,No,Yes,No,Yes,Yes,No,No,Yes,Yes,1
CUST-03322,38,32.25,1206.67,Two year,Fiber optic,Electronic check,1,Yes,No,Yes,No,Yes,No,Yes,Yes,No,Yes,0
CUST-03323,36,27.8,962.91,Two year,No,Electronic check,0,No,No,Yes,Yes,No internet service,No internet service,No internet service,No internet service,No internet service,No,0
CUST-03324,41,61.31,2510.51,One year,DSL,Electronic check,0,Yes,Yes,Yes,No,No,Yes,No,No,No,Yes,1
CUST-03325,69,113.24,7820.07,Month-to-month,DSL,Credit card,0,No,No,Yes,No,No,No,Yes,Yes,No,Yes,1
CUST-03326,13,73.32,975.15,Two year,Fiber optic,Electronic check,0,Yes,No,Yes,No,No,No,No,No,No,Yes,0
CUST-03327,58,71.8,4119.43,One year,DSL,Electronic check,0,No,No,Yes,No,No,No,No,No,No,No,1
CUST-03328,50,32.39,1597.0,One year,Fiber optic,Mailed check,0,No,No,Yes,Yes,Yes,No,Yes,Yes,No,Yes,0
CUST-03329,30,18.08,530.79,Month-to-month,DSL,Credit card,0,No,No,Yes,No,Yes,No,No,No,No,Yes,1
CUST-03330,62,100.63,6238.99,One year,Fiber optic,Credit card,0,Yes,No,Yes,No,Yes,No,Yes,No,Yes,Yes,0
CUST-03331,25,26.93,670.35,Month-to-month,DSL,Mailed check,1,No,No,Yes,No,Yes,Yes,Yes,Yes,Yes,Yes,0
CUST-03332,27,82.65,2229.12,Month-to-month,Fiber optic,Credit card,0,Yes,Yes,Yes,No,Yes,Yes,No,No,No,No,1
CUST-03333,51,111.29,5683.95,One year,Fiber optic,Electronic check,1,Yes,Yes,Yes,Yes,No,Yes,No,Yes,Yes,No,0
CUST-03334,57,39.28,2220.89,Month-to-month,Fiber optic,Electronic check,0,No,No,Yes,Yes,Yes,Yes,Yes,Yes,No,No,1
CUST-03335,47,85.86,4054.1,One year,Fiber optic,Credit card,1,No,Yes,Yes,Yes,Yes,Yes,Yes,No,No,Yes,0
CUST-03336,39,26.03,1023.84,One year,No,Mailed check,0,Yes,No,Yes,Yes,No internet service,No internet service,No internet service,No internet service,No internet service,No,0
CUST-03337,16,79.58,1266.88,Month-to-month,DSL,Electronic check,0,No,Yes,Yes,No,Yes,No,Yes,Yes,Yes,Yes,0
CUST-03338,22,34.72,795.86,One year,DSL,Mailed check,0,Yes,No,Yes,Yes,No,No,Yes,Yes,Yes,Yes,1
CUST-03339,54,93.07,5056.91,Two year,Fiber optic,Bank transfer,0,Yes,No,Yes,No,Yes,No,No,No,Yes,No,0
CUST-03340,21,48.73,1041.99,Month-to-month,Fiber optic,Credit card,0,No,No,Yes,Yes,Yes,No,Yes,No,No,No,0
CUST-03341,72,65.27,4639.07,One year,DSL,Credit card,0,No,No,Yes,Yes,No,Yes,Yes,Yes,Yes,Yes,0
CUST-03342,16,79.14,1297.82,Month-to-month,Fiber optic,Mailed check,1,Yes,Yes,Yes,No,No,Yes,No,No,No,No,0
CUST-03343,59,35.47,2108.63,Month-to-month,Fiber optic,Credit card,0,No,No,Yes,No,No,Yes,Yes,No,Yes,No,0
CUST-03344,31,93.65,2943.28,Month-to-month,Fiber optic,Mailed check,1,No,No,Yes,Yes,Yes,No,No,No,Yes,No,1
CUST-03345,42,48.87,2077.29,Month-to-month,No,Bank transfer,1,No,No,Yes,Yes,No internet service,No internet service,No internet service,No internet service,No internet service,No,0
CUST-03346,32,85.56,2769.49,Month-to-month,Fiber optic,Bank transfer,0,Yes,Yes,Yes,No,No,No,Yes,No,No,Yes,1
CUST-03347,59,34.14,2031.83,Two year,DSL,Mailed check,0,Yes,No,Yes,No,No,Yes,No,No,No,No,0
CUST-03348,34,88.19,3025.43,One year,Fiber optic,Electronic check,0,No,Yes,No,No phone service,No,Yes,Yes,No,Yes,No,1
CUST-03349,9,31.08,319.6,Month-to-month,Fiber optic,Mailed check,0,No,No,Yes,No,Yes,Yes,No,Yes,Yes,Yes,1
CUST-03350,11,61.39,679.62,Month-to-month,DSL,Bank transfer,0,No,No,Yes,No,Yes,Yes,Yes,Yes,Yes,Yes,1
CUST-03351,10,43.22,400.76,Month-to-month,Fiber optic,Electronic check,0,No,No,Yes,No,No,Yes,Yes,Yes,No,No,1
CUST-03352,17,94.33,1597.46,Month-to-month,No,Electronic check,0,Yes,No,Yes,No,No internet service,No internet service,No internet service,No internet service,No internet service,No,1
CUST-03353,68,44.73,3049.44,Month-to-month,DSL,Electronic check,0,No,Yes,Yes,No,Yes,Yes,No,Yes,No,No,0
CUST-03354,48,107.94,5182.62,Month-to-month,DSL,Electronic check,0,Yes,No,Yes,Yes,No,No,No,No,Yes,Yes,0
CUST-03355,52,108.97,5641.51,Month-to-month,DSL,Bank transfer,1,Yes,No,Yes,No,Yes,Yes,No,No,Yes,Yes,0
CUST-03356,25,38.04,918.38,Month-to-month,Fiber optic,Electronic check,0,Yes,No,Yes,No,No,Yes,No,No,Yes,No,1
CUST-03357,21,80.61,1677.99,One year,No,Electronic check,0,No,No,Yes,Yes,No internet service,No internet service,No internet service,No internet service,No internet service,No,0
CUST-03358,65,26.95,1767.9,Two year,Fiber optic,Bank transfer,1,Yes,No,Yes,No,No,No,No,Yes,No,No,0
CUST-03359,63,57.94,3681.83,Month-to-month,DSL,Credit card,0,Yes,No,Yes,No,No,No,Yes,Yes,No,Yes,0
CUST-03360,51,90.76,4647.09,Month-to-month,Fiber optic,Electronic check,0,Yes,No,Yes,No,Yes,No,Yes,No,Yes,No,1
CUST-03361,36,85.26,3090.51,Month-to-month,Fiber optic,Electronic check,0,Yes,No,Yes,Yes,Yes,Yes,No,Yes,Yes,Yes,1
CUST-03362,66,81.72,5391.9,Two year,Fiber optic,Credit card,0,Yes,Yes,Yes,No,Yes,Yes,Yes,No,Yes,No,0
CUST-03363,15,46.82,667.46,Two year,DSL,Mailed check,0,No,No,Yes,Yes,No,No,No,No,Yes,Yes,0
CUST-03364,39,56.56,2196.74,One year,Fiber optic,Credit card,0,Yes,No,Yes,No,No,Yes,No,No,No,Yes,1
CUST-03365,70,28.5,1989.82,Two year,Fiber optic,Electronic check,1,Yes,No,Yes,Yes,Yes,Yes,Yes,Yes,No,No,0
CUST-03366,1,91.34,81.4,Month-to-month,DSL,Electronic check,0,No,No,Yes,Yes,No,No,Yes,No,Yes,Yes,1
CUST-03367,23,69.4,1597.29,Two year,Fiber optic,Electronic check,0,No,No,Yes,No,No,Yes,Yes,No,No,Yes,0
CUST-03368,39,90.29,3530.14,Month-to-month,No,Electronic check,0,No,Yes,Yes,Yes,No internet service,No internet service,No internet service,No internet service,No internet service,Yes,0
CUST-03369,57,43.39,2490.29,Month-to-month,DSL,Credit card,0,Yes,No,Yes,Yes,No,Yes,No,No,No,Yes,0
CUST-03370,34,51.09,1731.5,One year,No,Credit card,0,No,No,Yes,Yes,No internet service,No internet service,No internet service,No internet service,No internet service,Yes,0
CUST-03371,41,52.09,2097.61,Month-to-month,DSL,Credit card,0,Yes,Yes,Yes,Yes,No,Yes,Yes,Yes,No,Yes,1
CUST-03372,13,20.63,258.53,One year,Fiber optic,Credit card,1,No,Yes,Yes,Yes,No,Yes,No,No,No,Yes,0
CUST-03373,70,52.79,3696.17,Month-to-month,DSL,Credit card,0,Yes,No,Yes,No,No,Yes,No,No,No,Yes,0
CUST-03374,6,99.94,624.1,One year,DSL,Bank transfer,0,Yes,No,No,No phone service,No,No,No,No,Yes,Yes,1
CUST-03375,52,109.52,5683.68,Month-to-month,Fiber optic,Credit card,0,No,Yes,Yes,No,No,No,No,Yes,No,Yes,0
CUST-03376,3,70.86,222.83,Month-to-month,Fiber optic,Electronic check,0,Yes,No,Yes,Yes,No,Yes,No,No,Yes,Yes,0
CUST-03377,63,64.46,4066.78,Two year,Fiber optic,Mailed check,0,Yes,No,Yes,No,No,Yes,No,No,No,Yes,0
CUST-03378,49,21.14,1036.74,Two year,Fiber optic,Bank transfer,0,No,Yes,Yes,Yes,Yes,No,No,Yes,No,No,0
CUST-03379,47,107.68,5079.57,Two year,Fiber optic,Credit card,0,No,No,Yes,Yes,No,Yes,Yes,No,Yes,No,1
CUST-03380,55,19.33,1049.93,One year,No,Bank transfer,0,No,No,Yes,Yes,No internet service,No internet service,No internet service,No internet service,No internet service,No,0
CUST-03381,64,114.36,7307.54,One year,Fiber optic,Credit card,0,No,Yes,Yes,Yes,Yes,No,No,No,Yes,Yes,0
CUST-03382,65,67.9,4413.26,One year,DSL,Mailed check,0,No,Yes,Yes,Yes,No,Yes,No,Yes,No,Yes,0
CUST-03383,67,52.88,3530.16,Month-to-month,DSL,Bank transfer,0,No,No,Yes,Yes,No,Yes,Yes,Yes,No,Yes,0
CUST-03384,15,112.27,1694.21,Month-to-month,Fiber optic,Credit card,0,No,Yes,No,No phone service,No,No,Yes,No,No,No,0
CUST-03385,32,20.49,641.42,Month-to-month,Fiber optic,Electronic check,1,No,No,Yes,Yes,Yes,Yes,No,No,Yes,Yes,0
CUST-03386,68,77.31,5261.61,Two year,DSL,Credit card,0,No,No,Yes,No,Yes,Yes,Yes,No,Yes,No,0
CUST-03387,18,73.99,1329.82,Month-to-month,DSL,Mailed check,1,Yes,No,Yes,No,No,Yes,Yes,Yes,Yes,No,0
CUST-03388,43,40.37,1740.21,Two year,DSL,Bank transfer,0,No,No,Yes,Yes,No,No,No,Yes,No,No,0
CUST-03389,35,61.75,2152.06,Month-to-month,Fiber optic,Credit card,0,Yes,No,Yes,Yes,Yes,No,No,Yes,Yes,No,0
CUST-03390,58,84.53,4895.96,One year,DSL,Mailed check,0,No,Yes,Yes,Yes,No,Yes,No,No,No,No,0
CUST-03391,33,92.17,3043.53,Month-to-month,DSL,Mailed check,0,Yes,No,Yes,No,No,No,No,No,Yes,Yes,0
CUST-03392,14,18.07,257.02,Month-to-month,Fiber optic,Mailed check,0,No,No,Yes,Yes,No,Yes,No,No,Yes,No,1
CUST-03393,34,113.56,3860.96,Two year,Fiber optic,Electronic check,0,Yes,No,Yes,Yes,Yes,No,No,No,No,No,0
CUST-03394,61,34.78,2155.69,Month-to-month,DSL,Mailed check,0,No,No,Yes,No,Yes,Yes,No,Yes,Yes,No,1
CUST-03395,4,41.83,147.51,Month-to-month,Fiber optic,Electronic check,0,Yes,No,Yes,No,No,Yes,No,No,Yes,Yes,1
CUST-03396,59,44.87,2646.05,Month-to-month,DSL,Credit card,0,Yes,No,No,No phone service,No,No,Yes,Yes,No,Yes,1
CUST-03397,29,21.86,602.47,Month-to-month,No,Electronic check,0,No,No,Yes,Yes,No internet service,No internet service,No internet service,No internet service,No internet service,No,0
CUST-03398,6,30.55,190.74,Month-to-month,DSL,Mailed check,0,Yes,No,Yes,No,No,Yes,No,No,No,Yes,0
CUST-03399,49,118.61,5789.59,One year,No,Credit card,1,Yes,No,Yes,Yes,No internet service,No internet service,No internet service,No internet service,No internet service,Yes,0
CUST-03400,40,50.15,2000.43,Month-to-month,No,Credit card,1,No,Yes,Yes,No,No internet service,No internet service,No internet service,No internet service,No internet service,Yes,1
CUST-03401,65,29.76,1926.96,One year,Fiber optic,Bank transfer,0,No,No,Yes,Yes,Yes,No,No,No,Yes,Yes,0
CUST-03402,69,28.91,2000.41,Month-to-month,DSL,Bank transfer,0,Yes,No,Yes,No,No,Yes,Yes,Yes,No,Yes,0
CUST-03403,27,91.38,2456.2,Two year,Fiber optic,Electronic check,0,Yes,Yes,Yes,Yes,No,No,No,Yes,No,Yes,1
CUST-03404,6,105.17,619.11,One year,DSL,Mailed check,0,No,No,Yes,No,No,Yes,Yes,Yes,No,Yes,0
CUST-03405,13,44.21,603.45,Month-to-month,No,Electronic check,0,Yes,No,Yes,Yes,No internet service,No internet service,No internet service,No internet service,No internet service,Yes,0
CUST-03406,64,20.13,1294.01,Month-to-month,Fiber optic,Bank transfer,0,Yes,Yes,Yes,No,Yes,Yes,No,Yes,No,Yes,1
CUST-03407,62,40.76,2515.9,Month-to-month,No,Electronic check,0,No,No,Yes,No,No internet service,No internet service,No internet service,No internet service,No internet service,No,0
CUST-03408,19,23.76,446.42,One year,Fiber optic,Bank transfer,0,Yes,No,Yes,Yes,No,Yes,No,No,No,Yes,1
CUST-03409,43,28.55,1260.56,One year,Fiber optic,Mailed check,0,No,No,Yes,No,No,Yes,Yes,Yes,Yes,Yes,0
CUST-03410,20,62.01,1235.5,Two year,Fiber optic,Mailed check,0,No,No,Yes,Yes,No,No,Yes,Yes,No,Yes,0
CUST-03411,68,41.45,2804.81,Month-to-month,Fiber optic,Mailed check,0,No,No,Yes,No,Yes,No,Yes,Yes,Yes,Yes,1
CUST-03412,44,70.63,3094.02,Month-to-month,Fiber optic,Credit card,0,No,Yes,Yes,No,No,Yes,Yes,No,No,Yes,0
CUST-03413,23,43.86,997.8,Month-to-month,Fiber optic,Electronic check,0,No,No,Yes,Yes,No,No,Yes,No,Yes,No,0
CUST-03414,2,113.93,215.97,Month-to-month,No,Mailed check,0,No,No,No,No phone service,No internet service,No internet service,No internet service,No internet service,No internet service,Yes,1
CUST-03415,22,110.41,2403.43,Month-to-month,Fiber optic,Electronic check,0,No,No,Yes,Yes,Yes,Yes,No,Yes,No,Yes,1
CUST-03416,57,75.81,4298.69,Month-to-month,No,Electronic check,0,Yes,No,Yes,Yes,No internet service,No internet service,No internet service,No internet service,No internet service,No,0
CUST-03417,72,54.15,3882.21,One year,No,Bank transfer,0,Yes,Yes,Yes,Yes,No internet service,No internet service,No internet service,No internet service,No internet service,No,0
CUST-03418,7,56.88,409.99,Month-to-month,Fiber optic,Electronic check,0,No,No,Yes,Yes,Yes,Yes,Yes,Yes,Yes,No,1
CUST-03419,56,60.01,3352.94,Two year,DSL,Electronic check,0,Yes,No,Yes,No,Yes,Yes,No,No,Yes,Yes,0
CUST-03420,67,92.21,6173.93,Month-to-month,Fiber optic,Credit card,0,Yes,Yes,Yes,Yes,Yes,Yes,No,Yes,Yes,No,1
CUST-03421,16,64.07,1050.52,Two year,Fiber optic,Mailed check,0,No,No,Yes,No,No,No,Yes,No,Yes,No,0
CUST-03422,51,105.39,5400.79,Two year,DSL,Electronic check,0,No,Yes,Yes,No,Yes,No,Yes,Yes,No,No,0
CUST-03423,72,114.3,8223.96,Two year,Fiber optic,Electronic check,0,Yes,Yes,Yes,No,Yes,No,No,No,No,Yes,0
CUST-03424,12,52.27,614.62,One year,No,Electronic check,1,Yes,Yes,Yes,No,No internet service,No internet service,No internet service,No internet service,No internet service,Yes,0
CUST-03425,53,75.19,3967.78,Two year,DSL,Mailed check,0,Yes,No,Yes,Yes,Yes,Yes,No,No,Yes,Yes,0
CUST-03426,5,27.7,152.36,One year,Fiber optic,Bank transfer,1,No,No,Yes,Yes,No,Yes,Yes,Yes,No,Yes,0
CUST-03427,27,38.45,1034.06,Month-to-month,No,Bank transfer,0,No,Yes,Yes,Yes,No internet service,No internet service,No internet service,No internet service,No internet service,Yes,0
CUST-03428,12,60.17,714.31,One year,Fiber optic,Electronic check,0,Yes,No,Yes,Yes,No,Yes,Yes,No,No,Yes,0
CUST-03429,17,39.03,647.24,One year,Fiber optic,Bank transfer,0,No,Yes,Yes,No,Yes,Yes,No,Yes,No,Yes,0
CUST-03430,6,107.41,629.07,Two year,Fiber optic,Mailed check,1,Yes,No,Yes,No,No,Yes,Yes,Yes,No,Yes,1
CUST-03431,5,34.15,177.15,Month-to-month,Fiber optic,Mailed check,0,No,Yes,Yes,Yes,Yes,Yes,No,No,Yes,Yes,0
CUST-03432,57,64.48,3649.05,Month-to-month,DSL,Credit card,0,Yes,No,Yes,No,No,Yes,No,Yes,No,Yes,0
CUST-03433,28,79.78,2253.74,One year,No,Electronic check,0,No,No,No,No phone service,No internet service,No internet service,No internet service,No internet service,No internet service,No,0
CUST-03434,69,88.57,6100.65,Two year,Fiber optic,Electronic check,1,Yes,No,Yes,No,Yes,No,Yes,No,Yes,No,0
CUST-03435,59,57.07,3364.14,Month-to-month,Fiber optic,Credit card,0,Yes,Yes,Yes,Yes,No,No,No,Yes,Yes,Yes,0
CUST-03436,33,106.65,3492.71,Month-to-month,Fiber optic,Electronic check,1,Yes,No,Yes,No,No,No,Yes,No,No,Yes,1
CUST-03437,62,75.97,4709.89,Month-to-month,DSL,Electronic check,0,Yes,No,Yes,Yes,Yes,Yes,Yes,Yes,No,Yes,1
CUST-03438,50,62.83,3134.93,Month-to-month,No,Bank transfer,0,No,No,Yes,Yes,No internet service,No internet service,No internet service,No internet service,No internet service,No,1
CUST-03439,19,24.86,471.34,Month-to-month,No,Bank transfer,0,No,No,Yes,No,No internet service,No internet service,No internet service,No internet service,No internet service,Yes,0
CUST-03440,69,65.4,4542.03,Month-to-month,DSL,Credit card,0,No,No,Yes,No,No,No,No,Yes,No,No,0
CUST-03441,66,101.72,6717.07,Two year,No,Electronic check,1,Yes,Yes,Yes,No,No internet service,No internet service,No internet service,No internet service,No internet service,No,0
CUST-03442,47,80.68,3776.07,Month-to-month,Fiber optic,Mailed check,0,Yes,No,Yes,No,Yes,No,No,No,No,No,1
CUST-03443,39,102.88,3998.09,Month-to-month,Fiber optic,Electronic check,1,Yes,No,Yes,No,No,No,No,Yes,No,Yes,0
CUST-03444,68,68.39,4662.42,One year,Fiber optic,Mailed check,0,Yes,No,Yes,Yes,Yes,No,No,Yes,No,No,0
CUST-03445,33,30.08,1018.61,Two year,DSL,Electronic check,0,Yes,Yes,Yes,No,Yes,No,Yes,No,Yes,Yes,0
CUST-03446,13,19.39,257.71,Two year,Fiber optic,Bank transfer,0,No,Yes,Yes,Yes,No,No,Yes,No,Yes,Yes,0
CUST-03447,54,48.93,2655.99,Month-to-month,DSL,Electronic check,0,Yes,No,Yes,No,No,Yes,Yes,No,Yes,No,1
CUST-03448,7,89.2,636.59,Two year,Fiber optic,Electronic check,0,No,No,Yes,Yes,Yes,Yes,No,No,Yes,Yes,1
CUST-03449,14,98.61,1408.92,Month-to-month,Fiber optic,Mailed check,0,No,No,Yes,No,Yes,Yes,No,No,Yes,Yes,0
CUST-03450,19,48.17,876.24,One year,No,Credit card,0,Yes,Yes,Yes,No,No internet service,No internet service,No internet service,No internet service,No internet service,Yes,0
CUST-03451,54,68.56,3715.58,One year,Fiber optic,Credit card,1,No,Yes,Yes,Yes,No,Yes,No,Yes,Yes,Yes,1
CUST-03452,20,60.95,1238.67,Month-to-month,DSL,Credit card,1,Yes,No,Yes,No,No,No,Yes,Yes,No,No,1
CUST-03453,29,59.87,1709.46,Month-to-month,No,Mailed check,0,Yes,No,Yes,No,No internet service,No internet service,No internet service,No internet service,No internet service,No,1
CUST-03454,24,41.6,980.69,Month-to-month,Fiber optic,Electronic check,0,Yes,No,Yes,Yes,Yes,Yes,No,Yes,No,No,0
CUST-03455,63,31.91,1993.31,Two year,Fiber optic,Electronic check,0,No,No,Yes,Yes,No,No,Yes,Yes,No,No,0
CUST-03456,57,38.06,2154.84,Month-to-month,DSL,Bank transfer,0,Yes,No,No,No phone service,No,Yes,Yes,Yes,Yes,Yes,0
CUST-03457,8,23.64,179.49,One year,No,Electronic check,0,No,No,Yes,Yes,No internet service,No internet service,No internet service,No internet service,No internet service,Yes,0
CUST-03458,62,38.21,2373.87,Month-to-month,No,Electronic check,0,Yes,Yes,Yes,Yes,No internet service,No internet service,No internet service,No internet service,No internet service,Yes,0
CUST-03459,29,18.94,566.57,Month-to-month,Fiber optic,Electronic check,0,Yes,No,Yes,Yes,No,No,No,No,Yes,Yes,1
CUST-03460,17,81.98,1415.29,Two year,No,Mailed check,0,Yes,No,Yes,Yes,No internet service,No internet service,No internet service,No internet service,No internet service,No,0
CUST-03461,66,50.27,3301.06,One year,DSL,Electronic check,0,No,No,Yes,Yes,Yes,No,Yes,No,No,Yes,0
CUST-03462,6,117.26,686.67,Two year,No,Electronic check,0,No,Yes,Yes,No,No internet service,No internet service,No internet service,No internet service,No internet service,Yes,1
CUST-03463,58,37.76,2216.4,Month-to-month,Fiber optic,Mailed check,0,No,No,Yes,Yes,No,Yes,No,Yes,Yes,No,1
CUST-03464,69,53.27,3688.56,Month-to-month,DSL,Mailed check,0,Yes,No,Yes,No,No,No,Yes,Yes,No,No,0
CUST-03465,28,54.5,1527.66,Month-to-month,Fiber optic,Mailed check,0,Yes,No,Yes,No,Yes,No,No,No,No,Yes,1
CUST-03466,62,18.86,1178.79,Month-to-month,Fiber optic,Bank transfer,0,No,No,Yes,Yes,No,No,No,Yes,Yes,Yes,1
CUST-03467,41,103.6,4247.0,Month-to-month,DSL,Electronic check,0,Yes,No,Yes,No,Yes,Yes,Yes,No,Yes,No,0
CUST-03468,69,21.26,1477.43,One year,DSL,Credit card,0,Yes,No,Yes,No,Yes,Yes,Yes,No,Yes,Yes,0
CUST-03469,41,113.9,4663.18,Month-to-month,DSL,Electronic check,0,Yes,No,No,No phone service,No,No,Yes,Yes,No,No,0
CUST-03470,49,108.99,5345.89,Month-to-month,Fiber optic,Mailed check,0,No,Yes,Yes,No,Yes,No,No,Yes,No,Yes,1
CUST-03471,49,72.62,3528.17,Month-to-month,DSL,Bank transfer,0,No,No,Yes,No,No,No,No,No,Yes,Yes,1
CUST-03472,71,73.45,5201.19,One year,DSL,Credit card,0,Yes,No,Yes,No,No,Yes,No,No,No,No,0
CUST-03473,3,84.69,240.53,One year,Fiber optic,Bank transfer,0,No,No,Yes,Yes,No,No,No,Yes,Yes,Yes,1
CUST-03474,10,57.48,567.31,Month-to-month,No,Electronic check,0,No,No,Yes,No,No internet service,No internet service,No internet service,No internet service,No internet service,No,0
CUST-03475,35,84.02,2922.17,Month-to-month,Fiber optic,Mailed check,0,Yes,No,Yes,No,No,Yes,Yes,Yes,No,No,0
CUST-03476,2,22.57,34.47,Month-to-month,DSL,Mailed check,0,Yes,Yes,Yes,No,Yes,No,No,No,No,No,1
CUST-03477,24,23.51,533.95,Two year,No,Mailed check,0,No,No,Yes,Yes,No internet service,No internet service,No internet service,No internet service,No internet service,No,0
CUST-03478,38,64.64,2467.29,Two year,Fiber optic,Electronic check,0,No,Yes,Yes,No,No,No,Yes,No,No,Yes,0
CUST-03479,22,74.06,1627.67,One year,Fiber optic,Mailed check,0,Yes,Yes,Yes,Yes,Yes,Yes,Yes,Yes,No,Yes,0
CUST-03480,26,108.56,2788.46,Month-to-month,Fiber optic,Electronic check,0,No,No,Yes,Yes,Yes,Yes,No,No,No,Yes,1
CUST-03481,43,28.68,1216.54,Month-to-month,Fiber optic,Bank transfer,0,No,No,Yes,No,Yes,Yes,No,Yes,No,No,0
CUST-03482,55,101.91,5611.78,One year,DSL,Bank transfer,0,No,No,Yes,No,Yes,Yes,Yes,No,No,Yes,0
CUST-03483,39,39.42,1526.52,Two year,Fiber optic,Electronic check,1,Yes,No,No,No phone service,No,Yes,Yes,Yes,No,No,0
CUST-03484,29,58.2,1673.86,Two year,Fiber optic,Credit card,0,Yes,Yes,Yes,Yes,Yes,No,Yes,No,Yes,Yes,0
CUST-03485,20,50.29,1004.31,Two year,Fiber optic,Bank transfer,0,No,No,Yes,No,No,No,No,No,No,Yes,0
CUST-03486,41,58.82,2418.49,Month-to-month,Fiber optic,Electronic check,0,No,Yes,Yes,Yes,No,No,No,Yes,Yes,Yes,0
CUST-03487,54,33.35,1772.17,Two year,Fiber optic,Electronic check,0,Yes,Yes,Yes,Yes,No,Yes,Yes,No,Yes,No,0
CUST-03488,20,69.36,1398.2,One year,Fiber optic,Bank transfer,1,No,Yes,Yes,Yes,Yes,No,No,No,No,Yes,1
CUST-03489,19,99.77,1879.62,Two year,Fiber optic,Mailed check,0,No,Yes,Yes,No,Yes,No,Yes,No,Yes,Yes,0
CUST-03490,66,63.04,4160.28,Month-to-month,No,Credit card,0,No,No,Yes,No,No internet service,No internet service,No internet service,No internet service,No internet service,Yes,0
CUST-03491,30,68.04,2040.49,Month-to-month,Fiber optic,Electronic check,0,Yes,Yes,Yes,No,Yes,No,No,Yes,No,No,1
CUST-03492,53,104.57,5531.67,Month-to-month,No,Electronic check,0,No,No,Yes,No,No internet service,No internet service,No internet service,No internet service,No internet service,Yes,0
CUST-03493,34,90.02,3040.21,Month-to-month,No,Credit card,0,Yes,No,Yes,No,No internet service,No internet service,No internet service,No internet service,No internet service,Yes,1
CUST-03494,22,68.03,1490.95,Month-to-month,Fiber optic,Credit card,0,Yes,No,Yes,Yes,No,No,No,Yes,No,Yes,0
CUST-03495,67,44.28,2999.27,Two year,Fiber optic,Electronic check,0,Yes,No,No,No phone service,Yes,Yes,Yes,Yes,Yes,No,1
CUST-03496,6,108.26,622.33,Month-to-month,DSL,Bank transfer,0,Yes,No,Yes,Yes,Yes,Yes,No,Yes,Yes,Yes,1
CUST-03497,27,76.86,2109.07,Month-to-month,No,Electronic check,0,Yes,No,Yes,No,No internet service,No internet service,No internet service,No internet service,No internet service,No,1
CUST-03498,10,40.56,400.41,Month-to-month,DSL,Bank transfer,0,Yes,No,Yes,Yes,No,Yes,Yes,Yes,No,Yes,0
CUST-03499,48,45.45,2182.31,Month-to-month,Fiber optic,Credit card,0,No,No,Yes,Yes,No,Yes,Yes,No,Yes,No,1
CUST-03500,70,99.92,6972.67,Two year,DSL,Electronic check,0,No,Yes,Yes,No,No,No,Yes,Yes,No,No,0
CUST-03501,59,22.5,1312.07,Month-to-month,Fiber optic,Electronic check,0,No,No,Yes,No,Yes,Yes,Yes,Yes,No,Yes,0
CUST-03502,59,119.19,7022.15,Month-to-month,Fiber optic,Electronic check,0,No,No,Yes,Yes,Yes,No,Yes,Yes,No,Yes,1
CUST-03503,2,31.3,41.69,Two year,No,Electronic check,0,No,Yes,Yes,No,No internet service,No internet service,No internet service,No internet service,No internet service,No,0
CUST-03504,29,99.2,2872.62,Two year,Fiber optic,Electronic check,0,Yes,No,Yes,Yes,No,No,Yes,No,Yes,Yes,1
CUST-03505,68,58.27,3954.22,Month-to-month,No,Credit card,0,No,No,Yes,Yes,No internet service,No internet service,No internet service,No internet service,No internet service,Yes,0
CUST-03506,65,68.21,4470.67,One year,Fiber optic,Electronic check,0,Yes,No,Yes,Yes,No,Yes,No,No,No,Yes,0
CUST-03507,26,107.83,2780.26,One year,DSL,Mailed check,1,Yes,Yes,Yes,No,No,Yes,Yes,Yes,No,Yes,1
CUST-03508,10,60.12,603.25,One year,DSL,Bank transfer,0,Yes,No,Yes,Yes,Yes,Yes,Yes,Yes,No,No,0
CUST-03509,53,72.82,3864.42,Month-to-month,Fiber optic,Mailed check,0,No,No,Yes,Yes,Yes,Yes,No,Yes,Yes,Yes,1
CUST-03510,59,23.03,1337.36,Two year,DSL,Mailed check,0,Yes,No,Yes,No,Yes,Yes,Yes,Yes,Yes,Yes,0
CUST-03511,22,18.24,415.02,Month-to-month,Fiber optic,Electronic check,1,No,No,Yes,Yes,Yes,No,Yes,Yes,Yes,Yes,0
CUST-03512,51,42.97,2183.5,Month-to-month,DSL,Mailed check,0,No,No,Yes,Yes,No,Yes,Yes,No,Yes,No,1
CUST-03513,48,87.42,4146.31,Month-to-month,Fiber optic,Electronic check,0,Yes,Yes,Yes,Yes,Yes,Yes,No,Yes,Yes,Yes,1
CUST-03514,21,30.37,650.97,Month-to-month,Fiber optic,Bank transfer,0,Yes,No,Yes,No,No,No,Yes,No,No,No,0
CUST-03515,22,29.6,628.86,Two year,Fiber optic,Electronic check,0,No,No,Yes,No,No,Yes,Yes,Yes,Yes,Yes,0
CUST-03516,30,59.92,1776.64,One year,DSL,Bank transfer,0,Yes,No,Yes,No,No,No,No,Yes,Yes,No,0
CUST-03517,25,84.08,2115.76,Month-to-month,DSL,Bank transfer,0,No,Yes,Yes,Yes,Yes,Yes,Yes,No,Yes,Yes,1
CUST-03518,28,90.63,2530.7,Month-to-month,Fiber optic,Bank transfer,0,No,No,Yes,No,Yes,Yes,No,Yes,Yes,Yes,0
CUST-03519,65,36.2,2371.36,Month-to-month,DSL,Electronic check,0,Yes,No,Yes,No,No,Yes,Yes,Yes,Yes,No,0
CUST-03520,45,26.12,1199.6,Two year,Fiber optic,Electronic check,0,Yes,No,Yes,No,Yes,No,Yes,Yes,Yes,Yes,0
CUST-03521,68,113.92,7733.66,One year,Fiber optic,Credit card,0,No,Yes,Yes,No,Yes,No,Yes,No,No,No,0
CUST-03522,7,44.59,328.0,One year,DSL,Electronic check,0,No,No,Yes,Yes,No,Yes,Yes,No,No,No,1
CUST-03523,49,105.04,5131.85,One year,Fiber optic,Electronic check,1,Yes,No,Yes,No,Yes,Yes,Yes,No,Yes,Yes,1
CUST-03524,9,106.08,999.38,One year,Fiber optic,Bank transfer,0,Yes,No,Yes,Yes,Yes,Yes,No,Yes,No,No,0
CUST-03525,36,96.8,3470.94,One year,DSL,Credit card,0,No,No,No,No phone service,Yes,Yes,No,Yes,No,Yes,1
CUST-03526,1,35.22,55.74,Month-to-month,Fiber optic,Mailed check,0,Yes,No,Yes,No,No,No,No,Yes,Yes,Yes,1
CUST-03527,10,101.82,1035.08,Two year,DSL,Bank transfer,0,No,No,Yes,No,Yes,Yes,Yes,Yes,Yes,Yes,1
CUST-03528,36,96.46,3478.88,One year,Fiber optic,Mailed check,0,No,Yes,Yes,No,Yes,Yes,Yes,Yes,Yes,No,0
CUST-03529,46,78.87,3614.61,One year,No,Electronic check,0,No,Yes,Yes,Yes,No internet service,No internet service,No internet service,No internet service,No internet service,Yes,0
CUST-03530,32,52.39,1673.45,Two year,DSL,Bank transfer,0,Yes,No,Yes,Yes,Yes,No,No,Yes,Yes,No,0
CUST-03531,32,44.78,1389.89,Two year,Fiber optic,Credit card,0,No,No,Yes,Yes,No,No,Yes,No,No,Yes,0
CUST-03532,6,30.43,187.07,Two year,Fiber optic,Credit card,0,Yes,No,Yes,No,No,No,Yes,No,Yes,No,0
CUST-03533,48,70.0,3366.99,Two year,DSL,Electronic check,0,Yes,No,Yes,No,Yes,Yes,No,Yes,No,No,0
CUST-03534,38,77.7,2955.27,Month-to-month,Fiber optic,Bank transfer,1,No,Yes,Yes,Yes,No,Yes,No,Yes,Yes,Yes,0
CUST-03535,17,54.65,869.58,Month-to-month,Fiber optic,Mailed check,0,No,No,Yes,Yes,Yes,No,Yes,Yes,No,No,1
CUST-03536,27,66.49,1769.92,One year,Fiber optic,Electronic check,0,No,No,Yes,No,No,Yes,Yes,No,Yes,Yes,1
CUST-03537,54,55.08,2959.36,Month-to-month,Fiber optic,Bank transfer,0,No,No,Yes,No,Yes,No,Yes,No,Yes,Yes,1
CUST-03538,50,83.38,4174.83,Two year,No,Electronic check,0,Yes,No,Yes,Yes,No internet service,No internet service,No internet service,No internet service,No internet service,No,0
CUST-03539,35,109.93,3853.34,One year,No,Mailed check,1,Yes,No,Yes,Yes,No internet service,No internet service,No internet service,No internet service,No internet service,No,1
CUST-03540,25,34.72,864.6,One year,Fiber optic,Electronic check,0,Yes,Yes,Yes,Yes,Yes,Yes,No,No,Yes,Yes,1
CUST-03541,28,56.9,1605.9,Two year,No,Mailed check,0,Yes,Yes,Yes,No,No internet service,No internet service,No internet service,No internet service,No internet service,Yes,0
CUST-03542,15,32.37,465.03,Month-to-month,DSL,Mailed check,1,No,No,Yes,No,No,Yes,Yes,No,No,Yes,1
CUST-03543,4,81.74,339.16,One year,Fiber optic,Mailed check,0,No,No,Yes,Yes,No,Yes,No,Yes,No,No,1
CUST-03544,27,92.34,2502.67,One year,DSL,Mailed check,0,No,No,Yes,No,Yes,Yes,No,No,No,No,1
CUST-03545,26,113.06,2947.11,Month-to-month,DSL,Electronic check,0,No,No,Yes,Yes,Yes,No,Yes,Yes,Yes,Yes,1
CUST-03546,19,46.44,878.72,Month-to-month,Fiber optic,Bank transfer,0,Yes,Yes,Yes,Yes,Yes,Yes,No,No,No,Yes,0
CUST-03547,17,114.92,1990.25,Two year,Fiber optic,Credit card,0,Yes,No,Yes,Yes,No,Yes,No,No,Yes,No,1
CUST-03548,43,24.45,1061.21,One year,Fiber optic,Electronic check,0,Yes,No,Yes,Yes,Yes,No,No,No,No,Yes,0
CUST-03549,41,79.51,3240.54,Two year,Fiber optic,Mailed check,0,Yes,No,Yes,Yes,No,Yes,No,No,Yes,Yes,0
CUST-03550,42,23.83,1005.83,Month-to-month,Fiber optic,Bank transfer,0,Yes,No,Yes,Yes,No,No,No,No,No,Yes,0
CUST-03551,50,109.16,5473.05,Month-to-month,Fiber optic,Mailed check,0,Yes,No,Yes,Yes,Yes,No,Yes,Yes,No,No,0
CUST-03552,40,72.04,2869.84,Month-to-month,DSL,Mailed check,0,No,No,Yes,No,Yes,Yes,Yes,No,No,Yes,0
CUST-03553,39,86.27,3386.32,Month-to-month,Fiber optic,Bank transfer,0,Yes,Yes,No,No phone service,Yes,Yes,Yes,Yes,Yes,No,1
CUST-03554,23,102.82,2372.5,Two year,DSL,Electronic check,0,No,Yes,Yes,No,No,Yes,No,Yes,Yes,No,0
CUST-03555,52,33.33,1686.31,Month-to-month,Fiber optic,Mailed check,0,Yes,Yes,Yes,Yes,Yes,Yes,Yes,Yes,Yes,Yes,1
CUST-03556,47,21.94,1037.17,Two year,DSL,Mailed check,0,Yes,No,Yes,Yes,Yes,No,Yes,Yes,No,No,0
CUST-03557,63,107.65,6773.83,Two year,DSL,Electronic check,0,Yes,Yes,Yes,Yes,No,No,No,No,Yes,No,1
CUST-03558,69,50.12,3469.02,Two year,Fiber optic,Mailed check,0,Yes,No,No,No phone service,No,No,Yes,No,Yes,Yes,0
CUST-03559,43,31.16,1358.76,Month-to-month,Fiber optic,Bank transfer,0,No,No,Yes,Yes,Yes,No,No,No,Yes,No,1
CUST-03560,48,65.78,3161.34,Two year,Fiber optic,Bank transfer,0,No,No,Yes,Yes,Yes,Yes,Yes,No,No,Yes,0
CUST-03561,34,79.03,2720.33,Month-to-month,DSL,Electronic check,0,No,No,Yes,No,No,No,No,Yes,Yes,Yes,1
CUST-03562,40,21.16,842.83,Month-to-month,Fiber optic,Credit card,0,No,Yes,Yes,Yes,No,No,Yes,No,Yes,No,0
CUST-03563,61,46.04,2820.94,Month-to-month,Fiber optic,Bank transfer,0,No,No,Yes,Yes,Yes,Yes,Yes,Yes,No,Yes,0
CUST-03564,50,21.35,1083.6,Two year,No,Mailed check,0,No,No,Yes,No,No internet service,No internet service,No internet service,No internet service,No internet service,No,0
CUST-03565,67,60.87,4076.34,Month-to-month,Fiber optic,Electronic check,1,No,Yes,No,No phone service,No,No,Yes,Yes,No,Yes,1
CUST-03566,62,109.3,6792.18,Month-to-month,DSL,Bank transfer,0,Yes,Yes,No,No phone service,Yes,No,No,Yes,No,No,0
CUST-03567,58,118.23,6845.45,Month-to-month,Fiber optic,Credit card,1,No,Yes,Yes,Yes,Yes,No,Yes,Yes,Yes,Yes,1
CUST-03568,33,82.98,2729.89,Month-to-month,DSL,Mailed check,0,No,No,Yes,Yes,No,No,Yes,No,Yes,Yes,0
CUST-03569,16,34.49,525.59,Month-to-month,DSL,Bank transfer,1,No,Yes,Yes,No,Yes,Yes,Yes,Yes,Yes,No,0
CUST-03570,48,110.4,5304.03,Two year,DSL,Mailed check,0,No,No,No,No phone service,No,Yes,No,Yes,No,Yes,1
CUST-03571,10,70.66,713.11,One year,Fiber optic,Mailed check,0,Yes,No,Yes,Yes,No,No,Yes,No,No,No,1
CUST-03572,38,33.68,1303.43,Two year,Fiber optic,Electronic check,0,No,Yes,Yes,No,No,No,Yes,Yes,Yes,No,0
CUST-03573,19,112.02,2144.2,One year,Fiber optic,Bank transfer,0,No,No,Yes,Yes,No,Yes,Yes,No,Yes,Yes,0
CUST-03574,36,95.26,3423.66,Two year,Fiber optic,Mailed check,0,No,Yes,Yes,No,No,Yes,Yes,No,Yes,No,1
CUST-03575,59,92.63,5441.61,Month-to-month,DSL,Electronic check,0,No,Yes,Yes,Yes,Yes,Yes,Yes,Yes,No,Yes,1
CUST-03576,63,90.34,5700.08,One year,Fiber optic,Mailed check,1,Yes,Yes,Yes,Yes,Yes,Yes,No,Yes,No,No,0
CUST-03577,46,38.43,1790.0,One year,Fiber optic,Credit card,0,Yes,No,Yes,No,No,No,No,Yes,Yes,No,0
CUST-03578,3,39.52,133.66,Month-to-month,Fiber optic,Bank transfer,1,No,No,No,No phone service,No,No,Yes,No,No,Yes,1
CUST-03579,65,88.21,5755.34,Two year,No,Electronic check,0,Yes,Yes,Yes,No,No internet service,No internet service,No internet service,No internet service,No internet service,Yes,0
CUST-03580,8,40.41,319.04,One year,DSL,Credit card,0,No,Yes,Yes,Yes,Yes,No,No,Yes,No,No,0
CUST-03581,51,62.74,3190.41,Two year,Fiber optic,Electronic check,0,No,No,Yes,No,Yes,Yes,No,Yes,No,No,0
CUST-03582,6,97.76,571.82,One year,Fiber optic,Electronic check,0,Yes,No,Yes,No,Yes,No,Yes,No,Yes,Yes,1
CUST-03583,39,97.96,3819.32,Month-to-month,Fiber optic,Electronic check,0,Yes,Yes,Yes,No,No,Yes,Yes,No,No,Yes,1
CUST-03584,60,64.23,3852.23,One year,Fiber optic,Electronic check,0,No,No,Yes,No,No,No,No,Yes,Yes,Yes,0
CUST-03585,28,98.8,2770.53,Month-to-month,No,Electronic check,0,Yes,No,Yes,No,No internet service,No internet service,No internet service,No internet service,No internet service,No,1
CUST-03586,54,103.54,5588.57,One year,DSL,Bank transfer,0,Yes,Yes,No,No phone service,No,No,No,Yes,No,Yes,0
CUST-03587,37,84.79,3134.56,One year,Fiber optic,Bank transfer,0,No,Yes,Yes,No,No,No,No,Yes,No,No,0
CUST-03588,9,41.3,356.17,Two year,Fiber optic,Bank transfer,0,No,Yes,No,No phone service,Yes,No,No,Yes,Yes,Yes,0
CUST-03589,56,45.95,2592.03,Month-to-month,DSL,Bank transfer,0,No,No,Yes,Yes,No,Yes,No,No,No,No,1
CUST-03590,59,50.11,2958.02,Month-to-month,DSL,Bank transfer,0,No,Yes,Yes,No,No,No,Yes,No,Yes,Yes,0
CUST-03591,2,29.91,56.33,Month-to-month,No,Electronic check,0,Yes,No,Yes,Yes,No internet service,No internet service,No internet service,No internet service,No internet service,No,1
CUST-03592,61,45.86,2782.51,Month-to-month,DSL,Bank transfer,0,No,No,Yes,Yes,Yes,No,No,No,Yes,Yes,0
CUST-03593,58,39.37,2256.82,Two year,DSL,Bank transfer,0,No,No,Yes,Yes,Yes,Yes,No,No,Yes,Yes,0
CUST-03594,60,64.44,3892.56,Two year,No,Credit card,0,No,Yes,Yes,No,No internet service,No internet service,No internet service,No internet service,No internet service,Yes,0
CUST-03595,40,110.66,4437.49,One year,Fiber optic,Electronic check,0,Yes,No,Yes,Yes,Yes,No,Yes,No,Yes,Yes,1
CUST-03596,36,28.66,999.28,Two year,DSL,Electronic check,1,Yes,No,Yes,Yes,Yes,Yes,Yes,Yes,Yes,No,0
CUST-03597,37,91.47,3399.65,Month-to-month,Fiber optic,Bank transfer,0,No,No,Yes,Yes,No,No,Yes,No,Yes,No,1
CUST-03598,18,88.1,1604.25,Month-to-month,Fiber optic,Bank transfer,0,Yes,No,Yes,No,Yes,Yes,No,Yes,Yes,No,0
CUST-03599,63,27.77,1752.0,Month-to-month,No,Electronic check,0,Yes,No,Yes,No,No internet service,No internet service,No internet service,No internet service,No internet service,No,0
CUST-03600,22,112.1,2498.16,Two year,Fiber optic,Bank transfer,0,No,No,Yes,No,No,Yes,No,Yes,Yes,Yes,0
CUST-03601,11,75.98,840.11,One year,No,Electronic check,0,Yes,No,Yes,No,No internet service,No internet service,No internet service,No internet service,No internet service,No,1
CUST-03602,58,55.1,3167.46,One year,DSL,Credit card,0,Yes,Yes,Yes,No,Yes,No,No,Yes,Yes,Yes,0
CUST-03603,57,95.17,5431.99,Month-to-month,Fiber optic,Electronic check,0,Yes,No,Yes,No,Yes,No,Yes,No,No,No,1
CUST-03604,4,44.25,181.9,Month-to-month,DSL,Electronic check,0,No,No,Yes,No,No,No,Yes,No,Yes,Yes,1
CUST-03605,7,88.74,609.11,Two year,DSL,Electronic check,0,No,No,Yes,No,No,No,Yes,No,Yes,Yes,0
CUST-03606,61,22.05,1356.52,Month-to-month,Fiber optic,Mailed check,0,No,No,Yes,No,No,Yes,Yes,Yes,No,Yes,0
CUST-03607,54,103.62,5562.13,One year,DSL,Electronic check,1,No,No,Yes,No,Yes,Yes,Yes,No,Yes,No,1
CUST-03608,68,63.71,4352.09,Month-to-month,Fiber optic,Bank transfer,1,No,Yes,Yes,Yes,Yes,Yes,Yes,No,Yes,No,0
CUST-03609,1,82.94,65.38,Month-to-month,No,Credit card,0,No,No,Yes,No,No internet service,No internet service,No internet service,No internet service,No internet service,Yes,1
CUST-03610,55,40.57,2211.65,One year,Fiber optic,Electronic check,0,Yes,Yes,Yes,Yes,No,No,Yes,Yes,Yes,No,0
CUST-03611,3,87.06,258.9,Month-to-month,DSL,Bank transfer,0,Yes,No,Yes,Yes,Yes,No,No,Yes,Yes,No,1
CUST-03612,38,96.77,3685.92,One year,Fiber optic,Electronic check,0,Yes,Yes,Yes,Yes,Yes,No,Yes,Yes,Yes,Yes,0
CUST-03613,1,66.27,69.55,One year,No,Mailed check,0,Yes,No,Yes,Yes,No internet service,No internet service,No internet service,No internet service,No internet service,No,0
CUST-03614,38,81.01,3063.53,Month-to-month,Fiber optic,Electronic check,0,No,No,No,No phone service,Yes,No,No,No,No,Yes,1
CUST-03615,29,64.55,1861.83,One year,Fiber optic,Electronic check,0,Yes,Yes,No,No phone service,Yes,Yes,Yes,No,Yes,No,0
CUST-03616,5,109.2,523.34,One year,DSL,Bank transfer,0,No,Yes,No,No phone service,Yes,No,No,No,No,Yes,0
CUST-03617,21,68.78,1439.89,Month-to-month,DSL,Electronic check,0,Yes,No,Yes,Yes,No,No,No,No,Yes,Yes,1
CUST-03618,71,103.86,7395.56,One year,Fiber optic,Credit card,0,Yes,Yes,Yes,Yes,No,Yes,No,Yes,No,No,0
CUST-03619,67,99.74,6682.49,One year,DSL,Bank transfer,0,Yes,No,Yes,No,Yes,No,No,Yes,Yes,Yes,0
CUST-03620,47,59.87,2831.08,Month-to-month,No,Bank transfer,0,No,No,Yes,Yes,No internet service,No internet service,No internet service,No internet service,No internet service,Yes,0
CUST-03621,35,41.47,1480.56,Two year,Fiber optic,Credit card,1,No,No,Yes,Yes,No,Yes,No,Yes,No,No,0
CUST-03622,68,59.42,4028.8,Month-to-month,Fiber optic,Credit card,0,No,No,Yes,No,No,Yes,No,Yes,Yes,No,0
CUST-03623,69,102.27,7052.9,Two year,Fiber optic,Mailed check,0,No,No,Yes,Yes,Yes,Yes,Yes,No,Yes,No,0
CUST-03624,1,41.22,84.64,Two year,Fiber optic,Mailed check,0,No,Yes,No,No phone service,No,Yes,No,Yes,No,No,0
CUST-03625,68,71.49,4890.21,Month-to-month,Fiber optic,Electronic check,0,Yes,No,Yes,No,No,Yes,Yes,Yes,Yes,Yes,0
CUST-03626,12,100.22,1169.19,Month-to-month,No,Bank transfer,0,No,No,Yes,Yes,No internet service,No internet service,No internet service,No internet service,No internet service,Yes,0
CUST-03627,60,54.05,3250.74,Month-to-month,No,Mailed check,0,No,No,No,No phone service,No internet service,No internet service,No internet service,No internet service,No internet service,No,1
CUST-03628,27,83.51,2254.78,Month-to-month,No,Credit card,1,Yes,Yes,Yes,Yes,No internet service,No internet service,No internet service,No internet service,No internet service,No,0
CUST-03629,56,43.05,2427.33,Two year,No,Electronic check,0,Yes,No,No,No phone service,No internet service,No internet service,No internet service,No internet service,No internet service,Yes,0
CUST-03630,23,29.15,655.55,One year,Fiber optic,Electronic check,1,No,Yes,Yes,No,No,No,No,No,Yes,No,1
CUST-03631,25,99.03,2458.96,Month-to-month,Fiber optic,Electronic check,0,Yes,Yes,Yes,No,Yes,Yes,No,Yes,Yes,Yes,1
CUST-03632,21,28.09,576.37,One year,DSL,Credit card,0,No,No,Yes,No,No,No,No,No,No,Yes,1
CUST-03633,61,45.68,2775.04,Two year,DSL,Electronic check,0,No,Yes,Yes,Yes,Yes,No,No,No,Yes,Yes,0
CUST-03634,63,105.22,6645.17,One year,DSL,Mailed check,0,Yes,No,Yes,Yes,Yes,No,Yes,No,No,No,0
CUST-03635,52,53.34,2750.06,One year,DSL,Mailed check,1,Yes,No,Yes,Yes,Yes,No,No,Yes,Yes,Yes,0
CUST-03636,25,117.25,2918.8,One year,Fiber optic,Electronic check,0,No,Yes,Yes,Yes,No,No,No,Yes,Yes,No,0
CUST-03637,55,117.93,6450.37,Month-to-month,DSL,Mailed check,0,No,No,Yes,Yes,No,Yes,Yes,No,No,No,0
CUST-03638,46,45.36,2106.7,Month-to-month,No,Mailed check,0,No,No,Yes,No,No internet service,No internet service,No internet service,No internet service,No internet service,No,0
CUST-03639,32,22.18,735.18,One year,No,Electronic check,0,No,Yes,Yes,No,No internet service,No internet service,No internet service,No internet service,No internet service,Yes,1
CUST-03640,55,89.92,4939.06,Month-to-month,DSL,Mailed check,0,No,No,Yes,No,Yes,Yes,No,Yes,No,No,0
CUST-03641,5,64.0,314.04,One year,DSL,Credit card,0,Yes,Yes,Yes,No,No,No,Yes,No,Yes,Yes,0
CUST-03642,36,28.28,1027.14,One year,No,Credit card,0,No,No,Yes,No,No internet service,No internet service,No internet service,No internet service,No internet service,No,0
CUST-03643,49,90.17,4447.82,One year,No,Mailed check,0,Yes,No,Yes,Yes,No internet service,No internet service,No internet service,No internet service,No internet service,No,0
CUST-03644,58,21.18,1236.61,Month-to-month,No,Mailed check,0,Yes,No,Yes,No,No internet service,No internet service,No internet service,No internet service,No internet service,No,0
CUST-03645,39,106.76,4149.69,Month-to-month,No,Electronic check,0,Yes,No,Yes,No,No internet service,No internet service,No internet service,No internet service,No internet service,Yes,0
CUST-03646,61,32.14,1928.16,Month-to-month,No,Credit card,0,Yes,No,Yes,No,No internet service,No internet service,No internet service,No internet service,No internet service,Yes,1
CUST-03647,9,30.99,256.61,Month-to-month,Fiber optic,Electronic check,0,Yes,Yes,Yes,Yes,Yes,Yes,No,Yes,Yes,No,1
CUST-03648,6,35.92,216.98,Month-to-month,DSL,Mailed check,0,No,No,Yes,Yes,No,Yes,No,No,Yes,No,0
CUST-03649,35,115.95,4045.14,One year,Fiber optic,Electronic check,0,Yes,Yes,Yes,No,Yes,No,No,Yes,Yes,No,0
CUST-03650,39,88.7,3463.2,Month-to-month,DSL,Mailed check,0,No,Yes,Yes,Yes,Yes,No,Yes,Yes,No,Yes,1
CUST-03651,22,99.74,2183.22,Month-to-month,No,Electronic check,0,No,No,Yes,Yes,No internet service,No internet service,No internet service,No internet service,No internet service,Yes,1
CUST-03652,41,58.56,2379.8,Month-to-month,Fiber optic,Bank transfer,1,Yes,No,Yes,No,Yes,No,No,Yes,No,Yes,1
CUST-03653,5,52.3,237.96,Month-to-month,No,Mailed check,0,Yes,No,Yes,Yes,No internet service,No internet service,No internet service,No internet service,No internet service,Yes,1
CUST-03654,42,41.92,1791.89,Month-to-month,DSL,Bank transfer,0,Yes,Yes,Yes,Yes,Yes,No,Yes,No,Yes,Yes,1
CUST-03655,67,67.03,4508.79,Month-to-month,Fiber optic,Electronic check,0,Yes,No,Yes,Yes,No,No,No,No,No,No,1
CUST-03656,30,74.29,2263.31,Two year,Fiber optic,Credit card,0,Yes,No,Yes,No,Yes,Yes,Yes,No,Yes,No,0
CUST-03657,57,82.44,4709.88,Month-to-month,No,Electronic check,0,Yes,No,Yes,No,No internet service,No internet service,No internet service,No internet service,No internet service,Yes,0
CUST-03658,29,44.23,1274.07,One year,DSL,Electronic check,0,Yes,No,Yes,No,Yes,No,No,Yes,Yes,No,0
CUST-03659,37,114.76,4272.59,Two year,No,Bank transfer,0,Yes,Yes,Yes,Yes,No internet service,No internet service,No internet service,No internet service,No internet service,No,0
CUST-03660,13,35.32,458.5,Month-to-month,No,Credit card,1,Yes,No,Yes,No,No internet service,No internet service,No internet service,No internet service,No internet service,Yes,0
CUST-03661,32,116.5,3732.42,Two year,Fiber optic,Electronic check,0,No,No,Yes,Yes,Yes,Yes,Yes,Yes,No,No,0
CUST-03662,46,19.52,897.06,Month-to-month,Fiber optic,Mailed check,0,Yes,No,Yes,Yes,Yes,No,Yes,No,Yes,No,1
CUST-03663,23,67.07,1483.67,Month-to-month,Fiber optic,Mailed check,0,No,Yes,Yes,No,Yes,No,No,Yes,Yes,Yes,1
CUST-03664,45,52.0,2372.09,Month-to-month,DSL,Credit card,0,Yes,Yes,Yes,No,No,Yes,Yes,Yes,Yes,Yes,0
CUST-03665,17,63.81,1094.59,Month-to-month,DSL,Electronic check,0,Yes,No,Yes,Yes,Yes,Yes,Yes,No,Yes,Yes,0
CUST-03666,66,76.21,5036.46,Month-to-month,No,Mailed check,0,No,Yes,Yes,Yes,No internet service,No internet service,No internet service,No internet service,No internet service,Yes,0
CUST-03667,6,62.43,373.34,Month-to-month,Fiber optic,Electronic check,0,Yes,Yes,Yes,No,Yes,Yes,Yes,Yes,No,No,1
CUST-03668,18,60.31,1088.85,One year,DSL,Electronic check,0,Yes,No,Yes,No,Yes,Yes,Yes,No,Yes,Yes,0
CUST-03669,22,92.74,2028.33,Two year,Fiber optic,Electronic check,0,No,Yes,Yes,Yes,No,Yes,Yes,No,No,No,1
CUST-03670,33,87.96,2915.01,Month-to-month,Fiber optic,Credit card,1,Yes,Yes,Yes,Yes,Yes,No,Yes,Yes,No,No,0
CUST-03671,30,102.99,3063.56,Month-to-month,DSL,Electronic check,1,Yes,Yes,Yes,No,No,Yes,Yes,No,Yes,No,0
CUST-03672,32,43.5,1395.72,Month-to-month,Fiber optic,Credit card,0,Yes,No,Yes,Yes,No,Yes,No,No,Yes,Yes,0
CUST-03673,42,80.17,3378.37,Month-to-month,DSL,Electronic check,0,Yes,Yes,Yes,Yes,No,No,No,Yes,No,No,0
CUST-03674,10,77.69,772.93,One year,DSL,Credit card,0,Yes,No,Yes,Yes,Yes,No,Yes,No,No,No,0
CUST-03675,36,55.71,2012.98,Month-to-month,Fiber optic,Bank transfer,0,No,No,Yes,Yes,No,Yes,Yes,Yes,No,Yes,1
CUST-03676,34,67.58,2277.89,Month-to-month,Fiber optic,Electronic check,0,No,No,No,No phone service,Yes,Yes,No,Yes,No,No,0
CUST-03677,28,50.01,1380.96,One year,DSL,Bank transfer,0,No,Yes,Yes,No,No,Yes,No,Yes,No,No,0
CUST-03678,11,32.47,361.9,Two year,Fiber optic,Electronic check,0,No,No,Yes,No,Yes,Yes,Yes,No,No,Yes,0
CUST-03679,39,39.81,1566.16,Month-to-month,DSL,Mailed check,0,No,No,Yes,Yes,Yes,Yes,No,No,Yes,No,0
CUST-03680,47,28.76,1314.22,One year,DSL,Mailed check,0,No,Yes,Yes,Yes,Yes,Yes,No,No,No,Yes,0
CUST-03681,19,87.67,1676.17,Month-to-month,DSL,Mailed check,0,No,No,Yes,No,No,Yes,No,Yes,Yes,Yes,0
CUST-03682,15,85.39,1269.99,Month-to-month,DSL,Bank transfer,1,Yes,Yes,Yes,Yes,Yes,No,Yes,No,Yes,Yes,1
CUST-03683,28,114.96,3215.02,Month-to-month,DSL,Bank transfer,0,Yes,No,Yes,Yes,No,Yes,Yes,No,No,No,1
CUST-03684,24,92.43,2191.53,Month-to-month,No,Electronic check,1,No,No,Yes,Yes,No internet service,No internet service,No internet service,No internet service,No internet service,Yes,1
CUST-03685,72,23.31,1661.29,Two year,Fiber optic,Credit card,1,No,No,Yes,No,Yes,Yes,No,Yes,Yes,Yes,0
CUST-03686,9,108.19,993.03,Month-to-month,DSL,Credit card,0,Yes,No,Yes,Yes,Yes,Yes,Yes,Yes,No,Yes,1
CUST-03687,47,105.99,4982.19,Month-to-month,DSL,Electronic check,0,No,No,Yes,Yes,No,Yes,No,No,No,No,1
CUST-03688,33,63.22,2078.6,Month-to-month,DSL,Electronic check,0,No,No,Yes,No,No,No,Yes,No,Yes,Yes,0
CUST-03689,62,77.76,4818.79,Month-to-month,No,Mailed check,1,Yes,No,Yes,No,No internet service,No internet service,No internet service,No internet service,No internet service,No,1
CUST-03690,19,117.56,2243.42,One year,Fiber optic,Bank transfer,0,No,No,Yes,No,Yes,No,No,No,Yes,No,1
CUST-03691,67,72.3,4852.91,Month-to-month,DSL,Electronic check,0,No,No,Yes,Yes,Yes,No,Yes,No,Yes,Yes,1
CUST-03692,40,110.34,4412.1,Month-to-month,Fiber optic,Electronic check,0,No,No,Yes,No,Yes,Yes,No,No,No,Yes,1
CUST-03693,47,26.47,1265.95,One year,Fiber optic,Bank transfer,0,Yes,No,Yes,Yes,Yes,Yes,Yes,Yes,Yes,Yes,1
CUST-03694,65,37.49,2456.26,Month-to-month,DSL,Bank transfer,0,Yes,No,No,No phone service,Yes,No,Yes,No,Yes,No,0
CUST-03695,29,62.96,1834.11,Month-to-month,Fiber optic,Electronic check,0,Yes,No,Yes,No,No,Yes,No,No,Yes,No,0
CUST-03696,50,77.65,3883.59,Month-to-month,Fiber optic,Credit card,0,Yes,Yes,Yes,No,Yes,Yes,No,Yes,No,Yes,0
CUST-03697,13,101.26,1329.53,Month-to-month,DSL,Bank transfer,1,No,No,Yes,No,No,No,Yes,Yes,No,No,0
CUST-03698,1,118.8,125.09,Month-to-month,Fiber optic,Mailed check,0,No,No,Yes,Yes,No,No,No,No,No,No,1
CUST-03699,34,57.66,1981.66,Month-to-month,Fiber optic,Bank transfer,0,No,No,No,No phone service,Yes,Yes,Yes,No,No,Yes,1
CUST-03700,48,22.84,1114.31,One year,Fiber optic,Electronic check,1,Yes,Yes,Yes,Yes,Yes,Yes,Yes,No,Yes,No,0
CUST-03701,48,99.72,4766.19,One year,DSL,Mailed check,0,Yes,No,No,No phone service,No,No,Yes,Yes,Yes,No,1
CUST-03702,49,79.65,3881.13,One year,Fiber optic,Electronic check,0,No,No,Yes,Yes,No,Yes,No,No,No,Yes,0
CUST-03703,64,38.25,2433.98,Two year,Fiber optic,Electronic check,0,Yes,Yes,Yes,No,No,Yes,No,Yes,Yes,Yes,0
CUST-03704,61,68.47,4196.19,Month-to-month,Fiber optic,Electronic check,1,No,No,Yes,No,Yes,No,Yes,No,Yes,Yes,1
CUST-03705,29,93.72,2686.35,Two year,Fiber optic,Electronic check,0,No,No,Yes,Yes,Yes,Yes,Yes,Yes,No,No,0
CUST-03706,39,96.58,3774.52,Month-to-month,DSL,Bank transfer,0,No,No,Yes,No,No,No,No,No,No,Yes,1
CUST-03707,26,68.96,1800.21,Month-to-month,Fiber optic,Bank transfer,0,Yes,No,No,No phone service,No,Yes,Yes,Yes,No,Yes,0
CUST-03708,17,49.13,858.46,Month-to-month,Fiber optic,Electronic check,0,No,No,Yes,No,Yes,Yes,Yes,Yes,Yes,No,1
CUST-03709,71,117.32,8333.33,Month-to-month,Fiber optic,Electronic check,1,Yes,No,Yes,No,No,Yes,No,Yes,No,Yes,1
CUST-03710,13,85.66,1086.72,Two year,No,Credit card,0,No,No,Yes,No,No internet service,No internet service,No internet service,No internet service,No internet service,Yes,1
CUST-03711,69,59.64,4095.97,Month-to-month,No,Electronic check,0,Yes,No,Yes,Yes,No internet service,No internet service,No internet service,No internet service,No internet service,Yes,0
CUST-03712,26,46.61,1188.22,Month-to-month,DSL,Mailed check,0,No,Yes,Yes,Yes,No,Yes,No,Yes,No,Yes,1
CUST-03713,49,92.57,4525.17,Month-to-month,No,Mailed check,0,Yes,No,Yes,No,No internet service,No internet service,No internet service,No internet service,No internet service,No,0
CUST-03714,67,42.7,2857.24,Month-to-month,Fiber optic,Credit card,0,Yes,No,Yes,No,Yes,Yes,Yes,No,Yes,Yes,1
CUST-03715,7,35.51,225.26,Month-to-month,Fiber optic,Credit card,0,Yes,Yes,Yes,Yes,No,Yes,No,Yes,No,Yes,1
CUST-03716,58,72.04,4207.73,Month-to-month,No,Bank transfer,0,Yes,No,Yes,No,No internet service,No internet service,No internet service,No internet service,No internet service,Yes,0
CUST-03717,49,47.58,2304.91,Month-to-month,Fiber optic,Electronic check,0,No,No,Yes,Yes,Yes,Yes,No,Yes,Yes,Yes,0
CUST-03718,53,82.15,4380.87,Two year,Fiber optic,Bank transfer,0,No,No,Yes,Yes,No,No,No,Yes,No,Yes,0
CUST-03719,65,30.03,1975.65,Month-to-month,No,Electronic check,0,No,Yes,Yes,No,No internet service,No internet service,No internet service,No internet service,No internet service,Yes,1
CUST-03720,62,84.8,5275.57,Month-to-month,DSL,Electronic check,0,Yes,No,Yes,No,Yes,Yes,No,Yes,Yes,No,1
CUST-03721,17,46.9,783.42,One year,DSL,Mailed check,1,Yes,Yes,Yes,No,Yes,No,No,Yes,Yes,Yes,0
CUST-03722,43,18.02,781.71,Two year,Fiber optic,Bank transfer,0,Yes,No,Yes,Yes,No,Yes,No,Yes,No,Yes,0
CUST-03723,25,30.95,748.2,Month-to-month,No,Electronic check,0,Yes,Yes,Yes,Yes,No internet service,No internet service,No internet service,No internet service,No internet service,No,1
CUST-03724,3,113.23,357.91,Month-to-month,No,Electronic check,0,No,Yes,Yes,No,No internet service,No internet service,No internet service,No internet service,No internet service,Yes,1
CUST-03725,29,106.47,3086.15,Two year,DSL,Bank transfer,0,Yes,No,No,No phone service,Yes,Yes,Yes,Yes,No,Yes,1
CUST-03726,32,41.83,1330.37,Month-to-month,No,Credit card,0,No,No,Yes,Yes,No internet service,No internet service,No internet service,No internet service,No internet service,No,0
CUST-03727,26,97.39,2507.67,Month-to-month,DSL,Bank transfer,0,No,No,Yes,Yes,No,Yes,No,Yes,No,Yes,1
CUST-03728,16,80.07,1231.57,Month-to-month,No,Mailed check,0,No,Yes,Yes,Yes,No internet service,No internet service,No internet service,No internet service,No internet service,Yes,0
CUST-03729,25,117.03,2904.98,Two year,Fiber optic,Credit card,0,No,No,Yes,Yes,No,Yes,No,Yes,Yes,Yes,0
CUST-03730,54,56.11,3052.2,Two year,DSL,Bank transfer,0,Yes,Yes,Yes,No,Yes,Yes,No,No,Yes,Yes,0
CUST-03731,28,87.51,2442.22,Two year,DSL,Bank transfer,0,Yes,Yes,No,No phone service,Yes,Yes,Yes,Yes,Yes,Yes,0
CUST-03732,56,24.48,1367.49,Month-to-month,DSL,Electronic check,0,No,Yes,Yes,No,No,Yes,No,No,No,Yes,1
CUST-03733,65,58.42,3810.41,Month-to-month,DSL,Electronic check,1,No,Yes,Yes,Yes,Yes,Yes,No,Yes,Yes,Yes,0
CUST-03734,41,116.31,4804.82,Month-to-month,Fiber optic,Mailed check,1,Yes,No,Yes,Yes,No,No,Yes,Yes,No,No,1
CUST-03735,51,72.98,3748.48,Two year,DSL,Electronic check,0,Yes,Yes,Yes,Yes,Yes,No,No,Yes,Yes,Yes,1
CUST-03736,71,47.36,3343.11,Two year,No,Electronic check,0,No,No,Yes,Yes,No internet service,No internet service,No internet service,No internet service,No internet service,Yes,0
CUST-03737,29,30.27,838.98,Month-to-month,Fiber optic,Mailed check,0,Yes,No,Yes,No,No,No,No,No,No,Yes,0
CUST-03738,19,89.76,1752.63,One year,Fiber optic,Electronic check,0,No,Yes,No,No phone service,Yes,No,No,No,Yes,Yes,0
CUST-03739,66,83.78,5574.86,Month-to-month,DSL,Credit card,0,Yes,No,Yes,No,Yes,No,No,Yes,No,Yes,0
CUST-03740,41,56.14,2305.51,Month-to-month,No,Electronic check,0,No,No,Yes,Yes,No internet service,No internet service,No internet service,No internet service,No internet service,No,0
CUST-03741,45,115.0,5149.59,One year,Fiber optic,Mailed check,0,No,No,Yes,No,Yes,No,No,No,No,No,0
CUST-03742,15,20.26,323.16,Month-to-month,No,Bank transfer,0,No,No,Yes,No,No internet service,No internet service,No internet service,No internet service,No internet service,Yes,1
CUST-03743,3,48.98,144.78,Month-to-month,No,Mailed check,1,Yes,No,Yes,No,No internet service,No internet service,No internet service,No internet service,No internet service,Yes,1
CUST-03744,11,111.95,1229.19,Month-to-month,DSL,Mailed check,0,No,No,Yes,No,No,No,No,No,Yes,No,1
CUST-03745,53,50.74,2707.11,Two year,DSL,Mailed check,1,No,Yes,Yes,Yes,No,Yes,No,No,Yes,No,0
CUST-03746,46,43.73,2018.27,Two year,No,Credit card,1,No,Yes,Yes,Yes,No internet service,No internet service,No internet service,No internet service,No internet service,Yes,0
CUST-03747,30,72.49,2150.98,Two year,No,Credit card,0,Yes,No,Yes,Yes,No internet service,No internet service,No internet service,No internet service,No internet service,No,0
CUST-03748,57,102.03,5809.22,One year,Fiber optic,Bank transfer,0,Yes,No,Yes,Yes,No,Yes,Yes,No,Yes,No,0
CUST-03749,18,28.52,526.58,Month-to-month,Fiber optic,Credit card,0,Yes,No,Yes,No,No,Yes,No,Yes,No,Yes,1
CUST-03750,51,114.19,5833.9,Month-to-month,Fiber optic,Electronic check,0,Yes,No,Yes,Yes,Yes,No,No,Yes,No,No,0
CUST-03751,48,99.1,4762.04,Two year,DSL,Credit card,0,No,Yes,Yes,Yes,Yes,No,No,No,Yes,No,0
CUST-03752,66,36.49,2427.01,One year,DSL,Credit card,0,No,Yes,No,No phone service,No,Yes,Yes,Yes,No,No,0
CUST-03753,8,90.62,717.73,One year,Fiber optic,Bank transfer,1,No,Yes,Yes,No,Yes,Yes,No,Yes,Yes,Yes,1
CUST-03754,22,57.27,1263.51,One year,DSL,Bank transfer,1,Yes,No,Yes,Yes,No,No,Yes,No,No,No,0
CUST-03755,6,59.03,286.67,Two year,Fiber optic,Mailed check,0,Yes,Yes,No,No phone service,No,Yes,No,Yes,Yes,Yes,1
CUST-03756,57,97.9,5571.31,Month-to-month,No,Electronic check,0,No,No,Yes,Yes,No internet service,No internet service,No internet service,No internet service,No internet service,No,1
CUST-03757,36,116.2,4198.48,Month-to-month,No,Credit card,1,No,No,Yes,Yes,No internet service,No internet service,No internet service,No internet service,No internet service,Yes,0
CUST-03758,57,30.92,1754.63,One year,No,Bank transfer,0,No,Yes,Yes,No,No internet service,No internet service,No internet service,No internet service,No internet service,Yes,0
CUST-03759,49,60.9,2974.78,Two year,No,Bank transfer,0,No,No,Yes,No,No internet service,No internet service,No internet service,No internet service,No internet service,No,0
CUST-03760,45,67.06,2996.87,One year,Fiber optic,Bank transfer,1,No,No,Yes,No,Yes,Yes,Yes,Yes,Yes,Yes,0
CUST-03761,66,56.38,3741.15,Month-to-month,No,Credit card,0,No,No,Yes,Yes,No internet service,No internet service,No internet service,No internet service,No internet service,No,0
CUST-03762,45,55.05,2488.22,Month-to-month,No,Bank transfer,0,No,No,Yes,Yes,No internet service,No internet service,No internet service,No internet service,No internet service,Yes,1
CUST-03763,20,23.33,483.11,One year,No,Electronic check,1,No,Yes,Yes,No,No internet service,No internet service,No internet service,No internet service,No internet service,No,0
CUST-03764,64,87.92,5592.36,One year,Fiber optic,Mailed check,0,Yes,No,Yes,Yes,Yes,Yes,Yes,Yes,Yes,Yes,0
CUST-03765,67,62.49,4183.62,One year,DSL,Credit card,0,No,No,No,No phone service,Yes,No,Yes,Yes,Yes,No,0
CUST-03766,3,37.87,108.01,Month-to-month,DSL,Mailed check,0,No,No,Yes,No,Yes,Yes,Yes,No,Yes,No,0
CUST-03767,54,101.24,5461.35,Two year,DSL,Credit card,0,Yes,No,Yes,Yes,No,No,No,No,Yes,No,1
CUST-03768,64,99.86,6378.72,One year,No,Credit card,0,Yes,No,Yes,No,No internet service,No internet service,No internet service,No internet service,No internet service,No,0
CUST-03769,40,67.61,2697.48,One year,Fiber optic,Bank transfer,1,No,No,Yes,No,Yes,Yes,No,Yes,Yes,Yes,1
CUST-03770,59,48.44,2874.95,Month-to-month,No,Mailed check,0,No,Yes,No,No phone service,No internet service,No internet service,No internet service,No internet service,No internet service,No,0
CUST-03771,55,83.09,4531.69,Month-to-month,Fiber optic,Electronic check,0,No,No,Yes,Yes,No,No,Yes,Yes,No,No,1
CUST-03772,62,47.39,2973.73,Two year,Fiber optic,Bank transfer,0,Yes,No,Yes,Yes,Yes,Yes,No,No,Yes,No,0
CUST-03773,4,42.07,177.96,Month-to-month,DSL,Mailed check,0,Yes,No,Yes,No,Yes,No,No,No,Yes,No,1
CUST-03774,60,92.51,5549.75,Month-to-month,DSL,Credit card,1,Yes,No,Yes,Yes,Yes,Yes,Yes,Yes,Yes,No,1
CUST-03775,30,22.11,681.44,Month-to-month,Fiber optic,Bank transfer,0,No,No,Yes,Yes,Yes,Yes,Yes,Yes,Yes,No,1
CUST-03776,2,27.67,26.3,One year,Fiber optic,Electronic check,0,No,No,Yes,Yes,Yes,Yes,No,No,Yes,No,0
CUST-03777,62,18.69,1145.49,Month-to-month,DSL,Bank transfer,0,No,Yes,Yes,Yes,No,Yes,Yes,Yes,No,No,1
CUST-03778,49,33.6,1643.98,Month-to-month,Fiber optic,Mailed check,0,Yes,Yes,Yes,Yes,Yes,No,No,No,No,No,1
CUST-03779,9,25.04,252.67,Two year,Fiber optic,Electronic check,0,Yes,No,Yes,Yes,No,Yes,No,Yes,Yes,Yes,1
CUST-03780,31,119.57,3705.74,One year,No,Mailed check,0,Yes,Yes,Yes,Yes,No internet service,No internet service,No internet service,No internet service,No internet service,No,1
CUST-03781,61,47.46,2904.06,Month-to-month,DSL,Credit card,1,No,No,Yes,Yes,Yes,Yes,No,Yes,No,No,0
CUST-03782,48,33.23,1583.25,Month-to-month,Fiber optic,Mailed check,0,Yes,No,Yes,Yes,Yes,Yes,Yes,No,Yes,Yes,1
CUST-03783,25,42.58,1074.24,Two year,DSL,Electronic check,0,Yes,Yes,Yes,Yes,No,Yes,No,Yes,No,Yes,0
CUST-03784,36,113.48,4118.82,Month-to-month,No,Mailed check,1,Yes,No,Yes,No,No internet service,No internet service,No internet service,No internet service,No internet service,Yes,0
CUST-03785,8,71.06,588.39,One year,Fiber optic,Electronic check,0,No,No,Yes,No,No,No,Yes,Yes,No,Yes,1
CUST-03786,58,55.21,3200.55,Month-to-month,Fiber optic,Mailed check,0,Yes,Yes,Yes,No,No,Yes,Yes,Yes,Yes,No,1
CUST-03787,45,107.09,4832.56,Two year,No,Electronic check,0,Yes,Yes,Yes,No,No internet service,No internet service,No internet service,No internet service,No internet service,Yes,0
CUST-03788,62,58.29,3625.53,One year,DSL,Credit card,0,No,No,Yes,Yes,Yes,Yes,Yes,Yes,No,No,0
CUST-03789,39,52.17,2044.76,One year,DSL,Electronic check,0,No,No,Yes,Yes,Yes,Yes,Yes,Yes,Yes,No,0
CUST-03790,58,39.14,2292.36,Month-to-month,Fiber optic,Bank transfer,1,No,No,Yes,No,Yes,Yes,No,No,No,No,0
CUST-03791,64,56.54,3640.65,Two year,Fiber optic,Electronic check,1,Yes,No,Yes,Yes,No,No,Yes,No,No,Yes,0
CUST-03792,44,50.3,2210.66,Month-to-month,DSL,Credit card,0,No,No,Yes,Yes,Yes,Yes,No,Yes,Yes,Yes,0
CUST-03793,29,87.09,2538.45,Two year,Fiber optic,Mailed check,0,No,Yes,Yes,Yes,Yes,No,Yes,Yes,Yes,Yes,0
CUST-03794,59,47.54,2797.2,Month-to-month,DSL,Credit card,0,No,No,Yes,Yes,No,No,Yes,No,Yes,Yes,0
CUST-03795,71,76.87,5439.31,One year,DSL,Bank transfer,0,Yes,No,Yes,Yes,Yes,Yes,Yes,No,No,Yes,0
CUST-03796,9,24.72,217.09,Month-to-month,Fiber optic,Bank transfer,0,Yes,Yes,Yes,No,No,No,No,Yes,Yes,Yes,1
CUST-03797,6,37.51,223.53,One year,No,Credit card,0,No,Yes,Yes,No,No internet service,No internet service,No internet service,No internet service,No internet service,Yes,1
CUST-03798,29,59.56,1694.01,Month-to-month,Fiber optic,Electronic check,1,No,No,Yes,No,No,Yes,No,No,Yes,Yes,0
CUST-03799,58,113.57,6604.27,Month-to-month,Fiber optic,Bank transfer,0,No,No,Yes,No,Yes,No,No,Yes,Yes,Yes,1
CUST-03800,17,56.48,904.81,Month-to-month,No,Electronic check,0,Yes,No,No,No phone service,No internet service,No internet service,No internet service,No internet service,No internet service,No,1
CUST-03801,16,85.74,1426.14,Month-to-month,DSL,Bank transfer,0,No,No,Yes,No,Yes,Yes,Yes,Yes,Yes,No,1
CUST-03802,3,44.02,162.1,Month-to-month,Fiber optic,Credit card,0,Yes,No,Yes,No,No,Yes,No,No,No,No,1
CUST-03803,21,30.96,644.94,Month-to-month,No,Credit card,0,Yes,Yes,Yes,No,No internet service,No internet service,No internet service,No internet service,No internet service,No,0
CUST-03804,64,23.97,1534.27,Two year,DSL,Electronic check,0,No,No,Yes,No,No,No,No,Yes,No,Yes,0
CUST-03805,36,49.15,1775.46,Month-to-month,Fiber optic,Mailed check,0,Yes,Yes,Yes,Yes,Yes,No,Yes,Yes,No,No,0
CUST-03806,62,34.08,2101.18,One year,No,Mailed check,0,Yes,No,Yes,Yes,No internet service,No internet service,No internet service,No internet service,No internet service,Yes,0
CUST-03807,42,35.75,1505.35,Month-to-month,No,Electronic check,1,No,No,No,No phone service,No internet service,No internet service,No internet service,No internet service,No internet service,Yes,1
CUST-03808,42,95.6,4012.32,One year,DSL,Electronic check,0,Yes,No,Yes,No,Yes,No,No,No,No,Yes,0
CUST-03809,61,19.62,1194.93,Month-to-month,DSL,Mailed check,1,No,No,Yes,No,Yes,Yes,Yes,No,No,Yes,0
CUST-03810,13,74.9,977.33,Two year,DSL,Credit card,0,No,Yes,Yes,No,No,Yes,No,Yes,Yes,Yes,1
CUST-03811,11,56.71,597.54,Two year,Fiber optic,Mailed check,0,No,No,Yes,No,No,Yes,No,No,Yes,No,0
CUST-03812,54,69.67,3762.97,Month-to-month,Fiber optic,Bank transfer,1,No,No,Yes,No,Yes,Yes,No,Yes,Yes,No,0
CUST-03813,16,75.41,1209.83,One year,Fiber optic,Mailed check,0,No,Yes,Yes,No,Yes,Yes,Yes,No,Yes,Yes,0
CUST-03814,8,49.96,402.26,Month-to-month,No,Bank transfer,1,Yes,Yes,No,No phone service,No internet service,No internet service,No internet service,No internet service,No internet service,No,1
CUST-03815,59,48.1,2833.58,One year,DSL,Credit card,0,No,No,Yes,Yes,No,Yes,No,Yes,No,No,0
CUST-03816,57,92.81,5312.93,Month-to-month,No,Bank transfer,0,No,No,Yes,Yes,No internet service,No internet service,No internet service,No internet service,No internet service,Yes,1
CUST-03817,40,106.87,4267.73,Month-to-month,DSL,Electronic check,0,Yes,No,Yes,No,No,Yes,No,Yes,No,No,1
CUST-03818,59,37.64,2225.31,Month-to-month,DSL,Mailed check,0,No,No,Yes,No,Yes,Yes,Yes,Yes,No,No,0
CUST-03819,2,27.96,81.87,One year,Fiber optic,Credit card,1,Yes,No,Yes,Yes,No,Yes,No,Yes,No,Yes,1
CUST-03820,10,109.58,1094.21,Month-to-month,DSL,Mailed check,0,Yes,No,Yes,No,Yes,Yes,No,Yes,Yes,No,0
CUST-03821,44,53.69,2366.65,One year,Fiber optic,Bank transfer,0,Yes,Yes,Yes,Yes,No,Yes,Yes,Yes,No,No,0
CUST-03822,11,74.23,814.6,Month-to-month,No,Electronic check,0,Yes,No,Yes,No,No internet service,No internet service,No internet service,No internet service,No internet service,No,1
CUST-03823,2,54.67,134.09,Month-to-month,DSL,Electronic check,0,No,Yes,Yes,Yes,Yes,Yes,No,Yes,Yes,No,0
CUST-03824,50,30.83,1536.35,One year,Fiber optic,Credit card,0,No,Yes,Yes,Yes,Yes,No,No,No,No,Yes,0
CUST-03825,12,78.11,962.99,Two year,DSL,Electronic check,0,No,No,Yes,No,Yes,Yes,Yes,No,No,No,0
CUST-03826,23,71.56,1643.81,Two year,DSL,Electronic check,0,No,Yes,Yes,No,Yes,No,No,Yes,No,No,0
CUST-03827,18,38.71,679.59,One year,Fiber optic,Mailed check,0,No,No,Yes,No,Yes,Yes,Yes,No,No,Yes,1
CUST-03828,62,64.09,3987.17,One year,No,Credit card,0,No,No,Yes,No,No internet service,No internet service,No internet service,No internet service,No internet service,No,0
CUST-03829,62,99.29,6149.89,One year,Fiber optic,Electronic check,0,No,Yes,Yes,Yes,No,Yes,Yes,No,Yes,No,0
CUST-03830,38,78.22,2984.77,Month-to-month,Fiber optic,Credit card,0,Yes,No,Yes,Yes,No,Yes,No,Yes,Yes,Yes,0
CUST-03831,67,27.89,1814.04,Month-to-month,No,Mailed check,0,Yes,No,No,No phone service,No internet service,No internet service,No internet service,No internet service,No internet service,No,1
CUST-03832,38,73.9,2808.3,Month-to-month,Fiber optic,Credit card,0,No,No,Yes,No,No,No,No,No,Yes,Yes,0
CUST-03833,67,89.68,5999.37,Month-to-month,DSL,Credit card,0,No,No,Yes,Yes,Yes,Yes,Yes,No,Yes,Yes,0
CUST-03834,61,98.86,6009.19,Month-to-month,Fiber optic,Mailed check,1,No,No,No,No phone service,No,Yes,No,Yes,Yes,Yes,1
CUST-03835,1,82.17,71.11,Two year,Fiber optic,Electronic check,1,No,Yes,Yes,No,No,Yes,Yes,No,No,No,1
CUST-03836,45,33.57,1499.18,Month-to-month,Fiber optic,Electronic check,1,No,Yes,Yes,No,Yes,Yes,No,No,No,No,0
CUST-03837,28,90.44,2531.36,One year,Fiber optic,Bank transfer,0,No,No,Yes,Yes,Yes,No,No,Yes,Yes,Yes,0
CUST-03838,21,87.09,1801.54,One year,DSL,Electronic check,1,No,No,Yes,Yes,Yes,Yes,Yes,No,No,No,0
CUST-03839,13,20.49,272.7,Month-to-month,Fiber optic,Electronic check,0,Yes,No,Yes,Yes,No,Yes,No,No,Yes,Yes,1
CUST-03840,27,60.0,1647.32,Month-to-month,Fiber optic,Electronic check,0,Yes,No,Yes,No,No,Yes,Yes,No,Yes,No,1
CUST-03841,7,51.96,369.34,Month-to-month,Fiber optic,Mailed check,0,No,Yes,Yes,Yes,No,No,Yes,Yes,No,Yes,1
CUST-03842,22,86.28,1914.34,One year,No,Electronic check,0,Yes,Yes,Yes,No,No internet service,No internet service,No internet service,No internet service,No internet service,Yes,0
CUST-03843,53,40.05,2144.54,Two year,No,Credit card,0,Yes,No,Yes,No,No internet service,No internet service,No internet service,No internet service,No internet service,No,0
CUST-03844,4,78.27,337.81,Month-to-month,Fiber optic,Credit card,0,No,No,No,No phone service,No,No,Yes,No,Yes,Yes,1
CUST-03845,23,111.15,2593.85,Two year,Fiber optic,Mailed check,0,Yes,Yes,Yes,Yes,No,No,No,No,No,No,0
CUST-03846,70,99.38,6946.62,Month-to-month,Fiber optic,Bank transfer,0,No,No,Yes,No,Yes,Yes,Yes,Yes,No,No,1
CUST-03847,33,111.99,3681.3,One year,Fiber optic,Bank transfer,1,No,No,Yes,Yes,No,No,Yes,No,Yes,Yes,0
CUST-03848,28,117.81,3314.35,One year,No,Bank transfer,0,No,No,Yes,No,No internet service,No internet service,No internet service,No internet service,No internet service,No,1
CUST-03849,8,19.09,166.89,Month-to-month,Fiber optic,Mailed check,0,No,No,Yes,Yes,No,Yes,Yes,Yes,No,Yes,1
CUST-03850,1,81.52,97.03,Month-to-month,DSL,Mailed check,0,No,No,No,No phone service,No,No,No,No,No,Yes,1
CUST-03851,37,60.11,2261.86,Month-to-month,Fiber optic,Bank transfer,0,Yes,Yes,No,No phone service,Yes,No,Yes,No,Yes,No,1
CUST-03852,63,105.71,6659.96,Month-to-month,Fiber optic,Bank transfer,0,Yes,Yes,Yes,Yes,No,No,Yes,No,No,No,0
CUST-03853,22,43.69,969.7,One year,Fiber optic,Mailed check,1,No,Yes,Yes,No,Yes,Yes,No,Yes,Yes,No,1
CUST-03854,70,118.07,8245.29,Month-to-month,Fiber optic,Electronic check,0,No,Yes,Yes,Yes,No,Yes,Yes,No,No,No,1
CUST-03855,21,80.6,1735.31,One year,DSL,Electronic check,0,Yes,No,Yes,No,Yes,No,Yes,Yes,Yes,No,0
CUST-03856,35,98.94,3456.17,Month-to-month,DSL,Mailed check,0,No,Yes,Yes,No,No,No,Yes,No,Yes,Yes,0
CUST-03857,5,26.73,127.49,One year,DSL,Mailed check,0,No,No,Yes,No,Yes,No,No,No,Yes,Yes,0
CUST-03858,60,36.71,2195.67,One year,Fiber optic,Mailed check,1,Yes,No,Yes,No,No,Yes,No,No,No,Yes,0
CUST-03859,46,95.36,4373.66,One year,DSL,Mailed check,0,No,No,Yes,No,No,No,No,No,Yes,No,0
CUST-03860,50,20.24,997.41,Month-to-month,No,Credit card,0,Yes,No,Yes,Yes,No internet service,No internet service,No internet service,No internet service,No internet service,No,0
CUST-03861,48,101.32,4852.89,Month-to-month,DSL,Electronic check,0,Yes,No,Yes,No,No,Yes,No,Yes,Yes,Yes,1
CUST-03862,6,19.42,89.2,Two year,No,Bank transfer,1,No,No,Yes,Yes,No internet service,No internet service,No internet service,No internet service,No internet service,Yes,1
CUST-03863,56,85.03,4745.97,Month-to-month,DSL,Bank transfer,0,No,No,Yes,Yes,Yes,Yes,Yes,Yes,Yes,Yes,0
CUST-03864,59,55.24,3298.14,Month-to-month,DSL,Mailed check,0,Yes,Yes,Yes,Yes,Yes,No,Yes,No,Yes,Yes,0
CUST-03865,29,80.37,2345.44,Month-to-month,Fiber optic,Mailed check,0,No,Yes,Yes,Yes,No,Yes,No,No,Yes,Yes,1
CUST-03866,71,89.0,6337.52,One year,DSL,Credit card,0,Yes,No,Yes,No,Yes,Yes,No,No,No,Yes,0
CUST-03867,18,52.93,976.28,One year,No,Electronic check,0,Yes,No,Yes,No,No internet service,No internet service,No internet service,No internet service,No internet service,No,0
CUST-03868,2,29.01,94.7,One year,DSL,Credit card,0,Yes,No,Yes,No,Yes,No,No,No,Yes,No,1
CUST-03869,8,25.1,165.37,Month-to-month,Fiber optic,Credit card,0,Yes,No,Yes,Yes,No,No,No,Yes,No,No,1
CUST-03870,54,78.07,4191.18,Month-to-month,No,Bank transfer,0,Yes,No,Yes,Yes,No internet service,No internet service,No internet service,No internet service,No internet service,No,0
CUST-03871,38,71.11,2686.11,Two year,Fiber optic,Bank transfer,1,No,No,Yes,No,No,Yes,No,No,No,No,0
CUST-03872,48,93.7,4488.21,Month-to-month,DSL,Bank transfer,1,Yes,No,No,No phone service,No,Yes,Yes,Yes,Yes,No,1
CUST-03873,27,69.99,1883.72,Month-to-month,DSL,Mailed check,0,Yes,Yes,Yes,Yes,No,No,Yes,Yes,No,Yes,0
CUST-03874,20,61.09,1212.86,One year,Fiber optic,Credit card,1,No,No,Yes,No,Yes,Yes,Yes,No,No,Yes,0
CUST-03875,12,58.6,707.59,Month-to-month,DSL,Electronic check,0,Yes,No,Yes,Yes,No,No,No,Yes,No,Yes,0
CUST-03876,43,20.7,890.81,Month-to-month,Fiber optic,Electronic check,0,No,No,Yes,Yes,Yes,Yes,Yes,No,Yes,Yes,1
CUST-03877,61,52.23,3171.57,Month-to-month,No,Electronic check,0,Yes,No,Yes,No,No internet service,No internet service,No internet service,No internet service,No internet service,Yes,0
CUST-03878,31,117.55,3600.54,Month-to-month,No,Bank transfer,0,Yes,No,Yes,No,No internet service,No internet service,No internet service,No internet service,No internet service,Yes,0
CUST-03879,61,107.1,6513.24,Month-to-month,DSL,Electronic check,1,No,No,Yes,Yes,No,Yes,No,No,Yes,No,1
CUST-03880,67,51.6,3446.22,Two year,DSL,Credit card,1,Yes,Yes,Yes,Yes,Yes,Yes,No,No,No,No,0
CUST-03881,35,77.96,2723.66,Month-to-month,DSL,Mailed check,0,Yes,No,Yes,No,Yes,Yes,No,No,Yes,Yes,0
CUST-03882,15,104.42,1543.71,Month-to-month,Fiber optic,Credit card,0,Yes,No,Yes,No,No,No,No,No,No,Yes,1
CUST-03883,16,63.01,998.34,One year,Fiber optic,Electronic check,1,Yes,Yes,Yes,No,Yes,Yes,No,No,Yes,No,1
CUST-03884,13,19.83,235.17,Two year,No,Electronic check,0,No,No,Yes,No,No internet service,No internet service,No internet service,No internet service,No internet service,Yes,0
CUST-03885,35,25.6,893.48,Month-to-month,Fiber optic,Electronic check,0,Yes,No,Yes,Yes,Yes,No,Yes,No,Yes,Yes,0
CUST-03886,59,70.06,4112.08,Two year,DSL,Electronic check,0,No,Yes,No,No phone service,No,Yes,Yes,Yes,Yes,Yes,0
CUST-03887,21,116.88,2437.5,One year,Fiber optic,Mailed check,1,No,No,Yes,Yes,Yes,No,Yes,No,Yes,No,0
CUST-03888,54,88.71,4764.17,Month-to-month,DSL,Credit card,0,Yes,No,Yes,Yes,No,No,No,No,Yes,No,1
CUST-03889,30,25.23,753.83,Month-to-month,DSL,Mailed check,0,No,No,Yes,Yes,Yes,No,No,Yes,Yes,Yes,0
CUST-03890,48,37.31,1773.55,Month-to-month,DSL,Bank transfer,0,No,No,Yes,No,Yes,Yes,Yes,Yes,Yes,Yes,0
CUST-03891,35,96.67,3401.59,One year,DSL,Mailed check,0,No,No,Yes,Yes,No,No,Yes,Yes,No,Yes,0
CUST-03892,38,103.83,3953.66,Month-to-month,Fiber optic,Electronic check,0,Yes,Yes,Yes,Yes,No,Yes,No,No,No,Yes,1
CUST-03893,31,81.0,2509.6,Month-to-month,Fiber optic,Mailed check,0,No,Yes,Yes,No,No,No,Yes,No,No,Yes,1
CUST-03894,24,83.73,1993.57,One year,DSL,Electronic check,0,Yes,No,Yes,Yes,No,Yes,No,Yes,No,Yes,0
CUST-03895,49,20.89,1031.22,Month-to-month,No,Credit card,0,No,No,Yes,No,No internet service,No internet service,No internet service,No internet service,No internet service,Yes,0
CUST-03896,32,102.51,3294.13,Two year,Fiber optic,Bank transfer,1,Yes,Yes,Yes,No,Yes,No,Yes,No,No,Yes,0
CUST-03897,55,98.4,5414.85,Two year,DSL,Mailed check,0,No,Yes,Yes,Yes,Yes,No,Yes,No,Yes,Yes,0
CUST-03898,58,44.42,2608.43,Month-to-month,DSL,Bank transfer,0,Yes,No,Yes,Yes,Yes,No,Yes,No,No,No,0
CUST-03899,3,90.29,280.06,Two year,Fiber optic,Electronic check,0,No,Yes,No,No phone service,Yes,No,Yes,Yes,Yes,Yes,1
CUST-03900,69,39.92,2772.75,Month-to-month,No,Bank transfer,0,Yes,No,Yes,Yes,No internet service,No internet service,No internet service,No internet service,No internet service,Yes,0
CUST-03901,10,22.11,223.77,Month-to-month,Fiber optic,Credit card,0,No,No,Yes,No,Yes,Yes,Yes,No,No,No,1
CUST-03902,25,38.52,976.51,Month-to-month,No,Credit card,0,No,No,Yes,No,No internet service,No internet service,No internet service,No internet service,No internet service,Yes,0
CUST-03903,68,36.22,2447.02,One year,Fiber optic,Electronic check,0,Yes,No,Yes,No,Yes,Yes,No,Yes,Yes,Yes,0
CUST-03904,61,52.45,3190.28,One year,Fiber optic,Electronic check,0,No,Yes,Yes,Yes,No,No,No,No,Yes,Yes,0
CUST-03905,29,60.68,1766.71,Month-to-month,Fiber optic,Mailed check,0,Yes,No,Yes,No,Yes,No,No,Yes,No,Yes,1
CUST-03906,19,69.87,1334.37,Month-to-month,Fiber optic,Credit card,0,No,Yes,No,No phone service,Yes,Yes,No,Yes,No,Yes,0
CUST-03907,43,66.63,2875.24,Month-to-month,Fiber optic,Credit card,0,No,No,Yes,No,Yes,Yes,No,No,No,Yes,0
CUST-03908,66,45.61,3032.27,Two year,No,Mailed check,1,Yes,No,Yes,No,No internet service,No internet service,No internet service,No internet service,No internet service,Yes,0
CUST-03909,61,20.98,1251.28,Two year,DSL,Bank transfer,0,No,No,Yes,Yes,No,Yes,Yes,No,No,No,0
CUST-03910,43,79.72,3408.47,One year,Fiber optic,Credit card,0,Yes,No,Yes,No,Yes,No,No,Yes,No,Yes,1
CUST-03911,25,58.37,1463.84,One year,Fiber optic,Electronic check,0,Yes,Yes,Yes,Yes,Yes,No,Yes,No,Yes,No,1
CUST-03912,20,48.46,954.71,One year,Fiber optic,Credit card,0,Yes,No,Yes,No,Yes,Yes,Yes,Yes,No,No,0
CUST-03913,48,106.43,5176.2,Month-to-month,DSL,Electronic check,0,Yes,No,Yes,No,Yes,Yes,No,Yes,No,No,0
CUST-03914,24,94.17,2270.39,Month-to-month,Fiber optic,Mailed check,0,No,No,Yes,Yes,Yes,Yes,No,No,No,Yes,0
CUST-03915,11,105.49,1158.82,One year,Fiber optic,Electronic check,0,Yes,Yes,Yes,No,Yes,Yes,No,No,Yes,No,1
CUST-03916,55,68.49,3756.64,Month-to-month,Fiber optic,Mailed check,0,No,No,Yes,No,No,Yes,No,Yes,No,No,0
CUST-03917,28,31.35,868.2,Month-to-month,Fiber optic,Credit card,0,Yes,No,Yes,No,No,No,Yes,No,Yes,Yes,0
CUST-03918,69,89.01,6142.29,Two year,Fiber optic,Mailed check,0,No,No,Yes,Yes,No,Yes,No,Yes,Yes,No,0
CUST-03919,63,39.02,2460.5,Two year,DSL,Electronic check,0,Yes,No,Yes,Yes,No,Yes,No,No,Yes,Yes,1
CUST-03920,59,63.01,3708.46,Month-to-month,No,Electronic check,0,Yes,No,Yes,Yes,No internet service,No internet service,No internet service,No internet service,No internet service,Yes,1
CUST-03921,5,24.63,117.69,One year,No,Mailed check,0,No,No,Yes,Yes,No internet service,No internet service,No internet service,No internet service,No internet service,Yes,0
CUST-03922,51,102.18,5238.07,Two year,DSL,Bank transfer,0,No,Yes,Yes,No,No,Yes,No,No,No,Yes,0
CUST-03923,21,30.85,675.54,Month-to-month,DSL,Bank transfer,0,No,No,Yes,No,Yes,No,Yes,No,No,No,0
CUST-03924,12,110.12,1326.48,Month-to-month,DSL,Electronic check,0,No,No,Yes,Yes,No,Yes,Yes,No,Yes,Yes,1
CUST-03925,50,106.15,5280.67,Month-to-month,Fiber optic,Bank transfer,0,Yes,Yes,Yes,Yes,No,Yes,No,No,Yes,No,1
CUST-03926,4,65.39,272.33,Month-to-month,No,Credit card,0,Yes,No,Yes,No,No internet service,No internet service,No internet service,No internet service,No internet service,Yes,0
CUST-03927,42,93.93,3976.15,Two year,Fiber optic,Mailed check,0,No,No,Yes,Yes,No,Yes,No,Yes,No,Yes,0
CUST-03928,38,81.18,3112.24,Month-to-month,No,Bank transfer,0,Yes,No,Yes,Yes,No internet service,No internet service,No internet service,No internet service,No internet service,No,1
CUST-03929,25,99.91,2512.44,Month-to-month,DSL,Credit card,0,Yes,No,No,No phone service,No,Yes,Yes,Yes,No,Yes,1
CUST-03930,14,62.04,897.01,Month-to-month,Fiber optic,Bank transfer,0,No,No,Yes,Yes,No,No,Yes,Yes,Yes,No,1
CUST-03931,32,98.15,3141.87,Month-to-month,DSL,Bank transfer,0,No,No,Yes,No,No,No,Yes,Yes,No,No,0
CUST-03932,11,65.17,729.43,Month-to-month,DSL,Bank transfer,0,No,No,Yes,No,No,Yes,Yes,No,No,Yes,1
CUST-03933,61,113.98,6939.16,One year,Fiber optic,Electronic check,1,Yes,No,Yes,Yes,Yes,Yes,No,No,Yes,Yes,0
CUST-03934,18,67.61,1222.83,Month-to-month,DSL,Bank transfer,0,No,No,No,No phone service,Yes,No,No,Yes,No,Yes,1
CUST-03935,27,65.19,1786.72,One year,Fiber optic,Credit card,0,Yes,No,Yes,No,No,Yes,No,No,Yes,No,0
CUST-03936,55,98.08,5382.61,One year,Fiber optic,Electronic check,0,Yes,No,Yes,No,Yes,Yes,Yes,Yes,No,No,0
CUST-03937,54,101.8,5479.97,Month-to-month,No,Credit card,0,No,No,Yes,Yes,No internet service,No internet service,No internet service,No internet service,No internet service,Yes,1
CUST-03938,21,74.56,1567.71,One year,DSL,Bank transfer,1,No,No,Yes,No,Yes,Yes,Yes,Yes,Yes,Yes,1
CUST-03939,44,36.34,1594.43,One year,Fiber optic,Mailed check,0,No,No,Yes,No,Yes,No,Yes,No,Yes,Yes,0
CUST-03940,5,65.71,341.53,Month-to-month,No,Bank transfer,0,Yes,No,Yes,No,No internet service,No internet service,No internet service,No internet service,No internet service,Yes,1
CUST-03941,41,116.74,4777.27,Month-to-month,No,Mailed check,0,No,No,Yes,No,No internet service,No internet service,No internet service,No internet service,No internet service,No,1
CUST-03942,59,94.8,5627.57,One year,Fiber optic,Credit card,0,Yes,No,Yes,No,No,No,No,Yes,No,Yes,0
CUST-03943,54,100.74,5414.17,Two year,Fiber optic,Mailed check,0,No,Yes,Yes,No,Yes,Yes,No,No,No,Yes,0
CUST-03944,22,21.35,494.77,Month-to-month,Fiber optic,Credit card,0,Yes,No,Yes,Yes,No,No,Yes,Yes,No,No,0
CUST-03945,65,65.72,4256.5,Month-to-month,Fiber optic,Mailed check,0,Yes,No,Yes,No,No,No,No,Yes,No,No,0
CUST-03946,64,83.96,5337.52,Month-to-month,Fiber optic,Bank transfer,0,Yes,Yes,Yes,No,Yes,Yes,Yes,No,No,Yes,1
CUST-03947,71,102.66,7293.62,Month-to-month,Fiber optic,Credit card,0,Yes,No,Yes,Yes,Yes,Yes,No,No,No,Yes,1
CUST-03948,4,23.03,87.03,One year,No,Electronic check,0,No,No,Yes,Yes,No internet service,No internet service,No internet service,No internet service,No internet service,No,0
CUST-03949,65,104.95,6799.56,Month-to-month,Fiber optic,Bank transfer,0,No,Yes,Yes,Yes,No,No,No,Yes,Yes,No,1
CUST-03950,15,73.94,1075.47,Month-to-month,DSL,Electronic check,0,Yes,Yes,Yes,Yes,No,Yes,Yes,Yes,No,Yes,0
CUST-03951,22,38.13,838.69,Month-to-month,Fiber optic,Credit card,1,No,Yes,Yes,Yes,Yes,No,Yes,No,Yes,Yes,0
CUST-03952,47,50.36,2386.44,Month-to-month,DSL,Bank transfer,0,No,Yes,Yes,Yes,No,No,No,No,No,No,1
CUST-03953,46,46.76,2162.66,Month-to-month,Fiber optic,Credit card,0,No,No,Yes,Yes,Yes,Yes,No,No,No,Yes,0
CUST-03954,14,72.15,1011.23,Month-to-month,DSL,Credit card,0,Yes,No,Yes,Yes,Yes,Yes,No,Yes,Yes,Yes,0
CUST-03955,50,23.27,1173.08,Month-to-month,Fiber optic,Electronic check,0,No,No,Yes,Yes,Yes,No,Yes,No,Yes,No,0
CUST-03956,20,34.17,682.86,Two year,No,Electronic check,0,Yes,No,Yes,No,No internet service,No internet service,No internet service,No internet service,No internet service,No,0
CUST-03957,50,100.89,5015.91,Two year,Fiber optic,Bank transfer,0,No,No,Yes,Yes,No,No,No,No,Yes,No,1
CUST-03958,33,31.53,1012.07,Month-to-month,DSL,Mailed check,0,No,No,Yes,Yes,Yes,No,Yes,Yes,Yes,No,1
CUST-03959,59,41.81,2462.73,Month-to-month,Fiber optic,Electronic check,0,Yes,No,Yes,No,No,No,No,No,No,No,0
CUST-03960,43,64.24,2759.11,Month-to-month,DSL,Electronic check,0,No,No,Yes,No,No,Yes,No,Yes,No,Yes,0
CUST-03961,12,70.75,866.02,Month-to-month,Fiber optic,Mailed check,0,Yes,No,Yes,Yes,No,Yes,No,Yes,Yes,No,1
CUST-03962,40,95.89,3850.75,Month-to-month,Fiber optic,Electronic check,0,Yes,Yes,Yes,Yes,Yes,Yes,No,Yes,Yes,No,0
CUST-03963,20,63.63,1284.7,Month-to-month,No,Credit card,0,Yes,No,Yes,No,No internet service,No internet service,No internet service,No internet service,No internet service,No,0
CUST-03964,38,98.57,3740.05,One year,DSL,Credit card,0,No,Yes,Yes,Yes,Yes,No,No,Yes,Yes,No,1
CUST-03965,3,81.07,215.6,Month-to-month,Fiber optic,Bank transfer,0,No,No,Yes,Yes,No,No,No,No,No,No,0
CUST-03966,28,29.54,835.36,Month-to-month,No,Electronic check,0,Yes,Yes,Yes,Yes,No internet service,No internet service,No internet service,No internet service,No internet service,Yes,1
CUST-03967,56,33.95,1911.7,One year,No,Electronic check,0,Yes,No,Yes,Yes,No internet service,No internet service,No internet service,No internet service,No internet service,No,0
CUST-03968,13,62.58,765.77,One year,DSL,Mailed check,0,Yes,No,No,No phone service,No,No,No,Yes,No,Yes,0
CUST-03969,66,58.48,3842.99,Month-to-month,Fiber optic,Credit card,0,No,No,Yes,Yes,No,No,Yes,No,Yes,Yes,1
CUST-03970,37,93.84,3458.26,Month-to-month,DSL,Mailed check,0,No,Yes,Yes,Yes,No,No,Yes,Yes,Yes,Yes,0
CUST-03971,49,77.24,3787.13,Month-to-month,Fiber optic,Mailed check,0,No,Yes,No,No phone service,Yes,No,Yes,Yes,Yes,Yes,0
CUST-03972,66,57.59,3784.87,Month-to-month,DSL,Electronic check,1,No,No,Yes,No,Yes,No,No,No,No,No,0
CUST-03973,36,35.42,1274.36,Month-to-month,No,Bank transfer,0,No,Yes,Yes,No,No internet service,No internet service,No internet service,No internet service,No internet service,Yes,0
CUST-03974,54,41.14,2217.35,Month-to-month,DSL,Bank transfer,0,Yes,No,Yes,Yes,No,Yes,Yes,Yes,Yes,No,0
CUST-03975,26,76.7,1991.02,Month-to-month,Fiber optic,Electronic check,0,Yes,No,Yes,Yes,Yes,Yes,Yes,Yes,No,No,0
CUST-03976,72,61.19,4391.35,One year,Fiber optic,Mailed check,0,No,Yes,Yes,Yes,Yes,No,No,Yes,No,Yes,0
CUST-03977,40,70.52,2808.02,One year,No,Bank transfer,0,No,Yes,Yes,Yes,No internet service,No internet service,No internet service,No internet service,No internet service,Yes,0
CUST-03978,43,35.41,1501.02,Month-to-month,Fiber optic,Mailed check,0,No,No,Yes,Yes,Yes,No,No,Yes,No,Yes,1
CUST-03979,22,85.62,1891.24,Month-to-month,DSL,Bank transfer,0,Yes,No,Yes,Yes,No,No,No,No,Yes,No,1
CUST-03980,20,104.96,2110.62,Month-to-month,DSL,Credit card,1,Yes,Yes,Yes,No,Yes,Yes,Yes,Yes,No,Yes,1
CUST-03981,8,44.31,339.07,Month-to-month,DSL,Bank transfer,0,Yes,No,Yes,No,No,No,No,No,No,Yes,0
CUST-03982,29,68.13,2006.18,Month-to-month,Fiber optic,Bank transfer,0,No,No,Yes,No,Yes,No,No,Yes,No,Yes,1
CUST-03983,40,117.5,4693.71,Two year,Fiber optic,Credit card,0,No,No,Yes,Yes,Yes,No,No,No,No,No,1
CUST-03984,30,51.99,1590.3,One year,Fiber optic,Credit card,0,Yes,No,Yes,Yes,Yes,Yes,No,Yes,No,Yes,0
CUST-03985,55,78.69,4315.11,Two year,DSL,Mailed check,0,No,Yes,Yes,Yes,No,No,Yes,No,No,No,0
CUST-03986,16,27.2,394.67,One year,Fiber optic,Electronic check,0,Yes,Yes,Yes,No,Yes,No,No,No,Yes,Yes,0
CUST-03987,46,79.81,3679.3,Two year,Fiber optic,Credit card,1,Yes,No,Yes,No,No,Yes,No,No,Yes,Yes,0
CUST-03988,62,27.14,1687.65,One year,No,Electronic check,0,Yes,No,Yes,No,No internet service,No internet service,No internet service,No internet service,No internet service,Yes,0
CUST-03989,7,115.84,811.57,Two year,Fiber optic,Credit card,0,No,No,Yes,Yes,No,Yes,No,No,Yes,No,1
CUST-03990,45,91.0,4082.16,Month-to-month,DSL,Electronic check,0,No,No,Yes,No,Yes,No,Yes,No,Yes,No,1
CUST-03991,59,98.39,5804.32,Month-to-month,Fiber optic,Credit card,0,No,No,Yes,No,No,Yes,Yes,Yes,Yes,Yes,0
CUST-03992,56,89.82,5019.69,One year,DSL,Bank transfer,0,No,No,No,No phone service,No,Yes,Yes,Yes,No,No,0
CUST-03993,48,78.15,3745.15,Two year,Fiber optic,Bank transfer,0,Yes,No,Yes,No,Yes,Yes,Yes,Yes,Yes,Yes,0
CUST-03994,27,63.89,1741.86,Month-to-month,Fiber optic,Mailed check,0,Yes,No,Yes,Yes,Yes,No,Yes,No,Yes,Yes,1
CUST-03995,53,105.55,5597.83,Month-to-month,DSL,Credit card,0,No,Yes,Yes,Yes,No,No,No,Yes,No,Yes,0
CUST-03996,35,115.6,4058.2,Month-to-month,DSL,Electronic check,1,No,No,Yes,Yes,Yes,No,No,Yes,No,Yes,0
CUST-03997,51,68.9,3509.26,One year,DSL,Electronic check,0,Yes,Yes,Yes,No,Yes,No,Yes,Yes,No,Yes,0
CUST-03998,37,113.02,4174.9,Month-to-month,No,Electronic check,0,Yes,No,Yes,No,No internet service,No internet service,No internet service,No internet service,No internet service,No,0
CUST-03999,57,77.5,4394.43,One year,DSL,Credit card,0,Yes,No,No,No phone service,No,Yes,Yes,No,No,Yes,1
CUST-04000,8,72.92,575.96,Two year,DSL,Mailed check,0,Yes,No,No,No phone service,No,Yes,No,Yes,No,No,1
CUST-04001,20,64.36,1220.78,Two year,DSL,Bank transfer,0,Yes,No,Yes,Yes,Yes,No,No,Yes,Yes,Yes,0
CUST-04002,53,39.35,2073.75,Month-to-month,Fiber optic,Bank transfer,0,No,Yes,Yes,Yes,Yes,No,Yes,No,Yes,Yes,1
CUST-04003,12,18.38,218.92,Month-to-month,Fiber optic,Credit card,0,No,No,Yes,Yes,No,Yes,Yes,Yes,No,Yes,1
CUST-04004,49,42.63,2100.14,Month-to-month,No,Bank transfer,0,Yes,Yes,Yes,No,No internet service,No internet service,No internet service,No internet service,No internet service,No,0
CUST-04005,17,69.99,1184.46,Month-to-month,DSL,Mailed check,0,No,Yes,Yes,No,Yes,Yes,Yes,Yes,No,No,0
CUST-04006,64,56.76,3639.59,Month-to-month,Fiber optic,Bank transfer,0,No,No,Yes,Yes,No,Yes,No,No,Yes,No,1
CUST-04007,42,63.75,2633.9,One year,Fiber optic,Bank transfer,0,Yes,Yes,Yes,No,Yes,Yes,No,Yes,No,Yes,0
CUST-04008,29,118.03,3421.73,Month-to-month,No,Electronic check,0,No,Yes,Yes,Yes,No internet service,No internet service,No internet service,No internet service,No internet service,Yes,0
CUST-04009,19,53.73,987.28,Two year,DSL,Electronic check,0,Yes,Yes,No,No phone service,Yes,Yes,No,Yes,No,No,0
CUST-04010,11,64.12,681.15,Two year,DSL,Electronic check,0,No,No,Yes,Yes,No,Yes,No,Yes,Yes,No,0
CUST-04011,50,31.62,1577.26,Month-to-month,Fiber optic,Mailed check,0,Yes,No,Yes,Yes,No,No,No,No,Yes,No,1
CUST-04012,71,22.89,1650.72,Two year,DSL,Mailed check,0,Yes,Yes,Yes,Yes,Yes,Yes,Yes,Yes,No,No,0
CUST-04013,58,97.09,5638.64,One year,DSL,Bank transfer,0,No,No,Yes,Yes,No,Yes,No,Yes,Yes,No,1
CUST-04014,34,76.21,2591.5,Month-to-month,Fiber optic,Credit card,1,Yes,No,Yes,No,Yes,No,Yes,Yes,No,Yes,1
CUST-04015,20,95.59,1911.41,Month-to-month,Fiber optic,Electronic check,0,Yes,No,Yes,Yes,No,No,No,No,No,No,1
CUST-04016,50,33.29,1650.23,Month-to-month,Fiber optic,Bank transfer,0,Yes,No,Yes,No,No,No,No,No,No,No,0
CUST-04017,10,76.33,752.42,Month-to-month,Fiber optic,Mailed check,0,Yes,No,Yes,Yes,Yes,No,No,No,Yes,No,0
CUST-04018,32,43.87,1412.39,One year,Fiber optic,Electronic check,1,No,No,Yes,Yes,Yes,No,No,Yes,No,No,1
CUST-04019,52,41.26,2117.81,Month-to-month,Fiber optic,Bank transfer,0,Yes,No,Yes,Yes,No,Yes,Yes,No,Yes,Yes,1
CUST-04020,15,19.18,299.56,One year,Fiber optic,Credit card,1,Yes,Yes,Yes,Yes,Yes,Yes,Yes,No,No,No,1
CUST-04021,3,31.29,86.1,Month-to-month,Fiber optic,Electronic check,0,Yes,Yes,No,No phone service,No,No,Yes,Yes,Yes,Yes,0
CUST-04022,37,49.55,1849.86,Month-to-month,DSL,Mailed check,0,Yes,No,Yes,Yes,No,No,No,No,Yes,No,0
CUST-04023,40,29.92,1216.02,One year,DSL,Electronic check,0,No,No,Yes,No,No,Yes,No,No,No,No,1
CUST-04024,72,118.56,8502.86,One year,Fiber optic,Electronic check,0,Yes,No,Yes,Yes,Yes,No,No,No,No,Yes,1
CUST-04025,40,49.48,1967.57,Month-to-month,Fiber optic,Bank transfer,0,No,No,Yes,Yes,No,Yes,Yes,No,Yes,Yes,1
CUST-04026,56,31.29,1735.13,Month-to-month,Fiber optic,Credit card,0,No,No,No,No phone service,Yes,No,Yes,Yes,Yes,No,1
CUST-04027,23,38.31,844.88,Two year,Fiber optic,Bank transfer,0,Yes,No,Yes,No,No,Yes,No,No,Yes,Yes,0
CUST-04028,11,77.95,836.8,One year,DSL,Mailed check,0,No,Yes,Yes,No,No,No,No,No,No,No,0
CUST-04029,64,24.53,1618.75,Month-to-month,DSL,Credit card,0,No,No,Yes,No,Yes,No,Yes,No,No,No,1
CUST-04030,8,105.97,859.95,Month-to-month,DSL,Electronic check,0,Yes,No,Yes,Yes,Yes,No,Yes,No,Yes,Yes,1
CUST-04031,56,116.07,6538.27,Month-to-month,Fiber optic,Bank transfer,0,Yes,No,Yes,No,Yes,No,No,Yes,No,Yes,1
CUST-04032,60,43.17,2606.78,Month-to-month,Fiber optic,Mailed check,0,Yes,No,Yes,No,No,No,Yes,Yes,Yes,Yes,0
CUST-04033,10,63.91,624.26,One year,Fiber optic,Credit card,0,Yes,Yes,Yes,No,No,Yes,Yes,Yes,Yes,Yes,1
CUST-04034,39,20.26,782.5,Two year,Fiber optic,Credit card,0,Yes,No,Yes,Yes,Yes,No,Yes,Yes,No,No,0
CUST-04035,28,83.35,2345.57,One year,No,Credit card,0,No,Yes,Yes,No,No internet service,No internet service,No internet service,No internet service,No internet service,No,0
CUST-04036,49,60.22,2959.53,Month-to-month,No,Electronic check,0,No,No,Yes,Yes,No internet service,No internet service,No internet service,No internet service,No internet service,Yes,0
CUST-04037,36,45.55,1628.25,Two year,Fiber optic,Bank transfer,1,No,No,Yes,No,No,No,Yes,No,Yes,Yes,0
CUST-04038,13,39.1,478.1,Month-to-month,No,Bank transfer,0,No,No,Yes,Yes,No internet service,No internet service,No internet service,No internet service,No internet service,Yes,1
CUST-04039,36,84.71,3115.32,Two year,Fiber optic,Bank transfer,0,No,No,Yes,No,No,Yes,No,Yes,Yes,No,0
CUST-04040,26,60.45,1568.88,Month-to-month,No,Mailed check,0,No,No,Yes,No,No internet service,No internet service,No internet service,No internet service,No internet service,No,0
CUST-04041,4,36.33,138.81,Month-to-month,No,Electronic check,0,No,No,Yes,Yes,No internet service,No internet service,No internet service,No internet service,No internet service,Yes,1
CUST-04042,64,88.29,5652.83,One year,No,Electronic check,0,Yes,Yes,Yes,Yes,No internet service,No internet service,No internet service,No internet service,No internet service,No,0
CUST-04043,38,75.64,2869.47,Month-to-month,Fiber optic,Electronic check,1,Yes,No,Yes,Yes,Yes,No,Yes,Yes,No,No,1
CUST-04044,22,105.58,2325.21,One year,Fiber optic,Credit card,1,Yes,No,Yes,Yes,Yes,No,No,Yes,Yes,No,0
CUST-04045,2,29.98,85.7,One year,Fiber optic,Credit card,0,No,No,Yes,No,No,Yes,No,No,No,Yes,1
CUST-04046,31,98.14,3039.85,Month-to-month,DSL,Electronic check,0,Yes,Yes,Yes,No,No,Yes,No,Yes,Yes,No,1
CUST-04047,11,86.7,930.45,One year,Fiber optic,Credit card,1,Yes,No,Yes,No,No,Yes,Yes,No,Yes,No,1
CUST-04048,46,29.73,1364.35,Month-to-month,No,Electronic check,0,No,No,No,No phone service,No internet service,No internet service,No internet service,No internet service,No internet service,Yes,1
CUST-04049,62,88.87,5500.65,Month-to-month,DSL,Mailed check,0,No,No,No,No phone service,No,Yes,No,Yes,No,No,1
CUST-04050,69,63.04,4378.24,Two year,Fiber optic,Electronic check,0,No,Yes,Yes,No,No,No,No,No,No,No,0
CUST-04051,64,114.39,7344.38,Two year,Fiber optic,Credit card,0,No,Yes,Yes,No,Yes,Yes,No,No,No,No,0
CUST-04052,10,32.44,326.55,Month-to-month,Fiber optic,Bank transfer,1,Yes,No,Yes,Yes,Yes,No,Yes,No,Yes,Yes,1
CUST-04053,40,83.57,3317.23,Month-to-month,No,Mailed check,0,No,No,Yes,Yes,No internet service,No internet service,No internet service,No internet service,No internet service,Yes,1
CUST-04054,24,56.96,1342.52,Month-to-month,No,Bank transfer,0,No,No,Yes,No,No internet service,No internet service,No internet service,No internet service,No internet service,No,0
CUST-04055,44,115.6,5086.7,One year,Fiber optic,Electronic check,0,No,Yes,Yes,No,Yes,Yes,Yes,Yes,No,Yes,1
CUST-04056,60,51.66,3106.33,Two year,DSL,Mailed check,0,No,Yes,Yes,Yes,Yes,Yes,No,No,No,Yes,0
CUST-04057,62,116.14,7193.19,Month-to-month,Fiber optic,Mailed check,1,Yes,No,Yes,No,No,Yes,Yes,Yes,Yes,Yes,1
CUST-04058,17,109.95,1859.55,Two year,Fiber optic,Electronic check,0,Yes,Yes,Yes,Yes,Yes,No,No,No,Yes,Yes,1
CUST-04059,65,45.58,2950.84,Month-to-month,Fiber optic,Credit card,0,No,No,Yes,No,Yes,Yes,No,No,Yes,No,0
CUST-04060,57,99.96,5697.25,Month-to-month,DSL,Bank transfer,0,Yes,No,Yes,Yes,No,Yes,No,Yes,Yes,Yes,0
CUST-04061,55,119.55,6527.59,Two year,Fiber optic,Electronic check,0,Yes,No,Yes,Yes,Yes,Yes,No,No,Yes,No,0
CUST-04062,53,43.77,2297.78,Month-to-month,DSL,Electronic check,0,No,No,Yes,Yes,No,No,No,No,Yes,No,1
CUST-04063,56,62.55,3490.26,Month-to-month,Fiber optic,Electronic check,0,Yes,Yes,Yes,Yes,Yes,No,Yes,Yes,No,No,1
CUST-04064,9,71.06,663.69,One year,DSL,Mailed check,1,No,No,Yes,Yes,No,No,Yes,Yes,Yes,No,1
CUST-04065,22,48.08,1041.48,Month-to-month,Fiber optic,Mailed check,1,Yes,No,Yes,Yes,Yes,Yes,Yes,Yes,No,Yes,0
CUST-04066,13,19.56,257.89,Month-to-month,DSL,Electronic check,0,Yes,No,Yes,Yes,Yes,Yes,No,Yes,Yes,No,0
CUST-04067,48,40.45,1946.13,Two year,No,Bank transfer,1,No,No,Yes,Yes,No internet service,No internet service,No internet service,No internet service,No internet service,Yes,0
CUST-04068,18,46.76,867.64,One year,Fiber optic,Mailed check,1,Yes,Yes,No,No phone service,No,Yes,Yes,No,No,No,1
CUST-04069,40,63.25,2555.25,Two year,DSL,Electronic check,0,No,No,Yes,Yes,No,No,No,Yes,No,No,0
CUST-04070,17,35.45,601.5,Month-to-month,Fiber optic,Credit card,0,Yes,Yes,Yes,Yes,Yes,No,No,Yes,No,No,0
CUST-04071,15,107.07,1596.54,Month-to-month,No,Electronic check,1,No,No,Yes,No,No internet service,No internet service,No internet service,No internet service,No internet service,Yes,1
CUST-04072,15,89.9,1335.22,Two year,Fiber optic,Mailed check,0,Yes,No,Yes,No,Yes,Yes,No,No,Yes,Yes,1
CUST-04073,63,26.69,1676.65,Month-to-month,Fiber optic,Mailed check,0,No,No,No,No phone service,No,Yes,Yes,No,Yes,No,0
CUST-04074,39,84.31,3279.41,Month-to-month,DSL,Electronic check,0,Yes,Yes,Yes,No,Yes,Yes,No,Yes,Yes,Yes,0
CUST-04075,13,84.67,1111.78,Month-to-month,Fiber optic,Electronic check,0,No,Yes,Yes,No,No,Yes,No,No,Yes,No,1
CUST-04076,32,115.53,3705.37,Month-to-month,Fiber optic,Electronic check,1,Yes,No,Yes,No,Yes,Yes,No,Yes,No,No,1
CUST-04077,9,18.31,176.63,Month-to-month,Fiber optic,Credit card,0,Yes,Yes,Yes,Yes,No,Yes,No,No,Yes,No,1
CUST-04078,40,43.29,1756.79,Two year,No,Bank transfer,1,No,No,Yes,No,No internet service,No internet service,No internet service,No internet service,No internet service,Yes,0
CUST-04079,20,112.63,2289.86,Two year,DSL,Bank transfer,0,No,No,Yes,No,No,Yes,No,No,Yes,Yes,0
CUST-04080,63,113.08,7126.53,One year,DSL,Mailed check,0,No,No,Yes,No,No,Yes,Yes,Yes,Yes,Yes,0
CUST-04081,44,91.5,4047.99,One year,No,Mailed check,0,No,Yes,Yes,No,No internet service,No internet service,No internet service,No internet service,No internet service,No,0
CUST-04082,38,96.11,3645.15,Two year,Fiber optic,Electronic check,0,Yes,Yes,Yes,No,No,No,Yes,Yes,Yes,Yes,0
CUST-04083,60,27.33,1663.5,One year,DSL,Electronic check,0,Yes,No,No,No phone service,Yes,No,No,No,Yes,No,0
CUST-04084,71,70.42,5021.05,Month-to-month,Fiber optic,Electronic check,0,No,No,Yes,No,Yes,Yes,No,No,No,Yes,1
CUST-04085,48,41.62,2017.93,Month-to-month,No,Mailed check,0,Yes,No,Yes,Yes,No internet service,No internet service,No internet service,No internet service,No internet service,Yes,1
CUST-04086,18,36.48,658.52,Month-to-month,DSL,Electronic check,0,Yes,No,Yes,Yes,No,No,No,Yes,Yes,No,1
CUST-04087,16,100.65,1597.03,Month-to-month,DSL,Electronic check,0,No,No,No,No phone service,Yes,No,No,Yes,Yes,Yes,0
CUST-04088,55,31.77,1719.46,Month-to-month,DSL,Electronic check,0,Yes,Yes,Yes,Yes,Yes,No,No,No,No,Yes,1
CUST-04089,39,65.8,2565.4,Month-to-month,No,Mailed check,0,No,No,Yes,No,No internet service,No internet service,No internet service,No internet service,No internet service,Yes,0
CUST-04090,68,113.73,7764.3,Month-to-month,No,Mailed check,0,Yes,No,Yes,Yes,No internet service,No internet service,No internet service,No internet service,No internet service,Yes,1
CUST-04091,59,36.95,2173.85,Month-to-month,Fiber optic,Electronic check,0,No,No,Yes,No,Yes,No,Yes,No,Yes,Yes,1
CUST-04092,62,117.76,7316.82,Month-to-month,Fiber optic,Electronic check,0,Yes,No,Yes,Yes,Yes,Yes,No,Yes,Yes,Yes,1
CUST-04093,13,119.42,1569.34,Month-to-month,DSL,Electronic check,0,Yes,Yes,Yes,No,Yes,No,Yes,No,Yes,Yes,1
CUST-04094,6,74.67,442.35,One year,DSL,Electronic check,0,No,No,No,No phone service,Yes,Yes,Yes,Yes,No,No,1
CUST-04095,60,35.35,2147.33,Month-to-month,No,Electronic check,0,Yes,Yes,Yes,No,No internet service,No internet service,No internet service,No internet service,No internet service,Yes,0
CUST-04096,14,50.24,645.19,Two year,DSL,Electronic check,0,Yes,No,Yes,Yes,Yes,Yes,No,Yes,No,Yes,0
CUST-04097,54,61.3,3285.74,Two year,Fiber optic,Bank transfer,0,No,Yes,Yes,No,No,No,No,Yes,Yes,Yes,0
CUST-04098,4,49.55,179.89,One year,Fiber optic,Mailed check,0,No,No,Yes,Yes,No,Yes,No,No,No,No,0
CUST-04099,39,46.62,1801.79,One year,DSL,Electronic check,1,Yes,No,Yes,Yes,No,No,No,No,No,Yes,0
CUST-04100,72,117.17,8442.97,Two year,Fiber optic,Electronic check,1,Yes,No,Yes,No,No,Yes,Yes,No,Yes,No,0
CUST-04101,25,33.64,846.8,Month-to-month,Fiber optic,Electronic check,0,No,Yes,Yes,Yes,No,No,No,No,No,Yes,1
CUST-04102,32,92.8,2977.48,Two year,Fiber optic,Electronic check,0,Yes,No,Yes,No,Yes,No,Yes,Yes,Yes,No,1
CUST-04103,59,18.04,1076.28,One year,DSL,Credit card,0,No,No,Yes,No,No,No,No,No,Yes,Yes,0
CUST-04104,63,78.81,4946.03,One year,DSL,Credit card,0,Yes,No,Yes,No,Yes,No,No,No,Yes,No,0
CUST-04105,38,111.43,4209.98,Month-to-month,Fiber optic,Electronic check,0,No,No,Yes,Yes,No,No,No,No,No,No,0
CUST-04106,53,47.37,2518.54,Month-to-month,No,Bank transfer,0,Yes,No,Yes,No,No internet service,No internet service,No internet service,No internet service,No internet service,Yes,1
CUST-04107,67,36.92,2461.04,One year,DSL,Electronic check,0,Yes,No,Yes,No,No,Yes,No,No,Yes,Yes,1
CUST-04108,28,84.47,2333.75,One year,No,Electronic check,0,Yes,Yes,Yes,Yes,No internet service,No internet service,No internet service,No internet service,No internet service,Yes,0
CUST-04109,3,90.69,291.5,One year,Fiber optic,Bank transfer,0,Yes,No,Yes,Yes,Yes,No,No,Yes,No,Yes,0
CUST-04110,22,88.18,1967.86,Month-to-month,No,Electronic check,0,Yes,Yes,Yes,Yes,No internet service,No internet service,No internet service,No internet service,No internet service,No,0
CUST-04111,38,50.57,1952.8,Month-to-month,DSL,Mailed check,1,Yes,No,Yes,Yes,No,No,No,Yes,No,Yes,1
CUST-04112,72,43.72,3151.58,Month-to-month,DSL,Bank transfer,1,No,No,Yes,No,Yes,Yes,Yes,No,No,No,1
CUST-04113,72,115.5,8328.52,Month-to-month,DSL,Mailed check,1,Yes,Yes,Yes,Yes,No,No,No,Yes,Yes,Yes,1
CUST-04114,62,112.18,6982.56,Month-to-month,Fiber optic,Credit card,0,No,No,Yes,Yes,Yes,Yes,No,No,Yes,Yes,0
CUST-04115,57,64.65,3672.22,Month-to-month,No,Bank transfer,0,Yes,No,Yes,Yes,No internet service,No internet service,No internet service,No internet service,No internet service,Yes,0
CUST-04116,6,104.31,648.07,Month-to-month,DSL,Bank transfer,0,No,No,Yes,Yes,Yes,No,No,Yes,Yes,Yes,1
CUST-04117,32,64.14,2057.99,Month-to-month,Fiber optic,Mailed check,0,No,Yes,No,No phone service,Yes,No,No,No,Yes,Yes,1
CUST-04118,10,61.29,631.17,Month-to-month,DSL,Electronic check,0,No,Yes,Yes,Yes,No,No,No,Yes,Yes,No,1
CUST-04119,3,33.99,105.69,Two year,Fiber optic,Bank transfer,1,Yes,No,No,No phone service,No,No,Yes,No,No,No,0
CUST-04120,59,61.49,3653.84,One year,DSL,Credit card,1,No,No,Yes,No,Yes,Yes,Yes,No,Yes,Yes,0
CUST-04121,49,72.82,3572.65,One year,DSL,Mailed check,0,Yes,No,Yes,Yes,Yes,No,No,Yes,Yes,Yes,0
CUST-04122,59,20.3,1168.02,Month-to-month,DSL,Credit card,0,Yes,No,Yes,No,No,No,Yes,Yes,No,Yes,0
CUST-04123,31,63.3,1991.34,One year,Fiber optic,Electronic check,0,No,No,Yes,Yes,No,Yes,Yes,Yes,No,No,0
CUST-04124,69,97.7,6722.35,Month-to-month,DSL,Electronic check,0,Yes,No,Yes,No,No,No,No,Yes,No,No,1
CUST-04125,62,87.36,5441.38,Two year,DSL,Electronic check,1,Yes,No,Yes,No,No,No,Yes,Yes,No,No,0
CUST-04126,52,82.79,4303.28,One year,DSL,Mailed check,0,Yes,No,Yes,Yes,Yes,No,No,No,Yes,Yes,0
CUST-04127,41,110.77,4565.09,One year,No,Credit card,0,Yes,No,Yes,No,No internet service,No internet service,No internet service,No internet service,No internet service,Yes,0
CUST-04128,31,19.84,637.74,Two year,Fiber optic,Mailed check,0,Yes,Yes,Yes,No,No,No,Yes,No,Yes,Yes,0
CUST-04129,22,74.82,1654.64,Month-to-month,Fiber optic,Credit card,0,No,No,Yes,No,Yes,Yes,No,No,Yes,No,1
CUST-04130,4,98.31,403.41,Month-to-month,Fiber optic,Mailed check,0,Yes,No,Yes,No,No,No,Yes,No,No,No,0
CUST-04131,13,73.22,960.31,One year,DSL,Mailed check,1,No,No,Yes,No,Yes,Yes,No,Yes,No,Yes,1
CUST-04132,45,51.04,2256.52,Month-to-month,Fiber optic,Bank transfer,0,No,No,No,No phone service,Yes,No,Yes,Yes,No,Yes,1
CUST-04133,42,31.9,1342.17,Month-to-month,DSL,Electronic check,0,No,No,Yes,Yes,Yes,Yes,No,Yes,Yes,Yes,1
CUST-04134,49,108.53,5295.65,One year,Fiber optic,Bank transfer,0,No,No,Yes,Yes,Yes,Yes,No,No,Yes,No,1
CUST-04135,20,66.02,1323.82,Month-to-month,Fiber optic,Electronic check,0,No,No,Yes,Yes,No,Yes,Yes,Yes,No,Yes,1
CUST-04136,54,107.57,5785.92,One year,Fiber optic,Electronic check,0,Yes,No,Yes,No,No,Yes,Yes,Yes,Yes,Yes,0
CUST-04137,36,77.76,2775.66,Two year,DSL,Bank transfer,0,Yes,No,Yes,Yes,Yes,No,No,Yes,Yes,No,0
CUST-04138,1,86.77,118.87,Month-to-month,DSL,Credit card,0,No,No,No,No phone service,Yes,No,No,No,No,Yes,1
CUST-04139,15,100.03,1521.84,Month-to-month,No,Bank transfer,1,No,Yes,Yes,Yes,No internet service,No internet service,No internet service,No internet service,No internet service,No,0
CUST-04140,17,85.23,1448.83,Month-to-month,Fiber optic,Bank transfer,0,No,No,Yes,Yes,No,Yes,No,Yes,No,Yes,0
CUST-04141,24,58.6,1410.1,Month-to-month,DSL,Bank transfer,0,Yes,Yes,Yes,No,No,No,Yes,Yes,No,Yes,1
CUST-04142,58,70.39,4077.66,Month-to-month,DSL,Electronic check,1,Yes,No,Yes,No,Yes,No,Yes,Yes,Yes,Yes,0
CUST-04143,72,99.91,7204.92,Month-to-month,No,Credit card,1,No,Yes,Yes,Yes,No internet service,No internet service,No internet service,No internet service,No internet service,No,1
CUST-04144,23,56.11,1277.01,Month-to-month,Fiber optic,Mailed check,0,No,Yes,Yes,Yes,No,No,No,Yes,No,Yes,1
CUST-04145,46,57.59,2669.01,Month-to-month,No,Electronic check,0,No,No,Yes,No,No internet service,No internet service,No internet service,No internet service,No internet service,Yes,1
CUST-04146,72,27.76,1993.66,One year,DSL,Mailed check,0,No,No,Yes,Yes,Yes,No,Yes,No,No,Yes,0
CUST-04147,8,111.29,881.92,Two year,Fiber optic,Electronic check,0,No,Yes,Yes,Yes,Yes,No,No,No,Yes,Yes,1
CUST-04148,59,27.29,1610.54,One year,DSL,Electronic check,0,Yes,Yes,Yes,Yes,No,Yes,Yes,No,Yes,No,0
CUST-04149,59,84.12,4951.26,Month-to-month,Fiber optic,Electronic check,0,No,No,Yes,Yes,No,No,No,No,Yes,No,1
CUST-04150,13,60.15,788.52,Month-to-month,DSL,Electronic check,0,Yes,Yes,Yes,Yes,Yes,No,Yes,No,Yes,No,0
CUST-04151,39,59.37,2304.68,One year,DSL,Bank transfer,0,No,No,Yes,Yes,Yes,No,No,Yes,No,No,0
CUST-04152,28,87.31,2454.05,Month-to-month,DSL,Bank transfer,0,Yes,No,Yes,No,Yes,Yes,No,No,Yes,Yes,0
CUST-04153,61,24.84,1539.56,Month-to-month,Fiber optic,Bank transfer,0,Yes,No,No,No phone service,No,No,Yes,No,No,Yes,0
CUST-04154,16,78.56,1242.57,Two year,Fiber optic,Mailed check,0,Yes,Yes,Yes,No,No,No,No,No,Yes,Yes,0
CUST-04155,2,96.75,190.89,Month-to-month,Fiber optic,Bank transfer,0,No,Yes,Yes,Yes,Yes,No,No,Yes,Yes,No,1
CUST-04156,17,102.48,1751.39,Month-to-month,No,Electronic check,0,No,No,Yes,No,No internet service,No internet service,No internet service,No internet service,No internet service,Yes,0
CUST-04157,30,35.39,1052.98,Two year,Fiber optic,Bank transfer,0,Yes,No,Yes,Yes,Yes,No,Yes,No,Yes,Yes,0
CUST-04158,13,109.54,1433.31,Two year,Fiber optic,Electronic check,1,No,Yes,Yes,No,Yes,Yes,Yes,No,No,No,0
CUST-04159,13,84.93,1115.2,Month-to-month,No,Mailed check,0,No,Yes,Yes,No,No internet service,No internet service,No internet service,No internet service,No internet service,Yes,1
CUST-04160,43,107.95,4663.52,Month-to-month,Fiber optic,Electronic check,0,No,No,Yes,No,No,No,No,Yes,Yes,Yes,1
CUST-04161,21,67.5,1405.38,One year,DSL,Credit card,0,No,Yes,Yes,No,No,Yes,No,No,Yes,Yes,1
CUST-04162,55,73.29,4012.09,One year,No,Credit card,0,Yes,Yes,Yes,No,No internet service,No internet service,No internet service,No internet service,No internet service,Yes,0
CUST-04163,40,111.74,4463.45,Month-to-month,DSL,Bank transfer,0,Yes,No,Yes,Yes,Yes,Yes,No,No,No,Yes,0
CUST-04164,15,109.79,1627.49,One year,Fiber optic,Electronic check,0,Yes,No,Yes,No,Yes,No,Yes,Yes,No,Yes,0
CUST-04165,52,63.71,3324.21,Two year,DSL,Electronic check,0,No,No,Yes,Yes,No,No,No,Yes,Yes,Yes,0
CUST-04166,53,45.99,2414.23,Month-to-month,Fiber optic,Credit card,0,Yes,No,Yes,Yes,Yes,Yes,No,No,No,No,1
CUST-04167,52,58.1,3067.86,Two year,Fiber optic,Mailed check,0,Yes,No,Yes,No,Yes,Yes,No,Yes,No,No,0
CUST-04168,30,57.55,1752.42,Two year,DSL,Credit card,0,Yes,Yes,Yes,Yes,No,No,No,Yes,Yes,No,0
CUST-04169,33,47.26,1559.83,Month-to-month,Fiber optic,Mailed check,0,Yes,No,Yes,Yes,Yes,No,Yes,No,No,Yes,0
CUST-04170,57,45.4,2605.15,One year,Fiber optic,Credit card,1,No,No,Yes,No,No,No,Yes,No,Yes,Yes,0
CUST-04171,52,105.83,5470.42,Month-to-month,DSL,Credit card,0,No,No,Yes,Yes,No,Yes,Yes,No,No,Yes,1
CUST-04172,9,25.13,276.64,One year,Fiber optic,Bank transfer,0,Yes,No,Yes,No,No,No,No,Yes,Yes,No,1
CUST-04173,54,87.12,4692.68,One year,DSL,Electronic check,0,No,Yes,Yes,No,Yes,Yes,No,Yes,No,Yes,1
CUST-04174,1,35.63,33.22,Month-to-month,No,Mailed check,0,No,No,No,No phone service,No internet service,No internet service,No internet service,No internet service,No internet service,Yes,0
CUST-04175,44,53.14,2301.04,One year,Fiber optic,Credit card,1,No,No,Yes,No,No,Yes,No,Yes,No,Yes,0
CUST-04176,9,24.28,228.25,Two year,No,Credit card,1,Yes,Yes,Yes,No,No internet service,No internet service,No internet service,No internet service,No internet service,Yes,0
CUST-04177,32,45.54,1435.15,Month-to-month,DSL,Electronic check,0,Yes,No,Yes,Yes,No,No,No,No,No,Yes,0
CUST-04178,15,96.38,1447.73,Month-to-month,DSL,Mailed check,0,No,No,Yes,No,No,Yes,Yes,Yes,No,No,1
CUST-04179,12,108.27,1288.35,Month-to-month,DSL,Credit card,0,No,No,No,No phone service,Yes,Yes,No,No,Yes,No,0
CUST-04180,57,40.6,2292.65,One year,DSL,Bank transfer,0,Yes,No,Yes,Yes,Yes,No,Yes,No,No,Yes,0
CUST-04181,8,65.28,506.15,Two year,Fiber optic,Credit card,1,No,No,Yes,Yes,No,Yes,Yes,No,Yes,Yes,1
CUST-04182,72,65.97,4754.36,Two year,No,Credit card,0,No,No,Yes,Yes,No internet service,No internet service,No internet service,No internet service,No internet service,Yes,0
CUST-04183,27,107.1,2866.07,Month-to-month,Fiber optic,Credit card,0,Yes,No,Yes,No,Yes,No,Yes,No,No,Yes,1
CUST-04184,62,95.81,5925.24,Month-to-month,No,Electronic check,0,Yes,No,Yes,No,No internet service,No internet service,No internet service,No internet service,No internet service,Yes,0
CUST-04185,12,70.33,857.23,Month-to-month,DSL,Electronic check,0,Yes,Yes,Yes,No,Yes,No,No,Yes,No,No,1
CUST-04186,65,86.42,5669.35,Month-to-month,No,Electronic check,0,No,No,Yes,Yes,No internet service,No internet service,No internet service,No internet service,No internet service,No,1
CUST-04187,42,104.43,4395.61,Month-to-month,DSL,Credit card,0,No,No,Yes,No,No,Yes,Yes,No,Yes,Yes,0
CUST-04188,62,18.97,1157.79,Month-to-month,No,Mailed check,0,No,No,No,No phone service,No internet service,No internet service,No internet service,No internet service,No internet service,Yes,0
CUST-04189,11,59.09,642.65,Month-to-month,DSL,Electronic check,0,No,No,Yes,Yes,No,No,No,No,No,No,1
CUST-04190,43,110.54,4753.85,Two year,No,Electronic check,0,No,Yes,Yes,No,No internet service,No internet service,No internet service,No internet service,No internet service,No,1
CUST-04191,17,93.51,1582.68,One year,DSL,Mailed check,0,Yes,No,Yes,No,No,Yes,No,Yes,No,No,1
CUST-04192,32,73.37,2365.9,One year,DSL,Credit card,0,Yes,No,Yes,Yes,Yes,No,Yes,No,No,Yes,0
CUST-04193,40,72.02,2885.15,Month-to-month,Fiber optic,Bank transfer,0,Yes,No,Yes,No,No,No,No,No,No,Yes,0
CUST-04194,23,53.47,1247.97,Two year,Fiber optic,Bank transfer,0,No,Yes,Yes,No,Yes,No,Yes,Yes,Yes,Yes,0
CUST-04195,56,71.09,3974.75,One year,Fiber optic,Electronic check,0,No,No,Yes,Yes,Yes,No,No,Yes,Yes,No,0
CUST-04196,6,84.85,535.61,Two year,No,Credit card,0,Yes,Yes,Yes,Yes,No internet service,No internet service,No internet service,No internet service,No internet service,Yes,1
CUST-04197,50,60.67,3030.17,Month-to-month,Fiber optic,Electronic check,0,Yes,No,Yes,No,Yes,No,Yes,Yes,No,No,0
CUST-04198,37,90.84,3341.66,Month-to-month,Fiber optic,Bank transfer,0,No,No,Yes,No,Yes,Yes,No,Yes,Yes,Yes,1
CUST-04199,64,105.85,6817.95,Month-to-month,DSL,Electronic check,0,Yes,Yes,Yes,Yes,Yes,Yes,Yes,Yes,No,Yes,1
CUST-04200,54,33.78,1787.62,Month-to-month,Fiber optic,Electronic check,0,No,Yes,Yes,No,No,No,No,Yes,Yes,Yes,0
CUST-04201,72,64.06,4597.55,One year,Fiber optic,Electronic check,0,Yes,Yes,Yes,Yes,Yes,No,No,Yes,Yes,Yes,0
CUST-04202,49,59.62,2908.84,Two year,No,Mailed check,1,No,Yes,Yes,Yes,No internet service,No internet service,No internet service,No internet service,No internet service,Yes,0
CUST-04203,11,88.12,1019.49,Month-to-month,Fiber optic,Bank transfer,1,No,Yes,Yes,No,No,Yes,Yes,Yes,No,No,1
CUST-04204,49,43.49,2167.15,Month-to-month,Fiber optic,Electronic check,1,Yes,Yes,Yes,No,No,Yes,Yes,Yes,Yes,Yes,1
CUST-04205,21,83.31,1779.39,One year,DSL,Electronic check,0,No,No,Yes,Yes,Yes,Yes,Yes,No,Yes,No,1
CUST-04206,66,107.5,7088.39,Month-to-month,DSL,Credit card,0,Yes,No,Yes,No,Yes,No,No,Yes,Yes,No,0
CUST-04207,63,60.65,3869.47,One year,Fiber optic,Electronic check,0,Yes,No,Yes,Yes,Yes,No,Yes,Yes,Yes,No,0
CUST-04208,28,110.92,3113.13,One year,DSL,Electronic check,1,Yes,No,Yes,Yes,No,Yes,No,Yes,No,Yes,1
CUST-04209,17,119.3,2047.65,Month-to-month,DSL,Mailed check,1,No,No,Yes,Yes,Yes,Yes,Yes,Yes,No,Yes,0
CUST-04210,6,28.82,176.51,Two year,DSL,Credit card,0,Yes,No,No,No phone service,Yes,No,No,No,Yes,Yes,0
CUST-04211,19,41.77,792.64,Month-to-month,No,Electronic check,0,Yes,No,Yes,Yes,No internet service,No internet service,No internet service,No internet service,No internet service,Yes,0
CUST-04212,56,114.94,6431.6,Two year,DSL,Credit card,0,No,Yes,Yes,No,Yes,Yes,Yes,Yes,No,Yes,0
CUST-04213,28,115.75,3236.81,One year,No,Mailed check,0,Yes,Yes,Yes,Yes,No internet service,No internet service,No internet service,No internet service,No internet service,No,1
CUST-04214,66,27.97,1858.19,Two year,DSL,Mailed check,0,Yes,Yes,Yes,Yes,No,Yes,Yes,Yes,Yes,No,0
CUST-04215,38,19.53,749.48,Month-to-month,DSL,Electronic check,1,Yes,No,Yes,Yes,Yes,Yes,Yes,No,No,No,0
CUST-04216,37,34.43,1273.28,Month-to-month,Fiber optic,Bank transfer,0,No,No,No,No phone service,No,Yes,Yes,Yes,Yes,No,0
CUST-04217,68,119.59,8162.31,Month-to-month,Fiber optic,Electronic check,0,No,No,Yes,No,Yes,No,No,No,Yes,Yes,1
CUST-04218,49,36.36,1722.3,Month-to-month,Fiber optic,Bank transfer,1,Yes,Yes,Yes,No,Yes,Yes,No,Yes,No,No,0
CUST-04219,43,69.26,2988.38,Two year,Fiber optic,Electronic check,0,No,No,Yes,No,No,Yes,Yes,No,No,Yes,1
CUST-04220,36,104.54,3777.79,Month-to-month,DSL,Mailed check,0,Yes,Yes,Yes,No,Yes,Yes,Yes,Yes,No,No,0
CUST-04221,58,20.08,1187.58,Two year,Fiber optic,Credit card,0,No,Yes,Yes,No,No,Yes,No,Yes,No,Yes,0
CUST-04222,13,79.66,1034.28,Month-to-month,Fiber optic,Bank transfer,0,Yes,No,Yes,No,No,Yes,No,No,No,No,0
CUST-04223,52,46.26,2409.68,Month-to-month,DSL,Electronic check,0,Yes,Yes,Yes,No,Yes,No,No,Yes,No,Yes,1
CUST-04224,58,105.96,6165.4,Two year,No,Bank transfer,0,No,No,Yes,No,No internet service,No internet service,No internet service,No internet service,No internet service,No,0
CUST-04225,32,46.91,1530.94,Month-to-month,Fiber optic,Bank transfer,0,Yes,No,Yes,No,No,No,No,No,Yes,Yes,0
CUST-04226,60,88.05,5276.99,One year,Fiber optic,Electronic check,0,Yes,No,Yes,No,No,Yes,No,Yes,No,Yes,0
CUST-04227,58,86.77,5038.0,Month-to-month,No,Mailed check,0,No,Yes,Yes,Yes,No internet service,No internet service,No internet service,No internet service,No internet service,Yes,1
CUST-04228,56,40.59,2306.61,Two year,No,Electronic check,0,No,No,Yes,Yes,No internet service,No internet service,No internet service,No internet service,No internet service,No,0
CUST-04229,28,21.55,560.92,One year,Fiber optic,Mailed check,0,Yes,No,Yes,No,Yes,Yes,No,No,No,Yes,0
CUST-04230,1,59.74,45.94,One year,DSL,Bank transfer,0,No,No,Yes,Yes,No,Yes,Yes,No,No,Yes,1
CUST-04231,42,47.5,2024.32,Month-to-month,No,Electronic check,0,No,No,Yes,No,No internet service,No internet service,No internet service,No internet service,No internet service,Yes,0
CUST-04232,48,100.52,4846.81,Month-to-month,DSL,Electronic check,0,Yes,Yes,Yes,Yes,No,No,No,No,Yes,No,0
CUST-04233,40,99.64,3996.05,Two year,DSL,Electronic check,0,No,No,Yes,Yes,No,Yes,Yes,No,No,Yes,0
CUST-04234,63,64.62,4062.09,Two year,DSL,Credit card,0,No,Yes,Yes,No,No,No,No,No,Yes,No,0
CUST-04235,72,79.86,5732.28,Month-to-month,Fiber optic,Bank transfer,0,No,No,Yes,Yes,No,Yes,Yes,No,No,No,0
CUST-04236,4,79.63,306.7,Month-to-month,No,Electronic check,0,Yes,No,Yes,Yes,No internet service,No internet service,No internet service,No internet service,No internet service,No,0
CUST-04237,38,102.37,3921.02,Month-to-month,Fiber optic,Mailed check,1,Yes,Yes,Yes,No,Yes,Yes,Yes,Yes,Yes,Yes,0
CUST-04238,27,61.35,1643.88,Month-to-month,No,Electronic check,1,No,No,Yes,Yes,No internet service,No internet service,No internet service,No internet service,No internet service,Yes,1
CUST-04239,9,46.1,416.93,One year,DSL,Bank transfer,0,Yes,No,Yes,No,Yes,No,No,No,No,Yes,1
CUST-04240,16,45.03,705.41,Month-to-month,DSL,Mailed check,0,Yes,No,Yes,No,Yes,No,Yes,Yes,Yes,No,0
CUST-04241,56,72.69,4087.5,Month-to-month,Fiber optic,Credit card,0,Yes,No,Yes,Yes,Yes,No,Yes,No,Yes,Yes,0
CUST-04242,31,63.81,1967.34,One year,No,Electronic check,0,Yes,No,Yes,No,No internet service,No internet service,No internet service,No internet service,No internet service,Yes,0
CUST-04243,14,62.89,878.51,Month-to-month,Fiber optic,Bank transfer,0,Yes,No,Yes,No,No,No,No,Yes,No,Yes,0
CUST-04244,25,27.3,648.83,One year,DSL,Bank transfer,0,Yes,No,Yes,No,No,No,Yes,Yes,No,No,0
CUST-04245,34,91.3,3071.93,Two year,DSL,Credit card,0,Yes,No,Yes,Yes,Yes,No,No,Yes,Yes,No,0
CUST-04246,67,39.8,2666.75,Month-to-month,DSL,Mailed check,1,Yes,No,Yes,Yes,Yes,Yes,No,Yes,No,No,1
CUST-04247,24,38.09,887.66,One year,DSL,Bank transfer,0,No,Yes,Yes,Yes,No,No,Yes,Yes,Yes,No,0
CUST-04248,26,60.1,1604.7,Month-to-month,DSL,Electronic check,0,Yes,No,Yes,Yes,No,No,Yes,Yes,Yes,No,0
CUST-04249,20,41.23,783.37,Month-to-month,No,Mailed check,0,No,No,No,No phone service,No internet service,No internet service,No internet service,No internet service,No internet service,Yes,1
CUST-04250,64,77.55,4947.2,Month-to-month,Fiber optic,Credit card,0,No,No,Yes,No,Yes,Yes,No,No,No,No,0
CUST-04251,10,55.89,559.23,Month-to-month,Fiber optic,Credit card,1,No,No,Yes,No,No,Yes,Yes,Yes,Yes,Yes,1
CUST-04252,67,63.79,4266.63,Month-to-month,DSL,Bank transfer,0,No,Yes,Yes,Yes,No,Yes,No,No,Yes,Yes,1
CUST-04253,24,72.79,1724.88,Month-to-month,DSL,Mailed check,0,Yes,No,Yes,Yes,No,No,Yes,No,No,No,1
CUST-04254,5,38.76,174.64,Two year,Fiber optic,Credit card,0,Yes,No,Yes,No,Yes,No,Yes,No,Yes,Yes,0
CUST-04255,67,33.89,2250.82,One year,No,Electronic check,0,Yes,No,Yes,Yes,No internet service,No internet service,No internet service,No internet service,No internet service,Yes,0
CUST-04256,58,107.8,6246.67,Two year,Fiber optic,Electronic check,0,Yes,No,Yes,No,No,Yes,No,No,No,No,0
CUST-04257,27,62.24,1719.52,One year,No,Bank transfer,0,Yes,Yes,Yes,Yes,No internet service,No internet service,No internet service,No internet service,No internet service,Yes,0
CUST-04258,15,60.03,902.01,Month-to-month,No,Electronic check,0,No,No,Yes,Yes,No internet service,No internet service,No internet service,No internet service,No internet service,No,0
CUST-04259,35,21.63,780.71,Month-to-month,DSL,Credit card,0,Yes,No,Yes,No,No,Yes,Yes,Yes,Yes,Yes,0
CUST-04260,53,68.79,3656.01,Month-to-month,DSL,Mailed check,0,No,Yes,Yes,Yes,Yes,No,Yes,No,Yes,Yes,1
CUST-04261,44,74.53,3301.6,Month-to-month,Fiber optic,Mailed check,0,No,Yes,Yes,No,No,Yes,Yes,Yes,No,Yes,1
CUST-04262,26,75.0,1894.0,One year,Fiber optic,Bank transfer,0,No,Yes,Yes,No,Yes,No,Yes,No,Yes,Yes,0
CUST-04263,47,90.12,4229.55,Month-to-month,DSL,Bank transfer,0,Yes,No,Yes,No,No,No,Yes,Yes,No,Yes,1
CUST-04264,34,36.1,1253.54,Month-to-month,Fiber optic,Mailed check,1,No,No,Yes,No,No,Yes,Yes,No,No,Yes,0
CUST-04265,50,43.73,2175.07,Month-to-month,Fiber optic,Electronic check,0,Yes,Yes,Yes,No,Yes,Yes,No,No,No,Yes,1
CUST-04266,12,100.69,1243.53,Month-to-month,No,Bank transfer,0,Yes,No,Yes,No,No internet service,No internet service,No internet service,No internet service,No internet service,Yes,0
CUST-04267,4,114.61,488.12,Month-to-month,DSL,Electronic check,1,No,Yes,Yes,Yes,No,Yes,No,Yes,No,Yes,1
CUST-04268,48,31.87,1520.38,Month-to-month,DSL,Electronic check,1,Yes,No,Yes,No,Yes,Yes,Yes,No,No,No,0
CUST-04269,55,68.76,3771.74,One year,Fiber optic,Bank transfer,0,Yes,No,Yes,No,Yes,No,No,Yes,No,No,0
CUST-04270,1,39.85,19.58,Month-to-month,Fiber optic,Electronic check,0,No,No,Yes,Yes,Yes,No,Yes,Yes,No,Yes,1
CUST-04271,66,24.13,1579.99,One year,Fiber optic,Credit card,0,Yes,Yes,Yes,No,Yes,Yes,No,No,No,No,0
CUST-04272,30,51.2,1511.35,Month-to-month,No,Bank transfer,0,No,No,Yes,Yes,No internet service,No internet service,No internet service,No internet service,No internet service,Yes,1
CUST-04273,3,32.66,106.56,Month-to-month,No,Credit card,0,No,Yes,Yes,No,No internet service,No internet service,No internet service,No internet service,No internet service,No,0
CUST-04274,21,90.41,1869.49,Two year,Fiber optic,Electronic check,0,Yes,No,Yes,No,Yes,Yes,No,No,No,Yes,0
CUST-04275,49,72.44,3561.63,One year,DSL,Credit card,0,No,Yes,Yes,No,Yes,No,No,Yes,Yes,No,0
CUST-04276,62,32.67,2038.1,Month-to-month,Fiber optic,Electronic check,0,No,No,Yes,No,No,No,Yes,Yes,Yes,Yes,0
CUST-04277,38,18.94,686.5,Two year,Fiber optic,Electronic check,0,Yes,No,Yes,Yes,No,No,No,Yes,Yes,No,0
CUST-04278,15,100.43,1537.45,Month-to-month,No,Electronic check,0,Yes,No,Yes,Yes,No internet service,No internet service,No internet service,No internet service,No internet service,No,1
CUST-04279,52,35.97,1880.71,Month-to-month,No,Mailed check,0,No,No,Yes,Yes,No internet service,No internet service,No internet service,No internet service,No internet service,Yes,0
CUST-04280,46,79.83,3687.17,One year,Fiber optic,Electronic check,0,No,No,Yes,Yes,No,Yes,No,No,Yes,Yes,1
CUST-04281,25,52.37,1294.08,One year,Fiber optic,Mailed check,0,No,Yes,Yes,Yes,Yes,No,Yes,Yes,No,Yes,0
CUST-04282,21,77.72,1644.57,Month-to-month,DSL,Electronic check,1,Yes,No,Yes,Yes,No,No,No,No,Yes,Yes,0
CUST-04283,5,50.2,273.53,Month-to-month,DSL,Electronic check,0,Yes,No,Yes,Yes,No,No,No,No,Yes,Yes,1
CUST-04284,70,26.87,1878.93,Two year,DSL,Bank transfer,0,No,No,Yes,Yes,Yes,Yes,No,No,No,Yes,0
CUST-04285,47,40.74,1954.82,Month-to-month,DSL,Electronic check,0,Yes,No,Yes,Yes,No,Yes,Yes,Yes,Yes,Yes,0
CUST-04286,68,37.18,2529.12,Month-to-month,Fiber optic,Bank transfer,0,No,No,Yes,No,No,No,Yes,Yes,No,Yes,1
CUST-04287,18,61.66,1132.7,Month-to-month,DSL,Bank transfer,0,No,No,Yes,Yes,Yes,No,No,Yes,No,No,0
CUST-04288,21,85.14,1793.8,Two year,Fiber optic,Credit card,0,Yes,No,Yes,No,No,Yes,No,Yes,No,Yes,1
CUST-04289,23,44.91,1044.64,Month-to-month,Fiber optic,Mailed check,1,No,Yes,Yes,Yes,No,No,Yes,No,Yes,Yes,0
CUST-04290,64,19.23,1197.29,One year,Fiber optic,Credit card,1,Yes,No,Yes,No,No,No,No,Yes,No,Yes,0
CUST-04291,67,70.93,4759.73,One year,Fiber optic,Bank transfer,0,No,Yes,Yes,Yes,No,No,Yes,Yes,No,Yes,0
CUST-04292,40,79.79,3176.9,Month-to-month,DSL,Credit card,0,Yes,No,Yes,No,No,Yes,Yes,No,No,Yes,0
CUST-04293,10,116.21,1145.17,One year,No,Electronic check,0,Yes,Yes,Yes,Yes,No internet service,No internet service,No internet service,No internet service,No internet service,Yes,0
CUST-04294,52,78.13,4097.64,Two year,DSL,Bank transfer,0,No,Yes,Yes,Yes,Yes,Yes,No,Yes,Yes,Yes,0
CUST-04295,72,66.06,4752.04,Month-to-month,No,Credit card,0,No,Yes,Yes,Yes,No internet service,No internet service,No internet service,No internet service,No internet service,Yes,1
CUST-04296,61,76.49,4645.82,Month-to-month,DSL,Electronic check,0,Yes,No,Yes,No,No,Yes,Yes,Yes,Yes,No,0
CUST-04297,64,112.65,7202.42,Two year,Fiber optic,Bank transfer,0,Yes,Yes,Yes,Yes,Yes,No,No,Yes,Yes,No,0
CUST-04298,5,102.49,486.44,One year,DSL,Credit card,0,Yes,No,Yes,No,Yes,Yes,Yes,No,Yes,No,1
CUST-04299,53,50.94,2728.5,Month-to-month,DSL,Mailed check,0,Yes,Yes,Yes,No,Yes,No,No,No,Yes,Yes,0
CUST-04300,55,42.2,2307.09,One year,Fiber optic,Electronic check,0,No,No,Yes,No,No,Yes,No,Yes,No,Yes,0
CUST-04301,37,44.79,1667.82,One year,Fiber optic,Bank transfer,0,Yes,Yes,Yes,Yes,Yes,No,No,No,Yes,No,0
CUST-04302,56,69.45,3916.32,One year,DSL,Electronic check,0,No,Yes,Yes,No,Yes,No,No,No,Yes,No,0
CUST-04303,59,93.89,5529.51,Two year,Fiber optic,Credit card,0,No,No,Yes,No,Yes,Yes,No,No,Yes,Yes,0
CUST-04304,69,69.33,4794.41,Month-to-month,DSL,Electronic check,1,No,No,Yes,No,No,Yes,No,Yes,Yes,No,0
CUST-04305,59,24.92,1449.68,Month-to-month,Fiber optic,Electronic check,0,No,No,No,No phone service,No,No,Yes,No,No,No,1
CUST-04306,2,91.81,232.54,One year,No,Electronic check,0,Yes,No,No,No phone service,No internet service,No internet service,No internet service,No internet service,No internet service,No,1
CUST-04307,65,100.21,6532.38,Month-to-month,No,Bank transfer,0,Yes,Yes,Yes,No,No internet service,No internet service,No internet service,No internet service,No internet service,Yes,0
CUST-04308,60,47.53,2847.95,One year,Fiber optic,Credit card,0,No,Yes,No,No phone service,Yes,No,No,No,Yes,Yes,0
CUST-04309,51,85.74,4357.28,Month-to-month,DSL,Electronic check,0,No,No,Yes,No,Yes,No,Yes,Yes,Yes,Yes,0
CUST-04310,30,61.51,1843.02,Month-to-month,DSL,Electronic check,0,Yes,No,Yes,No,No,No,Yes,Yes,No,No,1
CUST-04311,11,108.69,1188.79,Month-to-month,No,Mailed check,0,No,No,No,No phone service,No internet service,No internet service,No internet service,No internet service,No internet service,No,1
CUST-04312,39,104.21,4103.25,One year,DSL,Credit card,0,No,Yes,Yes,No,Yes,Yes,No,No,Yes,No,0
CUST-04313,72,71.59,5129.97,One year,No,Mailed check,0,No,No,Yes,No,No internet service,No internet service,No internet service,No internet service,No internet service,No,0
CUST-04314,63,88.53,5580.09,Month-to-month,Fiber optic,Electronic check,0,No,Yes,Yes,No,No,Yes,No,Yes,No,Yes,1
CUST-04315,64,108.1,6918.03,Month-to-month,No,Mailed check,0,No,No,Yes,No,No internet service,No internet service,No internet service,No internet service,No internet service,Yes,0
CUST-04316,61,68.56,4179.81,Month-to-month,Fiber optic,Electronic check,0,No,Yes,Yes,Yes,No,No,Yes,No,No,Yes,0
CUST-04317,54,49.95,2695.13,One year,Fiber optic,Mailed check,0,Yes,No,No,No phone service,Yes,Yes,Yes,No,Yes,No,1
CUST-04318,58,94.87,5500.14,Month-to-month,Fiber optic,Electronic check,0,No,No,No,No phone service,Yes,No,Yes,No,No,Yes,1
CUST-04319,56,40.45,2282.66,One year,No,Credit card,0,Yes,No,Yes,No,No internet service,No internet service,No internet service,No internet service,No internet service,No,0
CUST-04320,34,57.63,1971.6,Month-to-month,No,Credit card,0,Yes,Yes,Yes,Yes,No internet service,No internet service,No internet service,No internet service,No internet service,Yes,0
CUST-04321,31,106.3,3303.68,Month-to-month,Fiber optic,Bank transfer,0,No,Yes,No,No phone service,Yes,Yes,No,Yes,No,No,1
CUST-04322,52,91.89,4717.6,One year,Fiber optic,Mailed check,0,No,No,Yes,No,No,No,No,No,No,Yes,0
CUST-04323,1,59.19,65.19,Month-to-month,Fiber optic,Mailed check,0,No,No,No,No phone service,No,No,Yes,No,Yes,No,1
CUST-04324,55,39.9,2161.39,Month-to-month,Fiber optic,Electronic check,0,Yes,No,Yes,No,Yes,No,Yes,Yes,Yes,No,1
CUST-04325,22,54.31,1207.75,Month-to-month,No,Bank transfer,1,Yes,Yes,Yes,No,No internet service,No internet service,No internet service,No internet service,No internet service,Yes,0
CUST-04326,40,46.98,1908.69,Month-to-month,Fiber optic,Bank transfer,0,Yes,No,Yes,Yes,Yes,No,No,Yes,No,Yes,1
CUST-04327,1,35.96,17.44,Month-to-month,Fiber optic,Credit card,1,Yes,No,No,No phone service,Yes,Yes,Yes,No,Yes,No,1
CUST-04328,65,93.82,6093.06,Month-to-month,Fiber optic,Electronic check,0,No,No,Yes,No,No,No,No,No,Yes,Yes,1
CUST-04329,63,43.71,2741.74,One year,Fiber optic,Bank transfer,0,Yes,No,Yes,Yes,No,No,No,Yes,No,Yes,0
CUST-04330,54,64.33,3498.53,One year,No,Bank transfer,0,Yes,Yes,Yes,Yes,No internet service,No internet service,No internet service,No internet service,No internet service,Yes,0
CUST-04331,42,57.36,2411.02,One year,Fiber optic,Electronic check,0,Yes,Yes,Yes,No,No,Yes,No,No,No,No,1
CUST-04332,21,118.17,2516.14,Month-to-month,DSL,Bank transfer,0,No,No,Yes,Yes,No,Yes,Yes,Yes,Yes,Yes,1
CUST-04333,22,57.89,1281.86,One year,Fiber optic,Credit card,0,Yes,Yes,Yes,No,No,Yes,No,Yes,Yes,Yes,0
CUST-04334,38,26.16,998.93,One year,DSL,Credit card,0,No,Yes,Yes,No,No,No,No,Yes,Yes,Yes,0
CUST-04335,8,27.16,218.64,Month-to-month,Fiber optic,Bank transfer,0,Yes,Yes,Yes,No,Yes,Yes,No,No,Yes,No,1
CUST-04336,62,78.26,4868.48,One year,No,Electronic check,0,Yes,No,Yes,No,No internet service,No internet service,No internet service,No internet service,No internet service,Yes,0
CUST-04337,47,79.14,3684.83,Two year,Fiber optic,Credit card,0,No,No,Yes,No,Yes,Yes,No,Yes,No,Yes,0
CUST-04338,17,60.71,1033.78,Month-to-month,No,Bank transfer,0,No,No,No,No phone service,No internet service,No internet service,No internet service,No internet service,No internet service,Yes,0
CUST-04339,17,62.05,1053.45,Two year,DSL,Electronic check,1,No,No,Yes,Yes,No,Yes,Yes,Yes,No,Yes,0
CUST-04340,13,23.5,320.01,Month-to-month,No,Electronic check,0,No,No,Yes,Yes,No internet service,No internet service,No internet service,No internet service,No internet service,Yes,0
CUST-04341,17,70.69,1197.98,Month-to-month,Fiber optic,Electronic check,0,No,Yes,No,No phone service,Yes,No,Yes,Yes,No,No,1
CUST-04342,38,69.48,2619.47,Month-to-month,DSL,Electronic check,0,No,No,Yes,Yes,No,No,Yes,Yes,Yes,No,1
CUST-04343,45,33.25,1496.4,One year,Fiber optic,Bank transfer,1,No,No,Yes,No,No,Yes,Yes,Yes,Yes,Yes,0
CUST-04344,6,28.59,149.88,Month-to-month,No,Electronic check,0,No,No,Yes,No,No internet service,No internet service,No internet service,No internet service,No internet service,Yes,1
CUST-04345,35,30.6,1032.49,Two year,DSL,Electronic check,1,Yes,Yes,Yes,No,No,No,No,No,Yes,Yes,0
CUST-04346,14,28.3,410.74,Two year,Fiber optic,Mailed check,0,Yes,Yes,Yes,Yes,No,Yes,No,No,No,Yes,0
CUST-04347,72,80.19,5785.26,One year,No,Mailed check,1,No,No,Yes,Yes,No internet service,No internet service,No internet service,No internet service,No internet service,No,0
CUST-04348,61,38.04,2329.78,Month-to-month,DSL,Electronic check,0,No,Yes,No,No phone service,Yes,Yes,No,Yes,Yes,Yes,1
CUST-04349,15,43.65,680.81,Two year,Fiber optic,Electronic check,0,Yes,No,Yes,Yes,No,Yes,Yes,No,No,Yes,0
CUST-04350,54,35.7,1914.5,Two year,Fiber optic,Electronic check,0,Yes,Yes,Yes,No,Yes,No,Yes,Yes,Yes,Yes,1
CUST-04351,27,115.7,3095.28,Month-to-month,DSL,Bank transfer,0,Yes,Yes,Yes,No,Yes,Yes,No,Yes,No,Yes,0
CUST-04352,13,105.17,1365.81,One year,Fiber optic,Electronic check,0,No,No,Yes,Yes,Yes,Yes,Yes,Yes,No,Yes,0
CUST-04353,31,41.51,1279.86,One year,DSL,Mailed check,0,Yes,No,Yes,Yes,No,Yes,No,No,No,Yes,0
CUST-04354,35,51.41,1782.5,One year,Fiber optic,Electronic check,0,No,No,Yes,No,No,No,No,No,No,No,0
CUST-04355,60,39.41,2363.0,Month-to-month,DSL,Electronic check,0,No,No,Yes,Yes,Yes,No,Yes,Yes,Yes,Yes,0
CUST-04356,6,68.17,396.79,Month-to-month,DSL,Mailed check,0,No,No,Yes,No,No,No,No,No,No,No,0
CUST-04357,69,20.0,1343.28,Month-to-month,Fiber optic,Electronic check,0,Yes,No,Yes,Yes,No,No,No,No,Yes,Yes,0
CUST-04358,58,86.48,5007.02,Month-to-month,Fiber optic,Electronic check,0,No,No,Yes,Yes,Yes,No,No,Yes,Yes,No,1
CUST-04359,49,71.36,3473.91,One year,DSL,Mailed check,0,No,No,Yes,Yes,Yes,Yes,No,No,No,Yes,0
CUST-04360,23,109.66,2526.81,Two year,No,Electronic check,0,Yes,Yes,Yes,Yes,No internet service,No internet service,No internet service,No internet service,No internet service,Yes,0
CUST-04361,34,34.77,1169.06,Two year,No,Bank transfer,0,Yes,Yes,Yes,Yes,No internet service,No internet service,No internet service,No internet service,No internet service,Yes,0
CUST-04362,26,100.02,2622.75,One year,No,Electronic check,0,No,No,Yes,Yes,No internet service,No internet service,No internet service,No internet service,No internet service,Yes,0
CUST-04363,47,98.78,4674.74,One year,Fiber optic,Credit card,0,No,No,Yes,No,No,Yes,No,Yes,No,Yes,1
CUST-04364,5,30.97,168.44,Month-to-month,No,Credit card,0,Yes,No,Yes,No,No internet service,No internet service,No internet service,No internet service,No internet service,Yes,0
CUST-04365,20,58.65,1141.98,One year,No,Bank transfer,0,Yes,Yes,Yes,Yes,No internet service,No internet service,No internet service,No internet service,No internet service,Yes,1
CUST-04366,6,35.36,242.26,Month-to-month,Fiber optic,Electronic check,0,Yes,Yes,Yes,Yes,No,No,Yes,No,Yes,No,1
CUST-04367,70,43.98,3110.11,Month-to-month,DSL,Credit card,0,No,No,No,No phone service,No,No,No,No,No,Yes,0
CUST-04368,59,44.85,2646.53,One year,DSL,Electronic check,0,No,No,Yes,No,Yes,Yes,Yes,No,No,Yes,0
CUST-04369,64,74.74,4809.82,Month-to-month,Fiber optic,Electronic check,1,Yes,No,Yes,No,Yes,No,Yes,No,Yes,Yes,1
CUST-04370,18,59.96,1068.25,Month-to-month,No,Electronic check,0,Yes,No,Yes,Yes,No internet service,No internet service,No internet service,No internet service,No internet service,Yes,0
CUST-04371,4,114.67,421.36,Two year,Fiber optic,Credit card,0,No,No,Yes,Yes,Yes,No,No,No,Yes,No,1
CUST-04372,17,30.89,509.92,Month-to-month,Fiber optic,Electronic check,1,No,No,Yes,No,Yes,No,No,Yes,No,Yes,1
CUST-04373,14,117.32,1677.07,Month-to-month,DSL,Credit card,0,No,No,Yes,Yes,No,Yes,No,No,No,Yes,1
CUST-04374,13,41.53,510.07,Month-to-month,DSL,Electronic check,0,No,Yes,Yes,No,No,Yes,Yes,Yes,Yes,Yes,0
CUST-04375,7,96.83,677.8,Month-to-month,Fiber optic,Credit card,1,Yes,No,Yes,Yes,Yes,No,Yes,Yes,No,No,1
CUST-04376,44,52.57,2313.76,Month-to-month,No,Credit card,0,No,No,Yes,No,No internet service,No internet service,No internet service,No internet service,No internet service,Yes,1
CUST-04377,15,32.59,478.59,One year,Fiber optic,Credit card,0,Yes,No,Yes,Yes,No,No,Yes,No,No,No,0
CUST-04378,19,105.5,1995.63,Month-to-month,No,Mailed check,0,No,No,No,No phone service,No internet service,No internet service,No internet service,No internet service,No internet service,No,0
CUST-04379,63,49.5,3119.94,Two year,DSL,Credit card,0,No,Yes,Yes,No,No,No,No,Yes,Yes,No,0
CUST-04380,35,85.2,2970.76,Month-to-month,Fiber optic,Credit card,1,No,No,Yes,Yes,No,Yes,Yes,Yes,No,No,1
CUST-04381,35,75.78,2623.86,Month-to-month,Fiber optic,Electronic check,0,No,No,Yes,No,No,No,No,Yes,No,No,1
CUST-04382,19,66.12,1260.58,One year,No,Mailed check,0,Yes,No,Yes,No,No internet service,No internet service,No internet service,No internet service,No internet service,Yes,0
CUST-04383,20,68.57,1392.87,One year,DSL,Bank transfer,0,Yes,Yes,Yes,No,Yes,Yes,No,Yes,Yes,Yes,0
CUST-04384,35,92.69,3261.54,One year,DSL,Electronic check,0,No,Yes,Yes,No,No,No,No,Yes,Yes,No,0
CUST-04385,32,26.95,846.21,Two year,DSL,Bank transfer,1,No,No,Yes,Yes,No,Yes,No,Yes,No,Yes,0
CUST-04386,48,86.15,4110.18,Month-to-month,No,Electronic check,0,No,No,Yes,No,No internet service,No internet service,No internet service,No internet service,No internet service,No,0
CUST-04387,44,109.37,4806.6,Month-to-month,DSL,Mailed check,0,No,No,Yes,Yes,No,No,Yes,Yes,Yes,Yes,1
CUST-04388,24,23.89,604.72,Two year,DSL,Electronic check,0,No,No,Yes,No,No,No,Yes,No,No,Yes,0
CUST-04389,61,32.35,1986.26,Month-to-month,Fiber optic,Electronic check,0,Yes,No,Yes,No,No,Yes,No,Yes,No,No,0
CUST-04390,17,91.1,1562.78,Month-to-month,Fiber optic,Electronic check,0,Yes,No,Yes,Yes,Yes,No,No,No,No,Yes,1
CUST-04391,71,62.6,4462.4,Month-to-month,No,Credit card,0,Yes,No,Yes,No,No internet service,No internet service,No internet service,No internet service,No internet service,No,1
CUST-04392,50,59.16,2966.42,One year,No,Electronic check,0,No,No,Yes,Yes,No internet service,No internet service,No internet service,No internet service,No internet service,No,0
CUST-04393,65,31.97,2080.46,Month-to-month,Fiber optic,Credit card,0,No,No,Yes,No,Yes,No,Yes,No,Yes,No,0
CUST-04394,32,69.69,2243.33,Month-to-month,No,Credit card,1,Yes,No,Yes,No,No internet service,No internet service,No internet service,No internet service,No internet service,Yes,0
CUST-04395,36,30.91,1101.84,Month-to-month,Fiber optic,Mailed check,0,No,No,Yes,No,No,No,Yes,Yes,Yes,No,0
CUST-04396,13,66.62,837.77,One year,DSL,Electronic check,0,Yes,No,No,No phone service,No,No,No,Yes,No,Yes,0
CUST-04397,70,95.89,6726.76,Month-to-month,No,Electronic check,0,Yes,Yes,Yes,Yes,No internet service,No internet service,No internet service,No internet service,No internet service,Yes,0
CUST-04398,58,44.34,2596.47,Month-to-month,Fiber optic,Mailed check,0,No,No,Yes,No,No,No,Yes,No,Yes,Yes,0
CUST-04399,14,67.04,916.2,One year,Fiber optic,Electronic check,0,Yes,Yes,Yes,No,Yes,No,Yes,Yes,No,Yes,0
CUST-04400,37,119.19,4426.47,Two year,Fiber optic,Mailed check,0,No,No,Yes,No,No,Yes,Yes,No,Yes,Yes,0
CUST-04401,68,88.04,6020.34,One year,Fiber optic,Credit card,1,Yes,Yes,Yes,No,Yes,No,No,Yes,Yes,Yes,1
CUST-04402,40,103.82,4152.76,One year,DSL,Electronic check,0,Yes,Yes,Yes,Yes,No,Yes,No,Yes,No,No,1
CUST-04403,59,60.31,3541.93,Month-to-month,Fiber optic,Bank transfer,0,No,No,No,No phone service,Yes,No,No,No,No,No,1
CUST-04404,16,96.32,1543.58,Month-to-month,No,Credit card,1,No,No,No,No phone service,No internet service,No internet service,No internet service,No internet service,No internet service,No,1
CUST-04405,62,22.13,1361.05,Month-to-month,Fiber optic,Credit card,0,No,No,Yes,No,Yes,Yes,Yes,No,No,Yes,1
CUST-04406,4,30.54,109.83,Two year,DSL,Credit card,0,Yes,No,Yes,Yes,Yes,Yes,Yes,No,Yes,Yes,0
CUST-04407,45,38.71,1750.61,Month-to-month,No,Credit card,0,Yes,No,Yes,No,No internet service,No internet service,No internet service,No internet service,No internet service,Yes,0
CUST-04408,28,59.0,1619.93,Two year,DSL,Electronic check,1,Yes,No,No,No phone service,No,Yes,Yes,No,Yes,No,0
CUST-04409,66,104.27,6852.94,Two year,DSL,Credit card,0,Yes,No,Yes,No,No,Yes,No,Yes,No,No,1
CUST-04410,31,53.32,1653.31,Month-to-month,DSL,Credit card,0,No,No,Yes,Yes,Yes,Yes,No,Yes,No,No,1
CUST-04411,3,84.77,253.86,Month-to-month,DSL,Mailed check,0,Yes,Yes,Yes,Yes,No,Yes,Yes,Yes,Yes,No,1
CUST-04412,8,90.35,729.67,Month-to-month,Fiber optic,Mailed check,0,No,No,Yes,No,No,No,No,No,Yes,Yes,1
CUST-04413,24,77.79,1904.46,Month-to-month,Fiber optic,Mailed check,0,No,No,Yes,No,Yes,Yes,No,No,No,Yes,0
CUST-04414,15,54.44,818.69,Month-to-month,No,Electronic check,0,No,No,Yes,No,No internet service,No internet service,No internet service,No internet service,No internet service,Yes,0
CUST-04415,43,76.86,3316.94,Two year,No,Electronic check,1,Yes,Yes,Yes,Yes,No internet service,No internet service,No internet service,No internet service,No internet service,Yes,0
CUST-04416,31,52.91,1620.7,Month-to-month,No,Bank transfer,0,Yes,No,Yes,Yes,No internet service,No internet service,No internet service,No internet service,No internet service,No,0
CUST-04417,45,26.56,1210.56,Month-to-month,Fiber optic,Mailed check,0,Yes,No,Yes,No,Yes,Yes,Yes,Yes,No,No,1
CUST-04418,66,119.27,7861.29,Month-to-month,Fiber optic,Mailed check,1,Yes,No,Yes,Yes,Yes,No,Yes,No,Yes,Yes,0
CUST-04419,8,30.97,249.19,Two year,No,Electronic check,0,Yes,No,Yes,No,No internet service,No internet service,No internet service,No internet service,No internet service,No,0
CUST-04420,71,25.38,1799.8,One year,Fiber optic,Credit card,0,No,No,Yes,Yes,Yes,Yes,No,Yes,Yes,Yes,0
CUST-04421,57,107.61,6154.43,Two year,Fiber optic,Electronic check,0,Yes,No,Yes,No,Yes,No,No,Yes,Yes,No,0
CUST-04422,30,48.79,1437.5,Two year,Fiber optic,Electronic check,0,Yes,No,Yes,Yes,No,No,Yes,No,Yes,Yes,0
CUST-04423,18,84.33,1472.28,Month-to-month,Fiber optic,Bank transfer,0,Yes,No,Yes,No,No,Yes,No,No,No,Yes,1
CUST-04424,69,51.56,3553.37,Month-to-month,Fiber optic,Mailed check,0,No,Yes,Yes,Yes,No,No,Yes,No,No,No,0
CUST-04425,39,57.93,2268.64,Month-to-month,Fiber optic,Electronic check,0,No,Yes,Yes,No,No,No,No,No,Yes,Yes,1
CUST-04426,60,44.74,2687.45,Month-to-month,Fiber optic,Mailed check,0,No,No,Yes,Yes,No,Yes,No,Yes,No,Yes,1
CUST-04427,43,52.99,2303.21,One year,Fiber optic,Bank transfer,0,Yes,Yes,Yes,No,No,Yes,No,No,Yes,No,1
CUST-04428,45,59.89,2703.8,Month-to-month,Fiber optic,Bank transfer,0,No,No,Yes,Yes,No,No,Yes,No,No,Yes,1
CUST-04429,23,91.48,2092.76,Month-to-month,No,Mailed check,0,Yes,No,Yes,No,No internet service,No internet service,No internet service,No internet service,No internet service,No,0
CUST-04430,69,70.18,4795.91,One year,No,Electronic check,0,Yes,No,No,No phone service,No internet service,No internet service,No internet service,No internet service,No internet service,No,0
CUST-04431,6,114.24,680.69,One year,DSL,Bank transfer,0,No,Yes,Yes,Yes,No,Yes,Yes,Yes,Yes,Yes,0
CUST-04432,56,22.27,1267.68,One year,DSL,Credit card,0,No,No,Yes,No,No,No,No,Yes,No,Yes,0
CUST-04433,4,69.31,269.4,Month-to-month,Fiber optic,Bank transfer,0,No,No,Yes,Yes,Yes,No,Yes,No,Yes,Yes,1
CUST-04434,23,77.59,1785.14,Two year,Fiber optic,Credit card,0,No,No,Yes,No,Yes,Yes,Yes,Yes,Yes,Yes,0
CUST-04435,6,111.86,679.59,Month-to-month,DSL,Mailed check,0,Yes,No,Yes,Yes,No,No,Yes,No,Yes,Yes,0
CUST-04436,32,23.01,716.01,Month-to-month,DSL,Bank transfer,0,Yes,Yes,Yes,No,Yes,Yes,No,No,No,Yes,1
CUST-04437,18,76.5,1389.46,One year,No,Credit card,0,Yes,No,Yes,Yes,No internet service,No internet service,No internet service,No internet service,No internet service,No,0
CUST-04438,15,105.07,1608.79,Two year,No,Bank transfer,0,Yes,No,Yes,No,No internet service,No internet service,No internet service,No internet service,No internet service,Yes,0
CUST-04439,40,42.68,1703.74,Month-to-month,Fiber optic,Credit card,0,No,Yes,Yes,No,No,No,No,Yes,Yes,Yes,0
CUST-04440,6,107.38,621.7,Month-to-month,Fiber optic,Mailed check,1,No,No,Yes,Yes,Yes,Yes,Yes,No,No,No,1
CUST-04441,63,19.94,1254.89,Month-to-month,Fiber optic,Credit card,0,No,No,Yes,Yes,Yes,Yes,No,No,Yes,No,0
CUST-04442,67,92.71,6167.08,Month-to-month,DSL,Bank transfer,0,No,Yes,Yes,No,No,No,No,Yes,No,No,0
CUST-04443,11,113.18,1251.72,Two year,Fiber optic,Credit card,0,No,No,Yes,No,No,No,Yes,Yes,Yes,No,1
CUST-04444,43,85.03,3665.34,Month-to-month,DSL,Electronic check,0,Yes,No,Yes,Yes,No,Yes,Yes,No,Yes,Yes,1
CUST-04445,17,62.78,1100.77,One year,Fiber optic,Bank transfer,0,Yes,No,Yes,Yes,No,No,Yes,Yes,Yes,No,0
CUST-04446,4,22.58,86.44,One year,DSL,Credit card,0,No,Yes,Yes,Yes,No,Yes,Yes,Yes,No,Yes,1
CUST-04447,63,111.85,7054.72,One year,Fiber optic,Electronic check,0,No,No,Yes,No,Yes,Yes,Yes,No,Yes,No,0
CUST-04448,68,65.97,4468.73,Month-to-month,Fiber optic,Bank transfer,0,Yes,No,Yes,Yes,Yes,No,No,Yes,No,Yes,1
CUST-04449,41,20.96,852.23,Month-to-month,Fiber optic,Credit card,0,No,Yes,Yes,Yes,No,Yes,No,No,No,Yes,0
CUST-04450,5,88.36,411.3,Month-to-month,DSL,Electronic check,1,No,No,Yes,Yes,Yes,Yes,No,Yes,No,No,1
CUST-04451,32,67.15,2144.9,Month-to-month,DSL,Mailed check,0,No,No,Yes,No,Yes,No,Yes,No,Yes,Yes,0
CUST-04452,70,30.68,2141.49,Month-to-month,Fiber optic,Mailed check,0,Yes,No,Yes,Yes,No,No,No,No,No,Yes,1
CUST-04453,35,39.86,1401.08,Two year,DSL,Mailed check,0,No,No,Yes,Yes,Yes,No,No,Yes,No,No,0
CUST-04454,22,24.58,528.29,Month-to-month,DSL,Electronic check,1,Yes,No,Yes,Yes,No,No,No,Yes,No,Yes,1
CUST-04455,65,76.58,4979.37,One year,Fiber optic,Electronic check,0,No,Yes,Yes,Yes,Yes,No,No,Yes,No,Yes,1
CUST-04456,22,81.45,1785.23,Month-to-month,Fiber optic,Electronic check,0,Yes,No,Yes,No,No,No,No,No,Yes,Yes,1
CUST-04457,11,69.59,758.86,One year,DSL,Electronic check,0,No,No,Yes,No,Yes,No,Yes,Yes,Yes,No,0
CUST-04458,3,101.34,305.63,Two year,Fiber optic,Electronic check,0,No,Yes,Yes,Yes,Yes,No,Yes,No,No,Yes,0
CUST-04459,9,105.82,953.19,Month-to-month,No,Bank transfer,1,Yes,Yes,No,No phone service,No internet service,No internet service,No internet service,No internet service,No internet service,Yes,1
CUST-04460,60,80.79,4862.62,Two year,No,Bank transfer,0,No,No,Yes,No,No internet service,No internet service,No internet service,No internet service,No internet service,Yes,0
CUST-04461,14,19.3,267.79,One year,DSL,Bank transfer,1,No,No,Yes,No,Yes,Yes,No,No,No,Yes,0
CUST-04462,18,88.91,1593.38,Two year,No,Electronic check,0,No,No,Yes,No,No internet service,No internet service,No internet service,No internet service,No internet service,Yes,0
CUST-04463,23,60.64,1391.1,One year,Fiber optic,Mailed check,0,Yes,No,Yes,No,Yes,No,No,No,No,No,1
CUST-04464,47,75.69,3543.14,Month-to-month,No,Electronic check,0,Yes,Yes,Yes,No,No internet service,No internet service,No internet service,No internet service,No internet service,Yes,0
CUST-04465,69,84.21,5803.29,Month-to-month,Fiber optic,Credit card,1,Yes,No,Yes,No,No,No,No,Yes,No,Yes,0
CUST-04466,47,53.72,2565.46,Month-to-month,Fiber optic,Bank transfer,0,Yes,Yes,Yes,Yes,Yes,Yes,Yes,Yes,Yes,Yes,1
CUST-04467,30,111.54,3327.95,Month-to-month,Fiber optic,Credit card,0,No,No,Yes,Yes,Yes,Yes,Yes,Yes,No,No,0
CUST-04468,25,31.67,786.18,Two year,Fiber optic,Electronic check,0,Yes,Yes,No,No phone service,Yes,Yes,No,Yes,No,No,0
CUST-04469,28,86.49,2413.97,One year,No,Bank transfer,0,Yes,No,Yes,Yes,No internet service,No internet service,No internet service,No internet service,No internet service,Yes,0
CUST-04470,25,18.44,456.06,Month-to-month,DSL,Mailed check,0,Yes,No,Yes,No,Yes,No,Yes,Yes,Yes,Yes,0
CUST-04471,58,112.31,6507.36,Two year,DSL,Credit card,0,Yes,No,Yes,Yes,No,Yes,No,Yes,Yes,No,0
CUST-04472,41,29.48,1214.26,One year,Fiber optic,Mailed check,0,No,No,Yes,No,Yes,No,Yes,No,No,No,0
CUST-04473,25,27.68,657.8,Month-to-month,No,Mailed check,0,No,Yes,Yes,No,No internet service,No internet service,No internet service,No internet service,No internet service,Yes,1
CUST-04474,48,51.97,2515.3,Month-to-month,Fiber optic,Electronic check,0,No,No,Yes,No,No,No,No,Yes,Yes,No,1
CUST-04475,10,56.1,573.65,Month-to-month,Fiber optic,Bank transfer,0,Yes,Yes,Yes,Yes,No,No,No,No,No,No,1
CUST-04476,11,39.86,413.6,Two year,Fiber optic,Electronic check,0,No,No,Yes,No,No,Yes,Yes,No,No,Yes,1
CUST-04477,21,77.68,1585.9,Two year,DSL,Electronic check,0,No,Yes,Yes,Yes,No,Yes,No,Yes,Yes,Yes,0
CUST-04478,45,63.18,2823.56,Month-to-month,Fiber optic,Electronic check,0,No,No,Yes,No,No,No,No,Yes,Yes,Yes,1
CUST-04479,7,21.49,145.58,Month-to-month,Fiber optic,Credit card,0,No,No,Yes,Yes,Yes,No,No,Yes,Yes,No,1
CUST-04480,64,50.6,3290.01,One year,No,Mailed check,0,Yes,Yes,No,No phone service,No internet service,No internet service,No internet service,No internet service,No internet service,No,0
CUST-04481,64,100.66,6453.11,Two year,DSL,Credit card,0,Yes,No,Yes,Yes,No,Yes,Yes,Yes,No,Yes,0
CUST-04482,2,88.35,140.55,One year,Fiber optic,Credit card,0,No,No,Yes,No,Yes,Yes,Yes,Yes,Yes,Yes,0
CUST-04483,42,91.94,3847.69,One year,DSL,Credit card,0,No,No,Yes,No,Yes,No,Yes,Yes,No,Yes,0
CUST-04484,54,89.21,4816.28,Month-to-month,DSL,Credit card,0,Yes,No,Yes,Yes,Yes,Yes,Yes,No,No,Yes,1
CUST-04485,16,49.72,800.59,Month-to-month,Fiber optic,Credit card,0,Yes,Yes,Yes,No,Yes,No,No,Yes,No,Yes,1
CUST-04486,18,28.17,480.77,Month-to-month,Fiber optic,Electronic check,0,No,Yes,Yes,Yes,Yes,No,No,No,Yes,Yes,1
CUST-04487,59,45.79,2698.91,Two year,DSL,Electronic check,0,No,Yes,Yes,Yes,No,No,Yes,No,Yes,Yes,0
CUST-04488,16,102.84,1631.09,Month-to-month,DSL,Bank transfer,0,No,No,Yes,No,Yes,No,Yes,Yes,Yes,Yes,0
CUST-04489,6,118.01,685.98,Two year,Fiber optic,Mailed check,1,No,No,No,No phone service,No,No,No,Yes,Yes,No,1
CUST-04490,57,68.37,3902.28,Month-to-month,No,Electronic check,0,Yes,No,Yes,Yes,No internet service,No internet service,No internet service,No internet service,No internet service,No,0
CUST-04491,47,18.99,908.01,Two year,DSL,Bank transfer,0,Yes,No,Yes,Yes,Yes,Yes,Yes,Yes,Yes,No,0
CUST-04492,48,32.28,1566.26,Month-to-month,Fiber optic,Mailed check,0,No,Yes,Yes,No,No,Yes,No,No,Yes,No,0
CUST-04493,42,50.85,2147.19,Month-to-month,DSL,Credit card,0,No,No,Yes,No,No,Yes,No,No,No,Yes,0
CUST-04494,60,77.02,4611.25,One year,No,Bank transfer,0,Yes,No,Yes,Yes,No internet service,No internet service,No internet service,No internet service,No internet service,Yes,0
CUST-04495,4,25.66,116.93,Month-to-month,Fiber optic,Bank transfer,0,Yes,No,No,No phone service,No,No,No,No,Yes,Yes,1
CUST-04496,2,114.22,234.62,Two year,No,Mailed check,0,No,No,Yes,No,No internet service,No internet service,No internet service,No internet service,No internet service,Yes,1
CUST-04497,59,55.24,3261.84,One year,DSL,Mailed check,0,Yes,Yes,No,No phone service,No,No,Yes,Yes,Yes,No,0
CUST-04498,27,111.08,2986.93,Month-to-month,Fiber optic,Credit card,0,No,Yes,Yes,Yes,Yes,Yes,Yes,No,No,Yes,1
CUST-04499,27,97.61,2625.53,Two year,Fiber optic,Electronic check,1,No,No,Yes,No,Yes,Yes,Yes,No,Yes,Yes,0
CUST-04500,72,95.05,6845.08,Two year,DSL,Mailed check,0,No,Yes,Yes,Yes,No,Yes,No,Yes,Yes,Yes,1
CUST-04501,7,79.89,608.03,Month-to-month,DSL,Bank transfer,0,No,No,Yes,Yes,No,Yes,No,No,Yes,Yes,1
CUST-04502,63,81.93,5167.61,Two year,Fiber optic,Mailed check,0,Yes,No,Yes,No,No,Yes,No,Yes,No,Yes,0
CUST-04503,46,83.08,3809.46,Month-to-month,Fiber optic,Electronic check,0,No,No,Yes,Yes,No,Yes,Yes,Yes,Yes,Yes,0
CUST-04504,63,82.13,5157.54,Month-to-month,DSL,Electronic check,0,Yes,No,Yes,Yes,Yes,No,Yes,No,No,Yes,0
CUST-04505,12,74.48,883.92,One year,Fiber optic,Electronic check,1,No,No,Yes,No,Yes,No,No,Yes,No,Yes,0
CUST-04506,13,118.61,1585.48,Month-to-month,DSL,Mailed check,0,No,No,Yes,No,No,Yes,No,No,No,Yes,0
CUST-04507,43,92.69,3977.68,Month-to-month,DSL,Credit card,0,Yes,No,Yes,No,Yes,Yes,Yes,No,No,No,1
CUST-04508,17,97.25,1671.39,Month-to-month,Fiber optic,Mailed check,0,Yes,No,No,No phone service,No,Yes,Yes,No,Yes,Yes,1
CUST-04509,63,106.99,6732.85,Month-to-month,DSL,Electronic check,0,Yes,No,Yes,No,No,No,Yes,No,No,No,0
CUST-04510,36,40.0,1445.22,Two year,Fiber optic,Mailed check,0,No,No,No,No phone service,Yes,Yes,No,No,Yes,Yes,0
CUST-04511,8,26.55,228.23,One year,Fiber optic,Electronic check,0,Yes,No,Yes,Yes,No,Yes,Yes,Yes,No,Yes,1
CUST-04512,69,67.26,4629.5,Two year,Fiber optic,Credit card,0,No,Yes,Yes,Yes,Yes,No,No,Yes,No,No,0
CUST-04513,36,70.44,2523.02,One year,Fiber optic,Mailed check,0,No,No,No,No phone service,Yes,Yes,Yes,No,No,No,1
CUST-04514,28,102.58,2905.42,Month-to-month,No,Credit card,0,No,No,Yes,No,No internet service,No internet service,No internet service,No internet service,No internet service,Yes,0
CUST-04515,47,63.27,2993.38,Month-to-month,Fiber optic,Mailed check,0,No,No,Yes,No,Yes,Yes,Yes,No,Yes,No,0
CUST-04516,30,76.23,2302.71,Month-to-month,Fiber optic,Credit card,1,Yes,Yes,Yes,Yes,Yes,Yes,Yes,No,Yes,No,0
CUST-04517,23,71.76,1666.23,Two year,DSL,Electronic check,1,No,No,Yes,Yes,Yes,No,Yes,Yes,No,Yes,0
CUST-04518,16,21.9,359.59,Month-to-month,Fiber optic,Electronic check,0,Yes,No,Yes,No,Yes,Yes,No,No,No,Yes,0
CUST-04519,14,80.75,1170.86,Month-to-month,Fiber optic,Electronic check,0,Yes,No,Yes,Yes,No,Yes,No,No,Yes,No,1
CUST-04520,71,102.46,7275.54,Two year,DSL,Bank transfer,0,Yes,No,Yes,Yes,Yes,No,Yes,Yes,No,Yes,0
CUST-04521,52,34.07,1783.19,One year,Fiber optic,Electronic check,1,No,Yes,Yes,Yes,No,No,Yes,Yes,Yes,Yes,0
CUST-04522,37,78.62,2879.92,Month-to-month,DSL,Mailed check,1,Yes,No,No,No phone service,Yes,No,No,Yes,Yes,No,0
CUST-04523,29,78.55,2261.45,Month-to-month,DSL,Credit card,1,No,No,Yes,Yes,No,Yes,No,Yes,No,No,0
CUST-04524,67,34.75,2304.23,Two year,DSL,Electronic check,0,Yes,Yes,No,No phone service,Yes,Yes,No,Yes,No,No,0
CUST-04525,15,30.59,484.33,Two year,Fiber optic,Electronic check,0,No,No,Yes,No,Yes,Yes,No,No,Yes,Yes,1
CUST-04526,47,117.97,5493.54,Month-to-month,Fiber optic,Credit card,0,No,No,Yes,No,Yes,No,Yes,No,No,Yes,1
CUST-04527,46,58.16,2667.31,Month-to-month,DSL,Mailed check,0,No,No,Yes,No,No,No,No,No,Yes,Yes,1
CUST-04528,52,41.2,2082.53,Two year,Fiber optic,Credit card,0,No,No,Yes,Yes,No,No,No,No,No,Yes,0
CUST-04529,19,35.48,657.49,One year,DSL,Mailed check,0,No,No,No,No phone service,Yes,Yes,Yes,Yes,No,Yes,1
CUST-04530,21,86.1,1798.28,Two year,DSL,Mailed check,0,Yes,No,Yes,Yes,No,No,No,Yes,Yes,Yes,0
CUST-04531,64,80.16,5157.94,Month-to-month,Fiber optic,Electronic check,0,Yes,Yes,Yes,Yes,Yes,No,Yes,Yes,Yes,Yes,1
CUST-04532,37,83.64,3102.61,Two year,Fiber optic,Credit card,0,No,Yes,Yes,No,No,Yes,No,Yes,Yes,No,0
CUST-04533,27,26.98,711.8,Month-to-month,DSL,Credit card,1,Yes,No,Yes,No,No,No,No,Yes,No,Yes,0
CUST-04534,55,109.14,6024.02,Month-to-month,DSL,Credit card,0,Yes,No,Yes,Yes,Yes,No,No,No,Yes,Yes,0
CUST-04535,29,57.71,1673.95,One year,No,Mailed check,1,Yes,No,Yes,No,No internet service,No internet service,No internet service,No internet service,No internet service,No,0
CUST-04536,20,49.96,999.95,Month-to-month,DSL,Credit card,1,No,No,No,No phone service,No,Yes,Yes,No,Yes,Yes,0
CUST-04537,25,65.16,1604.95,Two year,DSL,Mailed check,0,Yes,No,Yes,Yes,No,No,No,Yes,No,Yes,0
CUST-04538,70,57.79,4025.5,Month-to-month,Fiber optic,Mailed check,0,Yes,No,Yes,Yes,No,Yes,No,No,Yes,Yes,0
CUST-04539,63,106.08,6666.54,Two year,Fiber optic,Credit card,0,Yes,No,Yes,No,Yes,No,Yes,No,Yes,No,0
CUST-04540,36,112.78,4061.01,Month-to-month,Fiber optic,Electronic check,0,No,No,No,No phone service,No,No,Yes,No,Yes,Yes,1
CUST-04541,2,48.95,99.46,One year,No,Electronic check,0,No,No,Yes,No,No internet service,No internet service,No internet service,No internet service,No internet service,Yes,1
CUST-04542,22,106.12,2365.52,Month-to-month,DSL,Electronic check,1,No,Yes,Yes,No,No,No,No,Yes,Yes,No,1
CUST-04543,16,97.72,1571.22,One year,Fiber optic,Bank transfer,0,Yes,Yes,Yes,No,No,No,Yes,Yes,No,No,0
CUST-04544,18,112.94,1978.77,One year,DSL,Mailed check,0,No,No,Yes,Yes,Yes,Yes,No,No,No,No,1
CUST-04545,69,43.07,2977.08,Month-to-month,Fiber optic,Mailed check,1,Yes,No,Yes,Yes,Yes,No,No,No,Yes,Yes,1
CUST-04546,54,76.85,4120.9,Month-to-month,No,Credit card,0,No,No,Yes,Yes,No internet service,No internet service,No internet service,No internet service,No internet service,Yes,1
CUST-04547,30,46.0,1360.68,Month-to-month,Fiber optic,Mailed check,0,No,No,Yes,No,No,Yes,Yes,No,Yes,No,0
CUST-04548,45,102.06,4576.46,Two year,Fiber optic,Electronic check,0,No,Yes,Yes,Yes,No,No,No,No,No,No,0
CUST-04549,19,18.54,338.99,Month-to-month,No,Bank transfer,0,No,No,Yes,Yes,No internet service,No internet service,No internet service,No internet service,No internet service,Yes,0
CUST-04550,34,75.61,2543.24,Month-to-month,DSL,Credit card,0,No,Yes,Yes,No,Yes,Yes,Yes,No,Yes,No,0
CUST-04551,13,52.6,687.87,Month-to-month,Fiber optic,Electronic check,0,No,Yes,Yes,Yes,Yes,No,No,Yes,No,Yes,1
CUST-04552,43,50.91,2160.91,Two year,No,Bank transfer,0,Yes,No,Yes,Yes,No internet service,No internet service,No internet service,No internet service,No internet service,Yes,0
CUST-04553,62,83.78,5201.49,Month-to-month,Fiber optic,Electronic check,0,Yes,No,Yes,No,No,Yes,Yes,Yes,No,Yes,0
CUST-04554,22,104.85,2351.44,Month-to-month,DSL,Mailed check,0,No,No,No,No phone service,No,Yes,Yes,Yes,Yes,Yes,1
CUST-04555,52,80.14,4140.69,One year,DSL,Electronic check,0,No,No,Yes,Yes,No,No,No,No,No,Yes,0
CUST-04556,52,105.02,5455.35,One year,DSL,Electronic check,0,Yes,No,Yes,Yes,Yes,No,Yes,Yes,No,No,1
CUST-04557,36,44.99,1569.17,Month-to-month,DSL,Mailed check,0,No,No,Yes,Yes,No,Yes,Yes,Yes,Yes,Yes,1
CUST-04558,19,70.99,1342.79,Two year,Fiber optic,Credit card,0,Yes,No,Yes,Yes,Yes,No,No,No,No,Yes,0
CUST-04559,38,63.95,2442.95,One year,DSL,Bank transfer,0,Yes,No,Yes,No,No,Yes,Yes,Yes,No,No,0
CUST-04560,70,19.19,1357.71,Month-to-month,DSL,Credit card,0,Yes,No,Yes,Yes,Yes,No,Yes,No,Yes,No,0
CUST-04561,57,74.79,4264.58,Month-to-month,Fiber optic,Bank transfer,0,No,Yes,Yes,Yes,No,No,Yes,No,No,Yes,1
CUST-04562,20,85.48,1727.39,Two year,Fiber optic,Electronic check,1,No,No,Yes,Yes,No,No,Yes,No,No,Yes,0
CUST-04563,9,78.38,756.34,Month-to-month,Fiber optic,Electronic check,0,No,No,Yes,Yes,Yes,No,Yes,No,No,No,0
CUST-04564,32,93.1,3013.45,Month-to-month,Fiber optic,Credit card,0,No,No,Yes,Yes,Yes,No,No,No,Yes,Yes,0
CUST-04565,4,76.28,294.67,Month-to-month,DSL,Bank transfer,0,No,Yes,Yes,Yes,Yes,Yes,Yes,Yes,No,Yes,1
CUST-04566,50,24.81,1211.48,One year,DSL,Credit card,1,No,No,Yes,No,Yes,Yes,Yes,Yes,Yes,Yes,0
CUST-04567,5,29.88,141.28,One year,DSL,Electronic check,0,Yes,No,Yes,No,No,No,No,Yes,No,Yes,0
CUST-04568,20,78.84,1557.86,One year,Fiber optic,Electronic check,0,No,No,Yes,No,Yes,Yes,No,Yes,Yes,Yes,0
CUST-04569,37,46.05,1712.88,Month-to-month,DSL,Mailed check,0,Yes,Yes,Yes,Yes,No,No,Yes,No,Yes,Yes,1
CUST-04570,22,26.12,551.02,One year,Fiber optic,Electronic check,0,No,No,No,No phone service,No,Yes,Yes,Yes,No,Yes,1
CUST-04571,58,61.82,3584.1,One year,DSL,Electronic check,0,No,No,Yes,Yes,No,No,Yes,Yes,No,No,0
CUST-04572,68,74.54,5085.48,Month-to-month,No,Mailed check,1,No,No,Yes,No,No internet service,No internet service,No internet service,No internet service,No internet service,Yes,0
CUST-04573,44,51.53,2265.31,Two year,Fiber optic,Bank transfer,0,Yes,No,Yes,No,Yes,No,No,No,No,Yes,0
CUST-04574,34,91.48,3091.39,Month-to-month,Fiber optic,Electronic check,0,No,No,Yes,No,Yes,Yes,Yes,Yes,Yes,No,1
CUST-04575,42,83.66,3537.22,One year,Fiber optic,Electronic check,0,Yes,Yes,Yes,No,Yes,No,No,No,Yes,Yes,1
CUST-04576,9,51.95,429.97,Month-to-month,Fiber optic,Bank transfer,0,Yes,Yes,Yes,No,Yes,Yes,No,No,Yes,No,1
CUST-04577,7,95.0,658.44,One year,Fiber optic,Mailed check,0,No,No,Yes,Yes,Yes,No,Yes,Yes,Yes,Yes,1
CUST-04578,68,84.17,5722.73,Two year,No,Mailed check,0,Yes,No,No,No phone service,No internet service,No internet service,No internet service,No internet service,No internet service,Yes,0
CUST-04579,19,83.02,1577.7,Two year,Fiber optic,Mailed check,0,No,No,No,No phone service,Yes,Yes,Yes,Yes,No,Yes,0
CUST-04580,31,74.45,2311.56,Month-to-month,No,Credit card,1,Yes,Yes,Yes,No,No internet service,No internet service,No internet service,No internet service,No internet service,No,1
CUST-04581,35,19.16,682.81,Month-to-month,Fiber optic,Mailed check,0,No,No,Yes,No,No,Yes,Yes,Yes,No,Yes,1
CUST-04582,57,89.04,5074.57,Month-to-month,No,Credit card,0,No,No,Yes,No,No internet service,No internet service,No internet service,No internet service,No internet service,No,0
CUST-04583,61,56.36,3430.6,Two year,DSL,Mailed check,0,Yes,No,Yes,Yes,No,Yes,No,Yes,Yes,No,0
CUST-04584,31,114.15,3530.5,One year,DSL,Electronic check,0,Yes,Yes,Yes,Yes,Yes,Yes,No,Yes,No,Yes,0
CUST-04585,53,101.43,5363.56,Month-to-month,Fiber optic,Mailed check,0,No,No,Yes,No,Yes,Yes,No,Yes,No,No,0
CUST-04586,32,77.94,2509.83,Month-to-month,DSL,Mailed check,0,No,No,Yes,Yes,Yes,Yes,Yes,Yes,No,Yes,1
CUST-04587,66,43.72,2872.59,Two year,DSL,Mailed check,0,Yes,Yes,Yes,No,No,No,Yes,Yes,Yes,Yes,0
CUST-04588,59,38.78,2304.96,Month-to-month,DSL,Bank transfer,0,Yes,No,Yes,Yes,Yes,Yes,Yes,Yes,Yes,Yes,1
CUST-04589,10,52.72,527.58,Month-to-month,Fiber optic,Electronic check,0,No,No,No,No phone service,No,No,No,No,No,Yes,1
CUST-04590,2,66.61,122.79,Month-to-month,No,Bank transfer,0,Yes,No,Yes,No,No internet service,No internet service,No internet service,No internet service,No internet service,Yes,0
CUST-04591,66,48.2,3193.57,Month-to-month,Fiber optic,Bank transfer,0,Yes,No,Yes,No,Yes,No,No,No,No,Yes,0
CUST-04592,60,70.52,4216.65,One year,No,Bank transfer,0,No,No,No,No phone service,No internet service,No internet service,No internet service,No internet service,No internet service,No,0
CUST-04593,17,34.87,605.55,Two year,Fiber optic,Mailed check,1,No,No,Yes,No,No,No,Yes,No,No,Yes,1
CUST-04594,16,117.73,1887.93,Two year,DSL,Credit card,0,No,Yes,Yes,Yes,Yes,No,No,Yes,Yes,Yes,0
CUST-04595,16,29.01,452.23,Month-to-month,DSL,Mailed check,0,No,Yes,Yes,No,Yes,Yes,Yes,Yes,Yes,Yes,0
CUST-04596,46,113.06,5211.33,Two year,Fiber optic,Electronic check,1,No,Yes,Yes,No,Yes,No,Yes,Yes,No,No,1
CUST-04597,39,111.18,4346.95,Month-to-month,DSL,Credit card,0,No,No,Yes,Yes,Yes,Yes,No,No,Yes,Yes,0
CUST-04598,31,71.59,2242.44,Month-to-month,DSL,Electronic check,0,Yes,Yes,Yes,No,Yes,Yes,Yes,No,Yes,No,1
CUST-04599,1,91.94,111.26,Two year,Fiber optic,Bank transfer,0,Yes,No,Yes,Yes,No,No,Yes,Yes,No,No,0
CUST-04600,11,62.48,697.11,Month-to-month,Fiber optic,Electronic check,1,Yes,No,Yes,No,No,Yes,No,No,No,No,1
CUST-04601,4,82.26,306.49,Month-to-month,Fiber optic,Electronic check,0,Yes,No,Yes,Yes,No,No,Yes,Yes,Yes,Yes,1
CUST-04602,71,52.74,3793.51,Two year,No,Electronic check,0,No,No,Yes,Yes,No internet service,No internet service,No internet service,No internet service,No internet service,Yes,0
CUST-04603,26,48.72,1238.65,Month-to-month,Fiber optic,Mailed check,0,No,No,Yes,No,No,No,No,No,Yes,Yes,1
CUST-04604,50,76.98,3867.99,One year,Fiber optic,Electronic check,0,No,Yes,Yes,No,Yes,Yes,Yes,Yes,Yes,No,0
CUST-04605,12,68.81,834.35,Two year,No,Electronic check,0,No,No,Yes,No,No internet service,No internet service,No internet service,No internet service,No internet service,Yes,0
CUST-04606,65,77.11,4988.67,Month-to-month,DSL,Bank transfer,0,No,No,Yes,No,Yes,Yes,No,Yes,No,Yes,0
CUST-04607,47,47.24,2217.79,Month-to-month,Fiber optic,Bank transfer,0,No,No,Yes,Yes,No,Yes,Yes,Yes,Yes,No,1
CUST-04608,53,55.43,2936.21,Month-to-month,No,Credit card,1,Yes,No,Yes,Yes,No internet service,No internet service,No internet service,No internet service,No internet service,Yes,0
CUST-04609,71,26.56,1911.87,Month-to-month,Fiber optic,Credit card,0,No,Yes,Yes,Yes,No,No,No,No,No,Yes,0
CUST-04610,2,23.33,32.39,Month-to-month,Fiber optic,Mailed check,0,No,No,Yes,Yes,Yes,No,Yes,No,No,Yes,0
CUST-04611,24,43.85,1047.16,One year,Fiber optic,Credit card,0,Yes,No,No,No phone service,No,Yes,No,No,No,Yes,0
CUST-04612,4,25.57,55.56,Month-to-month,Fiber optic,Mailed check,0,Yes,Yes,Yes,No,Yes,No,No,Yes,No,Yes,1
CUST-04613,19,28.59,577.91,Month-to-month,DSL,Mailed check,0,Yes,No,Yes,No,No,No,No,Yes,No,Yes,1
CUST-04614,26,100.92,2602.51,One year,No,Bank transfer,1,No,Yes,Yes,Yes,No internet service,No internet service,No internet service,No internet service,No internet service,Yes,0
CUST-04615,40,21.97,885.34,One year,No,Electronic check,0,Yes,No,Yes,No,No internet service,No internet service,No internet service,No internet service,No internet service,No,1
CUST-04616,50,85.21,4258.47,Two year,No,Bank transfer,0,No,No,Yes,Yes,No internet service,No internet service,No internet service,No internet service,No internet service,No,0
CUST-04617,43,45.8,1967.44,Month-to-month,Fiber optic,Mailed check,1,Yes,No,Yes,Yes,No,Yes,Yes,No,No,No,1
CUST-04618,67,106.9,7178.5,Two year,DSL,Electronic check,0,Yes,No,Yes,No,No,Yes,Yes,Yes,Yes,Yes,0
CUST-04619,12,67.47,843.07,One year,DSL,Electronic check,1,No,Yes,Yes,Yes,No,Yes,No,No,Yes,Yes,0
CUST-04620,67,49.17,3299.42,Month-to-month,No,Electronic check,1,No,No,Yes,No,No internet service,No internet service,No internet service,No internet service,No internet service,Yes,1
CUST-04621,27,70.8,1924.7,Month-to-month,Fiber optic,Credit card,0,Yes,No,Yes,No,Yes,No,Yes,Yes,No,No,0
CUST-04622,54,56.96,3082.42,Month-to-month,DSL,Credit card,0,No,Yes,Yes,Yes,No,No,No,Yes,No,Yes,1
CUST-04623,66,75.56,5007.31,One year,Fiber optic,Mailed check,1,Yes,No,Yes,Yes,Yes,No,No,No,No,Yes,0
CUST-04624,49,29.68,1445.06,Month-to-month,Fiber optic,Electronic check,0,No,Yes,Yes,Yes,Yes,No,No,No,No,Yes,1
CUST-04625,16,119.69,1936.55,Two year,Fiber optic,Electronic check,0,No,No,Yes,No,No,Yes,Yes,Yes,Yes,No,0
CUST-04626,2,61.41,145.03,One year,Fiber optic,Credit card,0,Yes,Yes,No,No phone service,Yes,No,Yes,Yes,Yes,Yes,1
CUST-04627,60,53.52,3232.85,Two year,Fiber optic,Electronic check,0,No,No,Yes,Yes,No,Yes,Yes,Yes,Yes,No,1
CUST-04628,54,90.44,4870.56,Month-to-month,No,Credit card,0,Yes,Yes,Yes,No,No internet service,No internet service,No internet service,No internet service,No internet service,Yes,1
CUST-04629,30,55.12,1650.23,Month-to-month,DSL,Bank transfer,1,Yes,No,No,No phone service,Yes,No,Yes,Yes,No,Yes,0
CUST-04630,38,102.99,3918.41,Month-to-month,DSL,Credit card,1,Yes,No,Yes,No,Yes,Yes,No,Yes,Yes,No,1
CUST-04631,28,64.34,1774.1,Month-to-month,Fiber optic,Mailed check,1,Yes,No,Yes,No,No,Yes,No,No,Yes,No,1
CUST-04632,25,91.39,2316.65,Two year,No,Bank transfer,0,No,No,Yes,No,No internet service,No internet service,No internet service,No internet service,No internet service,No,0
CUST-04633,10,28.96,289.35,Month-to-month,Fiber optic,Bank transfer,0,No,Yes,No,No phone service,Yes,No,Yes,No,No,No,1
CUST-04634,60,104.3,6263.68,Month-to-month,Fiber optic,Credit card,0,No,Yes,Yes,Yes,Yes,No,Yes,No,Yes,Yes,1
CUST-04635,42,93.04,3896.14,Month-to-month,Fiber optic,Credit card,0,Yes,No,Yes,No,Yes,No,No,Yes,Yes,Yes,1
CUST-04636,40,39.6,1557.46,Month-to-month,Fiber optic,Bank transfer,0,No,No,Yes,No,No,No,Yes,Yes,Yes,No,1
CUST-04637,42,32.82,1366.36,Two year,No,Bank transfer,0,Yes,No,Yes,Yes,No internet service,No internet service,No internet service,No internet service,No internet service,No,0
CUST-04638,47,50.26,2366.6,One year,No,Credit card,1,No,No,Yes,No,No internet service,No internet service,No internet service,No internet service,No internet service,No,0
CUST-04639,37,117.56,4363.19,One year,Fiber optic,Credit card,0,No,Yes,Yes,Yes,No,Yes,Yes,No,No,Yes,0
CUST-04640,22,44.2,975.64,Month-to-month,Fiber optic,Bank transfer,0,Yes,No,Yes,Yes,No,Yes,Yes,No,Yes,No,1
CUST-04641,57,64.52,3684.57,Two year,DSL,Electronic check,0,No,Yes,Yes,Yes,Yes,No,No,Yes,Yes,Yes,0
CUST-04642,27,21.06,561.88,One year,Fiber optic,Electronic check,0,No,Yes,Yes,Yes,Yes,Yes,Yes,Yes,Yes,Yes,0
CUST-04643,41,58.52,2409.24,Month-to-month,Fiber optic,Credit card,0,No,Yes,Yes,No,Yes,Yes,Yes,Yes,Yes,Yes,0
CUST-04644,34,76.27,2622.84,Month-to-month,Fiber optic,Electronic check,0,No,No,Yes,No,No,Yes,No,No,No,No,1
CUST-04645,32,115.22,3701.14,Two year,DSL,Electronic check,0,No,No,Yes,No,No,No,Yes,Yes,Yes,No,0
CUST-04646,66,70.71,4683.05,One year,No,Electronic check,1,No,Yes,Yes,No,No internet service,No internet service,No internet service,No internet service,No internet service,Yes,0
CUST-04647,12,101.55,1224.48,One year,Fiber optic,Bank transfer,0,No,Yes,Yes,No,No,Yes,Yes,No,No,No,0
CUST-04648,40,73.81,2922.34,Month-to-month,Fiber optic,Bank transfer,0,Yes,Yes,Yes,Yes,No,No,No,No,Yes,Yes,0
CUST-04649,10,22.16,200.71,Month-to-month,DSL,Electronic check,0,No,No,Yes,No,Yes,Yes,Yes,No,No,Yes,1
CUST-04650,48,50.13,2415.34,One year,Fiber optic,Electronic check,0,Yes,No,Yes,No,Yes,No,Yes,Yes,No,No,0
CUST-04651,20,76.71,1533.98,One year,No,Bank transfer,0,No,No,Yes,No,No internet service,No internet service,No internet service,No internet service,No internet service,Yes,0
CUST-04652,39,114.96,4492.24,Month-to-month,Fiber optic,Credit card,0,No,No,Yes,No,No,Yes,Yes,No,Yes,Yes,1
CUST-04653,60,105.63,6371.33,One year,Fiber optic,Electronic check,0,No,No,Yes,Yes,No,Yes,Yes,No,No,No,0
CUST-04654,66,41.29,2739.66,Month-to-month,DSL,Electronic check,0,No,Yes,Yes,Yes,Yes,Yes,No,Yes,No,No,1
CUST-04655,65,40.45,2654.43,One year,Fiber optic,Bank transfer,0,No,Yes,Yes,Yes,No,Yes,No,No,No,No,0
CUST-04656,51,38.52,1966.41,Two year,No,Credit card,0,Yes,No,Yes,Yes,No internet service,No internet service,No internet service,No internet service,No internet service,No,0
CUST-04657,36,112.09,4019.1,Two year,Fiber optic,Credit card,0,No,No,Yes,Yes,No,Yes,No,Yes,Yes,No,0
CUST-04658,24,104.97,2518.12,Month-to-month,No,Bank transfer,0,No,No,Yes,Yes,No internet service,No internet service,No internet service,No internet service,No internet service,Yes,1
CUST-04659,27,97.04,2603.98,Month-to-month,No,Credit card,0,No,Yes,Yes,Yes,No internet service,No internet service,No internet service,No internet service,No internet service,No,0
CUST-04660,2,58.06,147.29,Two year,No,Electronic check,0,Yes,No,Yes,No,No internet service,No internet service,No internet service,No internet service,No internet service,No,0
CUST-04661,31,69.45,2168.76,One year,No,Electronic check,0,No,Yes,Yes,No,No internet service,No internet service,No internet service,No internet service,No internet service,Yes,0
CUST-04662,57,65.36,3735.93,Month-to-month,DSL,Bank transfer,0,Yes,Yes,Yes,No,Yes,Yes,No,No,No,No,1
CUST-04663,66,43.85,2918.82,Two year,No,Credit card,1,Yes,No,Yes,Yes,No internet service,No internet service,No internet service,No internet service,No internet service,No,0
CUST-04664,29,69.51,1975.39,Month-to-month,DSL,Bank transfer,0,Yes,Yes,Yes,No,No,No,No,Yes,Yes,No,1
CUST-04665,15,21.11,328.41,Month-to-month,DSL,Credit card,0,Yes,Yes,Yes,No,No,Yes,Yes,Yes,Yes,Yes,0
CUST-04666,12,31.44,351.07,Month-to-month,DSL,Credit card,0,Yes,Yes,Yes,Yes,Yes,Yes,Yes,Yes,Yes,Yes,0
CUST-04667,28,108.43,3035.89,Month-to-month,DSL,Bank transfer,0,No,Yes,Yes,No,No,No,No,No,No,No,1
CUST-04668,24,94.67,2265.85,Month-to-month,Fiber optic,Electronic check,0,No,Yes,No,No phone service,No,No,No,Yes,Yes,Yes,1
CUST-04669,21,61.13,1296.96,Two year,Fiber optic,Electronic check,1,Yes,Yes,Yes,Yes,Yes,Yes,Yes,Yes,No,Yes,1
CUST-04670,10,70.75,712.06,Month-to-month,DSL,Bank transfer,0,No,No,Yes,Yes,Yes,No,Yes,No,No,Yes,1
CUST-04671,18,55.74,1030.22,Month-to-month,Fiber optic,Electronic check,1,No,No,No,No phone service,No,No,No,Yes,Yes,No,1
CUST-04672,14,93.56,1297.8,Two year,Fiber optic,Electronic check,0,Yes,No,Yes,No,Yes,No,No,No,No,Yes,1
CUST-04673,34,97.99,3345.84,One year,Fiber optic,Credit card,0,Yes,No,Yes,Yes,No,No,Yes,Yes,No,No,0
CUST-04674,58,95.86,5563.12,One year,DSL,Credit card,1,No,Yes,Yes,No,Yes,Yes,No,Yes,No,No,0
CUST-04675,22,91.71,1984.91,Month-to-month,DSL,Electronic check,0,Yes,Yes,Yes,No,Yes,Yes,Yes,No,No,Yes,1
CUST-04676,70,38.86,2701.83,Two year,DSL,Bank transfer,0,Yes,No,Yes,No,No,Yes,No,No,No,Yes,0
CUST-04677,36,52.47,1885.92,Month-to-month,DSL,Electronic check,1,No,No,No,No phone service,Yes,No,No,Yes,Yes,Yes,1
CUST-04678,45,65.92,2988.65,Month-to-month,Fiber optic,Electronic check,1,No,Yes,No,No phone service,Yes,Yes,Yes,Yes,No,No,0
CUST-04679,36,51.74,1871.91,Month-to-month,Fiber optic,Bank transfer,1,Yes,No,Yes,No,No,Yes,No,Yes,Yes,Yes,1
CUST-04680,22,95.0,2066.65,Month-to-month,DSL,Bank transfer,1,No,No,Yes,Yes,No,No,No,Yes,No,Yes,1
CUST-04681,61,51.59,3144.18,Month-to-month,Fiber optic,Electronic check,0,No,Yes,Yes,No,No,No,Yes,Yes,No,No,0
CUST-04682,56,32.1,1837.96,One year,Fiber optic,Electronic check,0,No,No,Yes,No,No,No,Yes,No,Yes,Yes,1
CUST-04683,33,58.7,1939.32,Month-to-month,No,Electronic check,0,Yes,No,Yes,No,No internet service,No internet service,No internet service,No internet service,No internet service,No,0
CUST-04684,45,117.95,5301.2,One year,DSL,Credit card,1,No,No,Yes,Yes,No,Yes,Yes,No,Yes,Yes,0
CUST-04685,36,41.04,1487.27,Month-to-month,No,Bank transfer,0,No,Yes,Yes,No,No internet service,No internet service,No internet service,No internet service,No internet service,Yes,0
CUST-04686,20,80.44,1624.07,Month-to-month,Fiber optic,Mailed check,0,Yes,Yes,Yes,Yes,Yes,No,No,No,Yes,Yes,1
CUST-04687,18,62.16,1109.76,Month-to-month,DSL,Electronic check,0,No,No,Yes,Yes,No,Yes,Yes,Yes,No,Yes,0
CUST-04688,38,25.24,969.17,Two year,No,Bank transfer,0,Yes,Yes,Yes,Yes,No internet service,No internet service,No internet service,No internet service,No internet service,Yes,0
CUST-04689,67,67.76,4533.34,Two year,Fiber optic,Bank transfer,0,Yes,Yes,Yes,No,Yes,Yes,No,Yes,Yes,Yes,0
CUST-04690,23,89.62,2075.65,Two year,Fiber optic,Credit card,0,No,No,Yes,No,Yes,Yes,Yes,Yes,Yes,No,0
CUST-04691,16,70.35,1128.99,One year,Fiber optic,Electronic check,0,Yes,Yes,Yes,Yes,Yes,No,No,No,Yes,Yes,1
CUST-04692,59,106.95,6319.69,One year,Fiber optic,Credit card,0,Yes,No,Yes,Yes,No,Yes,Yes,No,Yes,No,0
CUST-04693,69,47.47,3260.25,One year,DSL,Mailed check,0,No,No,Yes,Yes,Yes,Yes,No,Yes,Yes,Yes,0
CUST-04694,68,26.8,1805.97,One year,DSL,Electronic check,0,Yes,No,Yes,Yes,No,Yes,Yes,No,No,Yes,0
CUST-04695,21,113.53,2403.04,Month-to-month,No,Mailed check,0,No,No,Yes,No,No internet service,No internet service,No internet service,No internet service,No internet service,No,1
CUST-04696,70,56.58,3959.01,Month-to-month,No,Mailed check,0,Yes,No,Yes,Yes,No internet service,No internet service,No internet service,No internet service,No internet service,No,0
CUST-04697,12,76.79,927.18,Month-to-month,DSL,Credit card,0,Yes,No,Yes,No,Yes,Yes,Yes,No,Yes,Yes,1
CUST-04698,16,98.78,1574.35,Month-to-month,Fiber optic,Bank transfer,0,Yes,No,Yes,Yes,No,No,Yes,No,No,No,0
CUST-04699,14,51.08,733.09,Month-to-month,Fiber optic,Bank transfer,0,No,No,Yes,Yes,Yes,No,No,Yes,No,Yes,0
CUST-04700,61,91.05,5541.89,Month-to-month,DSL,Electronic check,0,Yes,Yes,Yes,No,Yes,Yes,Yes,No,No,Yes,0
CUST-04701,71,31.81,2255.8,Month-to-month,Fiber optic,Electronic check,1,Yes,Yes,Yes,Yes,No,Yes,Yes,Yes,Yes,No,0
CUST-04702,46,47.71,2210.38,Month-to-month,Fiber optic,Mailed check,0,No,Yes,Yes,Yes,Yes,Yes,Yes,Yes,Yes,Yes,1
CUST-04703,32,32.76,1071.78,Two year,Fiber optic,Bank transfer,1,No,No,Yes,No,No,No,Yes,No,Yes,Yes,1
CUST-04704,15,100.75,1500.77,Month-to-month,No,Bank transfer,0,No,No,Yes,No,No internet service,No internet service,No internet service,No internet service,No internet service,Yes,1
CUST-04705,44,40.71,1830.43,Month-to-month,DSL,Electronic check,0,Yes,Yes,Yes,No,Yes,Yes,Yes,No,Yes,Yes,1
CUST-04706,17,91.18,1556.32,Two year,Fiber optic,Electronic check,0,No,Yes,Yes,Yes,No,Yes,No,No,Yes,No,1
CUST-04707,41,114.22,4662.16,Month-to-month,Fiber optic,Mailed check,0,No,No,No,No phone service,Yes,Yes,Yes,No,Yes,Yes,0
CUST-04708,54,71.83,3886.2,Month-to-month,Fiber optic,Credit card,0,No,No,Yes,No,No,Yes,Yes,Yes,No,No,1
CUST-04709,44,73.08,3207.86,Month-to-month,DSL,Mailed check,0,No,No,Yes,No,Yes,No,Yes,No,No,Yes,0
CUST-04710,5,65.03,333.83,Month-to-month,Fiber optic,Electronic check,0,No,No,Yes,Yes,No,Yes,No,No,No,Yes,1
CUST-04711,27,51.24,1382.62,Month-to-month,No,Electronic check,0,No,Yes,Yes,No,No internet service,No internet service,No internet service,No internet service,No internet service,No,1
CUST-04712,43,66.52,2861.85,Month-to-month,DSL,Electronic check,0,Yes,No,Yes,Yes,No,Yes,No,No,No,Yes,0
CUST-04713,31,79.49,2445.96,Month-to-month,Fiber optic,Mailed check,0,No,Yes,Yes,No,No,Yes,Yes,No,No,No,0
CUST-04714,17,118.57,2035.49,Two year,No,Credit card,0,No,No,Yes,Yes,No internet service,No internet service,No internet service,No internet service,No internet service,No,0
CUST-04715,54,113.65,6113.98,One year,DSL,Credit card,0,No,No,Yes,Yes,No,No,Yes,No,No,Yes,0
CUST-04716,62,105.94,6546.1,One year,No,Mailed check,1,No,No,Yes,No,No internet service,No internet service,No internet service,No internet service,No internet service,Yes,0
CUST-04717,32,108.69,3485.43,Month-to-month,DSL,Electronic check,0,No,No,Yes,Yes,Yes,Yes,Yes,No,Yes,Yes,1
CUST-04718,40,65.72,2660.86,Month-to-month,DSL,Bank transfer,0,No,No,Yes,No,Yes,No,No,No,Yes,No,0
CUST-04719,13,85.06,1098.73,Two year,DSL,Bank transfer,0,Yes,No,Yes,Yes,No,No,Yes,No,Yes,Yes,0
CUST-04720,35,109.3,3839.52,Month-to-month,DSL,Electronic check,0,No,No,Yes,Yes,No,No,No,Yes,No,Yes,1
CUST-04721,5,58.08,311.87,Two year,DSL,Credit card,0,Yes,Yes,Yes,Yes,No,No,Yes,Yes,Yes,Yes,0
CUST-04722,29,116.1,3383.19,Month-to-month,Fiber optic,Credit card,0,No,No,Yes,Yes,Yes,Yes,Yes,Yes,No,Yes,0
CUST-04723,70,60.41,4222.48,Two year,DSL,Mailed check,0,No,Yes,No,No phone service,Yes,Yes,Yes,No,No,Yes,0
CUST-04724,25,79.31,1960.93,Month-to-month,No,Mailed check,1,No,No,Yes,Yes,No internet service,No internet service,No internet service,No internet service,No internet service,No,1
CUST-04725,22,90.4,1944.65,Month-to-month,Fiber optic,Bank transfer,0,Yes,No,Yes,No,Yes,Yes,Yes,Yes,Yes,No,1
CUST-04726,66,114.96,7582.1,One year,Fiber optic,Bank transfer,0,Yes,No,Yes,No,No,No,Yes,No,Yes,No,0
CUST-04727,45,42.95,1956.31,One year,Fiber optic,Electronic check,1,No,No,Yes,No,Yes,Yes,No,No,Yes,No,1
CUST-04728,69,94.11,6471.11,Month-to-month,Fiber optic,Electronic check,0,Yes,No,Yes,Yes,Yes,No,Yes,Yes,No,Yes,1
CUST-04729,72,71.12,5134.64,Two year,Fiber optic,Electronic check,1,Yes,No,Yes,Yes,No,Yes,Yes,No,Yes,No,1
CUST-04730,1,45.39,26.39,Month-to-month,DSL,Bank transfer,0,No,Yes,Yes,No,Yes,No,No,No,Yes,Yes,1
CUST-04731,44,97.21,4279.36,Month-to-month,No,Mailed check,0,Yes,No,Yes,Yes,No internet service,No internet service,No internet service,No internet service,No internet service,Yes,0
CUST-04732,39,74.33,2913.03,One year,Fiber optic,Mailed check,0,Yes,No,Yes,No,Yes,No,Yes,No,No,Yes,0
CUST-04733,54,85.42,4599.49,One year,DSL,Bank transfer,0,No,No,Yes,No,No,No,Yes,No,Yes,Yes,0
CUST-04734,29,50.94,1480.67,Two year,Fiber optic,Mailed check,1,No,No,Yes,No,Yes,Yes,No,No,No,Yes,0
CUST-04735,54,67.09,3614.56,Month-to-month,Fiber optic,Bank transfer,0,No,No,Yes,Yes,No,No,Yes,Yes,Yes,No,0
CUST-04736,16,80.97,1309.62,Month-to-month,DSL,Mailed check,0,No,Yes,Yes,No,Yes,Yes,Yes,No,Yes,Yes,0
CUST-04737,20,59.3,1190.71,One year,No,Mailed check,0,No,No,Yes,Yes,No internet service,No internet service,No internet service,No internet service,No internet service,Yes,0
CUST-04738,46,38.23,1759.71,Month-to-month,Fiber optic,Electronic check,0,Yes,No,Yes,No,Yes,No,No,Yes,No,No,1
CUST-04739,67,116.09,7809.2,Month-to-month,Fiber optic,Credit card,0,No,No,No,No phone service,Yes,No,Yes,No,Yes,No,1
CUST-04740,65,70.17,4574.3,Month-to-month,Fiber optic,Bank transfer,0,Yes,No,No,No phone service,Yes,Yes,No,No,No,No,0
CUST-04741,58,92.86,5372.07,Month-to-month,No,Electronic check,1,Yes,No,Yes,No,No internet service,No internet service,No internet service,No internet service,No internet service,Yes,1
CUST-04742,53,59.93,3174.57,Month-to-month,DSL,Credit card,0,Yes,No,Yes,Yes,Yes,Yes,No,Yes,Yes,No,0
CUST-04743,1,54.22,52.7,Month-to-month,Fiber optic,Bank transfer,0,No,Yes,Yes,Yes,No,Yes,Yes,No,No,Yes,1
CUST-04744,66,59.53,3930.59,One year,DSL,Electronic check,0,No,Yes,No,No phone service,No,No,Yes,Yes,No,Yes,1
CUST-04745,29,59.74,1782.95,One year,Fiber optic,Electronic check,0,Yes,No,Yes,No,No,Yes,Yes,No,No,Yes,0
CUST-04746,70,73.51,5153.12,Month-to-month,DSL,Electronic check,0,Yes,Yes,Yes,No,Yes,No,Yes,No,Yes,Yes,1
CUST-04747,8,73.43,546.72,Month-to-month,DSL,Bank transfer,0,No,Yes,Yes,Yes,Yes,Yes,Yes,Yes,Yes,Yes,1
CUST-04748,29,68.71,1981.73,Month-to-month,No,Bank transfer,0,Yes,No,Yes,No,No internet service,No internet service,No internet service,No internet service,No internet service,No,0
CUST-04749,51,31.75,1580.6,Month-to-month,Fiber optic,Electronic check,0,No,No,Yes,Yes,Yes,Yes,No,Yes,Yes,Yes,1
CUST-04750,33,68.6,2257.2,One year,DSL,Mailed check,0,Yes,No,Yes,No,No,No,Yes,Yes,Yes,Yes,0
CUST-04751,3,35.25,66.0,Two year,Fiber optic,Electronic check,0,Yes,No,Yes,No,No,No,No,Yes,Yes,Yes,0
CUST-04752,60,30.87,1834.77,One year,Fiber optic,Electronic check,0,Yes,Yes,Yes,No,Yes,Yes,Yes,No,Yes,Yes,1
CUST-04753,35,113.13,3929.14,One year,DSL,Mailed check,0,Yes,Yes,Yes,No,No,Yes,No,No,Yes,Yes,1
CUST-04754,69,79.7,5506.98,Month-to-month,DSL,Mailed check,0,No,No,Yes,Yes,No,Yes,No,No,Yes,No,0
CUST-04755,20,85.27,1705.41,Month-to-month,No,Mailed check,0,No,No,Yes,Yes,No internet service,No internet service,No internet service,No internet service,No internet service,Yes,0
CUST-04756,39,58.98,2306.28,Two year,Fiber optic,Credit card,1,No,No,Yes,Yes,Yes,Yes,Yes,Yes,No,Yes,0
CUST-04757,4,110.72,440.79,Two year,Fiber optic,Electronic check,0,No,Yes,Yes,No,No,No,Yes,No,No,Yes,0
CUST-04758,19,83.07,1550.44,Month-to-month,No,Electronic check,0,No,No,Yes,Yes,No internet service,No internet service,No internet service,No internet service,No internet service,Yes,1
CUST-04759,45,96.46,4350.97,Month-to-month,Fiber optic,Electronic check,0,Yes,No,Yes,Yes,Yes,Yes,Yes,Yes,No,Yes,1
CUST-04760,43,55.59,2428.81,One year,DSL,Mailed check,0,No,Yes,Yes,Yes,Yes,Yes,Yes,Yes,Yes,Yes,0
CUST-04761,13,115.92,1515.14,Month-to-month,DSL,Bank transfer,1,No,Yes,Yes,Yes,No,No,No,Yes,No,Yes,0
CUST-04762,13,101.69,1313.45,One year,Fiber optic,Bank transfer,0,Yes,No,Yes,Yes,No,No,No,Yes,Yes,Yes,0
CUST-04763,60,105.1,6277.44,Two year,No,Mailed check,0,Yes,Yes,Yes,No,No internet service,No internet service,No internet service,No internet service,No internet service,Yes,0
CUST-04764,57,35.56,2008.76,Month-to-month,DSL,Mailed check,0,No,No,Yes,Yes,No,No,Yes,No,No,No,0
CUST-04765,52,45.64,2382.34,Two year,DSL,Electronic check,0,No,Yes,No,No phone service,Yes,Yes,Yes,Yes,No,Yes,0
CUST-04766,53,47.13,2519.35,Two year,No,Mailed check,0,Yes,Yes,No,No phone service,No internet service,No internet service,No internet service,No internet service,No internet service,No,0
CUST-04767,43,45.63,1967.31,Two year,DSL,Bank transfer,0,Yes,No,Yes,Yes,Yes,No,Yes,No,Yes,No,0
CUST-04768,72,105.25,7594.0,Month-to-month,Fiber optic,Electronic check,0,Yes,Yes,Yes,No,Yes,Yes,No,No,Yes,Yes,1
CUST-04769,72,21.25,1544.15,Month-to-month,DSL,Bank transfer,1,Yes,Yes,Yes,Yes,No,No,No,No,No,Yes,0
CUST-04770,42,25.76,1092.05,One year,Fiber optic,Bank transfer,0,Yes,No,Yes,Yes,Yes,No,No,Yes,Yes,Yes,0
CUST-04771,26,45.94,1181.27,Month-to-month,Fiber optic,Electronic check,0,Yes,Yes,Yes,Yes,Yes,Yes,Yes,Yes,No,Yes,0
CUST-04772,23,38.39,886.45,Month-to-month,DSL,Mailed check,0,Yes,No,Yes,No,No,Yes,Yes,No,Yes,Yes,0
CUST-04773,43,41.65,1773.98,Month-to-month,Fiber optic,Credit card,0,No,No,Yes,Yes,No,No,No,No,No,No,1
CUST-04774,28,99.39,2783.27,One year,Fiber optic,Electronic check,0,Yes,Yes,Yes,No,No,No,No,Yes,Yes,No,1
CUST-04775,9,75.44,685.58,Month-to-month,Fiber optic,Electronic check,0,Yes,Yes,Yes,No,Yes,Yes,No,No,Yes,Yes,1
CUST-04776,20,18.59,405.38,Month-to-month,Fiber optic,Mailed check,0,Yes,No,Yes,Yes,Yes,No,No,No,Yes,No,0
CUST-04777,56,61.79,3434.05,Month-to-month,Fiber optic,Bank transfer,0,Yes,No,Yes,Yes,Yes,No,No,No,No,Yes,1
CUST-04778,39,59.6,2334.03,One year,Fiber optic,Electronic check,0,Yes,No,Yes,Yes,No,Yes,No,Yes,No,Yes,1
CUST-04779,51,29.62,1540.24,One year,Fiber optic,Credit card,0,No,No,Yes,No,Yes,No,No,No,No,No,0
CUST-04780,12,86.97,1058.82,Month-to-month,Fiber optic,Bank transfer,0,Yes,Yes,Yes,Yes,No,Yes,No,No,No,No,1
CUST-04781,55,89.61,4945.21,Two year,Fiber optic,Credit card,0,Yes,No,No,No phone service,No,Yes,Yes,Yes,Yes,No,0
CUST-04782,11,91.53,1018.58,Month-to-month,Fiber optic,Electronic check,0,No,No,No,No phone service,Yes,No,Yes,Yes,No,No,0
CUST-04783,26,92.3,2425.77,One year,DSL,Credit card,0,No,Yes,Yes,Yes,Yes,Yes,No,Yes,No,Yes,0
CUST-04784,42,18.01,734.67,One year,DSL,Mailed check,0,Yes,Yes,No,No phone service,No,Yes,Yes,Yes,Yes,Yes,0
CUST-04785,27,115.3,3085.38,One year,DSL,Electronic check,1,Yes,No,Yes,No,No,No,Yes,Yes,Yes,Yes,0
CUST-04786,11,101.05,1111.42,Month-to-month,No,Credit card,0,No,No,Yes,Yes,No internet service,No internet service,No internet service,No internet service,No internet service,No,1
CUST-04787,38,110.21,4144.76,Two year,Fiber optic,Electronic check,1,No,Yes,Yes,Yes,Yes,No,No,No,No,Yes,0
CUST-04788,43,19.6,867.41,Two year,Fiber optic,Credit card,0,Yes,No,Yes,No,No,No,No,Yes,No,Yes,0
CUST-04789,19,113.25,2176.16,One year,DSL,Mailed check,0,Yes,Yes,Yes,Yes,No,Yes,Yes,Yes,Yes,Yes,0
CUST-04790,64,100.6,6429.73,Month-to-month,DSL,Credit card,0,No,No,Yes,No,Yes,No,Yes,No,Yes,No,1
CUST-04791,6,103.4,612.98,Month-to-month,No,Mailed check,0,No,Yes,Yes,No,No internet service,No internet service,No internet service,No internet service,No internet service,No,1
CUST-04792,46,27.52,1264.47,One year,No,Bank transfer,0,Yes,No,Yes,No,No internet service,No internet service,No internet service,No internet service,No internet service,Yes,0
CUST-04793,42,93.36,3922.16,Month-to-month,DSL,Electronic check,0,No,No,Yes,No,No,Yes,No,Yes,No,Yes,1
CUST-04794,65,115.91,7536.69,One year,No,Mailed check,0,Yes,No,Yes,No,No internet service,No internet service,No internet service,No internet service,No internet service,Yes,0
CUST-04795,72,87.21,6290.28,Month-to-month,Fiber optic,Bank transfer,0,Yes,No,Yes,Yes,Yes,Yes,Yes,Yes,Yes,Yes,1
CUST-04796,59,76.2,4492.35,One year,DSL,Bank transfer,0,No,No,Yes,Yes,Yes,No,Yes,Yes,Yes,Yes,0
CUST-04797,52,114.45,5970.26,Month-to-month,Fiber optic,Electronic check,0,No,Yes,Yes,No,No,No,Yes,Yes,No,No,1
CUST-04798,47,63.18,2978.38,Month-to-month,Fiber optic,Mailed check,0,Yes,Yes,Yes,Yes,Yes,No,Yes,Yes,No,No,1
CUST-04799,7,79.13,541.77,Month-to-month,Fiber optic,Mailed check,0,No,No,No,No phone service,Yes,Yes,No,No,Yes,Yes,1
CUST-04800,11,66.59,759.19,Month-to-month,DSL,Electronic check,0,Yes,No,Yes,Yes,No,Yes,No,No,Yes,Yes,1
CUST-04801,61,113.15,6874.98,Month-to-month,DSL,Mailed check,0,Yes,No,Yes,Yes,No,No,No,Yes,No,Yes,1
CUST-04802,68,25.76,1749.84,One year,DSL,Credit card,1,No,Yes,Yes,No,No,No,No,Yes,Yes,Yes,0
CUST-04803,25,69.11,1747.09,One year,DSL,Electronic check,0,Yes,No,Yes,No,Yes,No,Yes,Yes,Yes,Yes,0
CUST-04804,12,88.07,1042.38,One year,Fiber optic,Mailed check,1,No,Yes,Yes,Yes,Yes,Yes,Yes,No,Yes,Yes,1
CUST-04805,26,98.77,2574.21,One year,DSL,Credit card,0,Yes,No,No,No phone service,No,Yes,No,No,Yes,Yes,0
CUST-04806,12,77.47,940.51,Month-to-month,Fiber optic,Electronic check,1,Yes,Yes,No,No phone service,Yes,Yes,Yes,Yes,No,Yes,1
CUST-04807,43,110.71,4743.32,Month-to-month,Fiber optic,Bank transfer,0,No,No,Yes,No,No,No,Yes,Yes,Yes,No,1
CUST-04808,51,114.08,5816.63,Month-to-month,Fiber optic,Bank transfer,1,Yes,Yes,Yes,No,Yes,Yes,Yes,Yes,No,Yes,0
CUST-04809,37,24.56,905.59,One year,Fiber optic,Bank transfer,0,Yes,No,Yes,No,No,No,No,Yes,Yes,No,1
CUST-04810,46,59.04,2704.81,Month-to-month,Fiber optic,Bank transfer,0,No,No,Yes,Yes,Yes,Yes,No,No,Yes,Yes,0
CUST-04811,53,20.39,1126.7,Month-to-month,DSL,Bank transfer,0,Yes,No,No,No phone service,Yes,Yes,Yes,No,No,Yes,0
CUST-04812,13,51.6,655.54,One year,DSL,Electronic check,0,Yes,No,Yes,No,No,Yes,Yes,Yes,Yes,No,0
CUST-04813,54,72.76,3949.14,Two year,DSL,Mailed check,0,No,Yes,Yes,No,Yes,Yes,No,Yes,No,Yes,0
CUST-04814,57,110.9,6313.44,One year,DSL,Bank transfer,0,Yes,No,Yes,Yes,Yes,No,No,No,No,No,0
CUST-04815,4,104.35,395.67,One year,DSL,Electronic check,1,No,No,Yes,Yes,No,No,Yes,Yes,Yes,No,0
CUST-04816,49,31.0,1521.06,One year,DSL,Electronic check,0,No,Yes,Yes,No,No,No,Yes,Yes,No,Yes,0
CUST-04817,7,27.49,205.41,Month-to-month,Fiber optic,Credit card,0,Yes,No,Yes,No,No,Yes,Yes,No,No,Yes,1
CUST-04818,11,78.11,877.62,One year,No,Bank transfer,0,Yes,No,Yes,Yes,No internet service,No internet service,No internet service,No internet service,No internet service,Yes,1
CUST-04819,54,72.28,3934.37,Two year,DSL,Mailed check,0,No,No,Yes,No,Yes,Yes,Yes,No,No,Yes,0
CUST-04820,45,45.17,2091.55,Month-to-month,No,Credit card,0,Yes,No,Yes,Yes,No internet service,No internet service,No internet service,No internet service,No internet service,Yes,0
CUST-04821,23,109.74,2529.03,Month-to-month,DSL,Bank transfer,0,No,No,Yes,No,No,No,Yes,Yes,No,No,1
CUST-04822,28,112.59,3139.26,Month-to-month,Fiber optic,Credit card,1,Yes,Yes,Yes,No,No,Yes,Yes,No,No,Yes,0
CUST-04823,57,59.07,3376.05,Month-to-month,Fiber optic,Credit card,0,Yes,No,Yes,No,No,No,No,Yes,Yes,Yes,0
CUST-04824,26,108.81,2823.74,Two year,No,Mailed check,0,Yes,Yes,Yes,No,No internet service,No internet service,No internet service,No internet service,No internet service,Yes,0
CUST-04825,25,57.16,1447.52,Month-to-month,DSL,Bank transfer,0,No,No,Yes,Yes,No,No,Yes,Yes,Yes,Yes,0
CUST-04826,54,93.16,5004.7,Month-to-month,DSL,Bank transfer,0,Yes,No,No,No phone service,Yes,Yes,Yes,Yes,Yes,Yes,0
CUST-04827,29,66.55,1977.32,Two year,DSL,Credit card,0,No,No,Yes,Yes,Yes,Yes,No,No,No,No,0
CUST-04828,36,30.5,1115.12,Month-to-month,Fiber optic,Bank transfer,0,No,No,Yes,Yes,Yes,No,Yes,No,No,No,1
CUST-04829,14,112.65,1543.42,Month-to-month,No,Electronic check,0,Yes,No,Yes,Yes,No internet service,No internet service,No internet service,No internet service,No internet service,Yes,1
CUST-04830,35,64.32,2237.02,Two year,Fiber optic,Electronic check,0,Yes,No,Yes,Yes,Yes,Yes,No,No,Yes,No,1
CUST-04831,30,92.92,2803.92,Month-to-month,Fiber optic,Electronic check,0,Yes,No,Yes,Yes,Yes,Yes,No,No,No,No,0
CUST-04832,17,55.45,966.18,One year,Fiber optic,Credit card,0,No,Yes,Yes,No,No,Yes,No,Yes,No,Yes,1
CUST-04833,67,19.93,1309.87,Month-to-month,No,Credit card,0,No,Yes,Yes,Yes,No internet service,No internet service,No internet service,No internet service,No internet service,Yes,0
CUST-04834,30,28.25,861.76,Month-to-month,Fiber optic,Mailed check,0,Yes,No,Yes,Yes,No,No,Yes,No,No,No,1
CUST-04835,45,68.61,3048.5,Month-to-month,DSL,Bank transfer,0,Yes,No,Yes,No,No,No,Yes,Yes,Yes,No,0
CUST-04836,51,88.38,4505.59,Month-to-month,No,Credit card,0,Yes,No,Yes,Yes,No internet service,No internet service,No internet service,No internet service,No internet service,Yes,0
CUST-04837,47,52.14,2472.82,Two year,DSL,Electronic check,0,Yes,No,Yes,Yes,Yes,Yes,Yes,Yes,Yes,No,0
CUST-04838,53,88.94,4702.79,Two year,DSL,Electronic check,1,No,No,No,No phone service,No,Yes,No,Yes,No,No,1
CUST-04839,64,89.26,5682.5,Two year,DSL,Mailed check,0,Yes,No,No,No phone service,Yes,No,No,No,No,No,0
CUST-04840,38,89.8,3415.32,Month-to-month,Fiber optic,Credit card,0,Yes,Yes,Yes,Yes,No,No,Yes,Yes,No,No,0
CUST-04841,64,68.24,4355.27,Two year,Fiber optic,Credit card,0,No,No,Yes,No,Yes,Yes,Yes,No,Yes,No,0
CUST-04842,7,111.32,791.83,One year,DSL,Mailed check,1,Yes,Yes,Yes,Yes,No,Yes,Yes,No,No,Yes,0
CUST-04843,22,67.9,1476.09,Month-to-month,Fiber optic,Electronic check,0,Yes,No,Yes,Yes,No,Yes,No,Yes,Yes,No,1
CUST-04844,41,63.93,2605.68,One year,Fiber optic,Bank transfer,0,Yes,Yes,Yes,No,Yes,No,No,No,Yes,Yes,0
CUST-04845,10,38.34,342.98,Month-to-month,No,Credit card,0,No,No,Yes,No,No internet service,No internet service,No internet service,No internet service,No internet service,No,0
CUST-04846,57,49.38,2818.06,Month-to-month,Fiber optic,Bank transfer,0,Yes,Yes,Yes,Yes,Yes,No,No,No,No,No,1
CUST-04847,7,22.32,153.02,Two year,Fiber optic,Mailed check,0,Yes,Yes,Yes,No,Yes,No,Yes,Yes,No,No,0
CUST-04848,50,82.62,4107.23,One year,Fiber optic,Electronic check,0,Yes,No,Yes,Yes,No,No,Yes,No,No,No,0
CUST-04849,52,43.35,2258.08,Month-to-month,DSL,Credit card,0,Yes,Yes,Yes,Yes,Yes,Yes,Yes,Yes,No,Yes,0
CUST-04850,33,49.02,1638.2,Month-to-month,DSL,Electronic check,0,Yes,No,Yes,No,Yes,Yes,No,No,Yes,Yes,0
CUST-04851,1,96.62,92.31,Two year,Fiber optic,Electronic check,0,Yes,No,Yes,Yes,No,Yes,No,Yes,No,No,1
CUST-04852,53,51.38,2728.5,One year,DSL,Credit card,0,Yes,No,Yes,No,Yes,No,Yes,No,Yes,No,0
CUST-04853,60,42.7,2567.47,Month-to-month,DSL,Credit card,1,Yes,No,Yes,No,No,No,No,Yes,No,No,0
CUST-04854,34,35.24,1174.07,Month-to-month,Fiber optic,Bank transfer,1,Yes,No,No,No phone service,Yes,No,Yes,Yes,Yes,Yes,0
CUST-04855,4,97.04,429.29,Month-to-month,DSL,Bank transfer,0,No,Yes,Yes,No,Yes,No,Yes,No,No,Yes,1
CUST-04856,17,31.23,521.49,Two year,DSL,Electronic check,0,No,No,No,No phone service,No,Yes,Yes,Yes,Yes,Yes,0
CUST-04857,4,64.28,270.24,Month-to-month,Fiber optic,Electronic check,1,Yes,No,Yes,Yes,No,No,No,No,No,Yes,1
CUST-04858,43,69.71,3012.91,Month-to-month,Fiber optic,Electronic check,0,Yes,Yes,Yes,Yes,No,Yes,No,No,No,No,1
CUST-04859,4,88.11,349.65,Month-to-month,No,Bank transfer,0,Yes,Yes,No,No phone service,No internet service,No internet service,No internet service,No internet service,No internet service,No,1
CUST-04860,1,82.59,94.73,Two year,Fiber optic,Electronic check,1,Yes,No,Yes,No,Yes,Yes,Yes,No,No,No,1
CUST-04861,71,100.69,7153.91,One year,Fiber optic,Credit card,0,Yes,No,Yes,No,Yes,No,Yes,No,Yes,Yes,1
CUST-04862,50,22.56,1099.65,One year,Fiber optic,Electronic check,0,Yes,No,Yes,No,Yes,Yes,No,No,No,No,0
CUST-04863,61,48.24,2935.99,Month-to-month,DSL,Mailed check,0,Yes,No,Yes,No,Yes,No,No,Yes,No,No,0
CUST-04864,35,46.57,1617.7,Month-to-month,DSL,Mailed check,1,No,No,Yes,No,No,Yes,Yes,No,No,Yes,1
CUST-04865,8,32.89,253.89,Two year,No,Bank transfer,0,Yes,No,Yes,Yes,No internet service,No internet service,No internet service,No internet service,No internet service,Yes,0
CUST-04866,24,47.5,1113.92,Two year,Fiber optic,Electronic check,0,No,No,Yes,No,No,Yes,Yes,No,Yes,No,1
CUST-04867,36,49.6,1808.13,Two year,No,Credit card,0,No,Yes,No,No phone service,No internet service,No internet service,No internet service,No internet service,No internet service,Yes,0
CUST-04868,50,71.23,3593.54,Two year,Fiber optic,Mailed check,0,No,Yes,Yes,No,Yes,Yes,Yes,No,No,Yes,0
CUST-04869,43,85.7,3704.66,Two year,DSL,Bank transfer,0,No,No,Yes,Yes,Yes,Yes,No,Yes,Yes,Yes,0
CUST-04870,27,56.87,1560.9,One year,Fiber optic,Bank transfer,0,Yes,No,Yes,Yes,No,Yes,Yes,No,No,No,0
CUST-04871,32,91.39,2917.59,Two year,Fiber optic,Electronic check,0,Yes,No,Yes,Yes,Yes,No,No,Yes,No,No,0
CUST-04872,18,52.29,928.49,One year,Fiber optic,Bank transfer,0,Yes,No,Yes,No,No,No,Yes,No,Yes,No,0
CUST-04873,28,47.61,1317.51,Month-to-month,Fiber optic,Mailed check,0,Yes,Yes,Yes,No,Yes,No,No,Yes,No,No,0
CUST-04874,29,73.2,2135.68,Month-to-month,No,Credit card,0,Yes,Yes,Yes,No,No internet service,No internet service,No internet service,No internet service,No internet service,No,0
CUST-04875,16,20.42,331.26,Two year,No,Credit card,0,No,No,Yes,Yes,No internet service,No internet service,No internet service,No internet service,No internet service,No,0
CUST-04876,47,26.14,1227.04,Month-to-month,No,Electronic check,0,Yes,Yes,Yes,No,No internet service,No internet service,No internet service,No internet service,No internet service,Yes,0
CUST-04877,59,60.63,3603.07,Two year,DSL,Electronic check,0,Yes,Yes,No,No phone service,Yes,Yes,No,No,No,No,0
CUST-04878,31,114.18,3547.68,Month-to-month,DSL,Electronic check,0,No,No,Yes,Yes,No,No,Yes,Yes,No,Yes,1
CUST-04879,4,91.59,349.59,Month-to-month,DSL,Credit card,0,Yes,No,Yes,Yes,No,No,No,No,No,No,0
CUST-04880,37,26.99,985.01,Month-to-month,DSL,Electronic check,0,Yes,No,Yes,Yes,No,No,No,No,No,No,1
CUST-04881,17,104.32,1787.08,Month-to-month,Fiber optic,Bank transfer,0,Yes,No,Yes,Yes,Yes,No,Yes,Yes,No,Yes,0
CUST-04882,39,92.69,3635.74,Month-to-month,Fiber optic,Bank transfer,0,No,No,Yes,Yes,Yes,No,No,No,No,No,1
CUST-04883,48,80.32,3866.39,Month-to-month,Fiber optic,Bank transfer,0,No,Yes,Yes,Yes,Yes,Yes,No,Yes,No,No,1
CUST-04884,46,101.67,4714.76,Two year,No,Electronic check,0,No,No,No,No phone service,No internet service,No internet service,No internet service,No internet service,No internet service,No,0
CUST-04885,48,59.22,2875.26,Month-to-month,No,Electronic check,0,Yes,No,Yes,Yes,No internet service,No internet service,No internet service,No internet service,No internet service,No,0
CUST-04886,39,40.59,1591.83,Month-to-month,DSL,Mailed check,0,No,Yes,Yes,No,Yes,No,Yes,No,Yes,Yes,0
CUST-04887,4,70.23,264.15,Month-to-month,No,Electronic check,0,Yes,No,Yes,Yes,No internet service,No internet service,No internet service,No internet service,No internet service,Yes,1
CUST-04888,30,73.98,2193.2,One year,Fiber optic,Electronic check,0,No,No,Yes,No,No,No,No,Yes,No,No,0
CUST-04889,30,72.91,2179.55,One year,Fiber optic,Electronic check,0,No,No,Yes,Yes,No,No,Yes,No,No,Yes,0
CUST-04890,22,75.64,1679.14,One year,Fiber optic,Bank transfer,0,No,No,Yes,No,No,No,Yes,Yes,No,No,1
CUST-04891,66,114.77,7611.35,Month-to-month,DSL,Mailed check,0,No,No,Yes,No,No,No,No,Yes,No,Yes,1
CUST-04892,12,110.03,1328.71,Month-to-month,No,Electronic check,0,Yes,No,Yes,No,No internet service,No internet service,No internet service,No internet service,No internet service,Yes,0
CUST-04893,36,107.32,3886.89,One year,Fiber optic,Electronic check,0,Yes,No,Yes,No,Yes,Yes,Yes,No,Yes,Yes,0
CUST-04894,18,99.74,1790.41,Two year,No,Electronic check,1,No,No,Yes,Yes,No internet service,No internet service,No internet service,No internet service,No internet service,Yes,0
CUST-04895,53,114.23,6066.65,Month-to-month,No,Mailed check,0,Yes,No,Yes,Yes,No internet service,No internet service,No internet service,No internet service,No internet service,Yes,0
CUST-04896,71,28.05,2008.02,Month-to-month,Fiber optic,Electronic check,0,No,No,Yes,No,Yes,No,Yes,No,Yes,No,0
CUST-04897,1,45.04,5.45,Month-to-month,DSL,Bank transfer,0,No,No,Yes,No,Yes,No,No,No,No,Yes,0
CUST-04898,58,68.5,3964.73,Month-to-month,DSL,Electronic check,0,Yes,No,Yes,Yes,No,Yes,Yes,Yes,No,Yes,0
CUST-04899,6,104.35,645.09,One year,DSL,Credit card,1,No,Yes,Yes,Yes,No,No,Yes,Yes,Yes,Yes,0
CUST-04900,70,69.53,4872.59,Month-to-month,DSL,Electronic check,0,Yes,No,Yes,Yes,Yes,Yes,No,No,Yes,No,1
CUST-04901,44,94.3,4125.27,Month-to-month,No,Credit card,0,Yes,No,Yes,No,No internet service,No internet service,No internet service,No internet service,No internet service,Yes,1
CUST-04902,72,32.17,2267.64,Month-to-month,DSL,Credit card,0,Yes,No,Yes,No,Yes,No,Yes,Yes,Yes,No,0
CUST-04903,24,43.75,1042.68,Two year,No,Bank transfer,0,Yes,Yes,Yes,Yes,No internet service,No internet service,No internet service,No internet service,No internet service,Yes,0
CUST-04904,19,92.64,1758.73,Two year,Fiber optic,Credit card,0,No,No,Yes,Yes,No,Yes,No,No,Yes,No,1
CUST-04905,18,34.8,608.72,Two year,DSL,Electronic check,0,Yes,No,Yes,No,No,No,Yes,No,Yes,Yes,0
CUST-04906,30,53.84,1618.06,Month-to-month,Fiber optic,Electronic check,0,No,No,Yes,Yes,Yes,Yes,No,Yes,No,Yes,1
CUST-04907,42,45.02,1900.97,One year,Fiber optic,Electronic check,0,Yes,No,Yes,Yes,Yes,Yes,No,Yes,No,Yes,0
CUST-04908,33,53.69,1785.18,Month-to-month,Fiber optic,Electronic check,0,No,No,Yes,Yes,Yes,No,Yes,Yes,Yes,No,1
CUST-04909,12,90.25,1035.88,Month-to-month,Fiber optic,Electronic check,0,No,No,Yes,No,Yes,No,No,Yes,No,No,1
CUST-04910,27,55.52,1472.75,Month-to-month,DSL,Bank transfer,0,Yes,Yes,Yes,No,No,Yes,Yes,No,Yes,No,0
CUST-04911,39,74.64,2904.87,One year,Fiber optic,Electronic check,0,No,No,Yes,Yes,No,Yes,Yes,No,Yes,No,0
CUST-04912,9,28.19,265.15,Month-to-month,Fiber optic,Mailed check,0,No,No,Yes,No,No,No,No,Yes,Yes,Yes,1
CUST-04913,21,100.11,2112.09,Two year,No,Electronic check,0,No,No,Yes,Yes,No internet service,No internet service,No internet service,No internet service,No internet service,Yes,0
CUST-04914,29,55.73,1625.61,Month-to-month,No,Bank transfer,0,No,No,Yes,No,No internet service,No internet service,No internet service,No internet service,No internet service,No,0
CUST-04915,33,84.15,2769.28,Month-to-month,DSL,Credit card,0,No,No,Yes,Yes,Yes,Yes,Yes,No,No,No,0
CUST-04916,62,91.99,5696.83,Month-to-month,DSL,Mailed check,0,No,No,Yes,No,No,Yes,Yes,No,No,Yes,1
CUST-04917,15,39.39,576.28,Month-to-month,Fiber optic,Mailed check,0,Yes,No,Yes,No,Yes,No,No,Yes,Yes,No,1
CUST-04918,2,108.24,231.84,Month-to-month,No,Mailed check,0,Yes,Yes,Yes,No,No internet service,No internet service,No internet service,No internet service,No internet service,Yes,1
CUST-04919,52,80.85,4185.79,Month-to-month,Fiber optic,Bank transfer,0,No,No,Yes,Yes,Yes,No,No,No,No,No,1
CUST-04920,44,61.73,2733.12,Month-to-month,DSL,Electronic check,0,Yes,No,Yes,Yes,No,No,No,No,Yes,No,0
CUST-04921,54,36.6,1980.56,Month-to-month,DSL,Credit card,0,Yes,No,Yes,No,No,Yes,Yes,No,No,Yes,0
CUST-04922,18,114.11,2053.08,Month-to-month,DSL,Mailed check,0,Yes,Yes,Yes,Yes,Yes,Yes,Yes,Yes,Yes,Yes,0
CUST-04923,3,95.02,271.93,Month-to-month,DSL,Electronic check,0,Yes,No,Yes,Yes,No,No,No,Yes,No,No,1
CUST-04924,7,39.22,247.43,Month-to-month,Fiber optic,Credit card,0,Yes,No,No,No phone service,No,Yes,Yes,No,Yes,Yes,0
CUST-04925,43,52.45,2242.4,Month-to-month,Fiber optic,Credit card,0,No,No,No,No phone service,No,Yes,No,No,Yes,Yes,0
CUST-04926,38,100.59,3815.82,Month-to-month,DSL,Bank transfer,0,No,Yes,Yes,No,Yes,Yes,No,Yes,No,Yes,1
CUST-04927,37,88.96,3244.14,Two year,DSL,Electronic check,0,Yes,No,Yes,Yes,Yes,Yes,Yes,Yes,No,Yes,1
CUST-04928,58,96.11,5570.43,Month-to-month,Fiber optic,Bank transfer,0,No,No,Yes,No,No,No,Yes,Yes,No,Yes,0
CUST-04929,33,63.0,2097.49,Month-to-month,No,Electronic check,0,Yes,No,Yes,No,No internet service,No internet service,No internet service,No internet service,No internet service,No,0
CUST-04930,59,91.08,5385.06,Two year,Fiber optic,Mailed check,0,Yes,No,Yes,No,No,No,Yes,Yes,Yes,No,0
CUST-04931,11,57.42,621.7,Two year,No,Electronic check,0,No,No,Yes,Yes,No internet service,No internet service,No internet service,No internet service,No internet service,No,0
CUST-04932,68,39.55,2690.34,Two year,Fiber optic,Mailed check,0,No,No,Yes,No,No,Yes,No,Yes,No,Yes,0
CUST-04933,68,82.53,5600.92,One year,DSL,Bank transfer,0,Yes,No,Yes,No,Yes,Yes,No,No,Yes,No,0
CUST-04934,22,117.55,2589.08,Month-to-month,DSL,Electronic check,0,Yes,No,Yes,No,No,No,No,Yes,No,No,1
CUST-04935,66,49.68,3309.68,Month-to-month,Fiber optic,Credit card,0,Yes,No,Yes,No,Yes,Yes,Yes,No,Yes,No,0
CUST-04936,44,65.02,2880.25,One year,Fiber optic,Electronic check,1,No,Yes,Yes,Yes,No,Yes,Yes,No,No,Yes,0
CUST-04937,6,86.75,530.92,Two year,Fiber optic,Electronic check,0,Yes,Yes,Yes,Yes,No,Yes,Yes,No,No,Yes,0
CUST-04938,42,73.23,3065.8,One year,Fiber optic,Bank transfer,1,Yes,No,Yes,No,No,Yes,No,Yes,Yes,Yes,1
CUST-04939,25,104.03,2615.75,Two year,Fiber optic,Credit card,0,No,Yes,Yes,Yes,No,Yes,No,No,Yes,No,0
CUST-04940,57,95.7,5421.16,Month-to-month,DSL,Credit card,0,No,Yes,Yes,Yes,Yes,Yes,No,No,Yes,Yes,0
CUST-04941,55,23.95,1312.2,Month-to-month,No,Bank transfer,0,No,No,Yes,Yes,No internet service,No internet service,No internet service,No internet service,No internet service,No,1
CUST-04942,16,119.84,1929.11,Two year,Fiber optic,Electronic check,0,No,Yes,Yes,Yes,No,No,Yes,Yes,No,No,0
CUST-04943,14,94.75,1341.31,One year,Fiber optic,Credit card,0,Yes,No,No,No phone service,Yes,Yes,No,Yes,No,No,0
CUST-04944,39,106.12,4152.08,Two year,Fiber optic,Credit card,0,No,No,Yes,No,Yes,Yes,No,Yes,Yes,Yes,0
CUST-04945,28,84.42,2369.66,One year,Fiber optic,Electronic check,0,Yes,No,Yes,Yes,No,Yes,No,No,Yes,Yes,1
CUST-04946,51,105.34,5368.43,Month-to-month,DSL,Mailed check,0,No,Yes,Yes,No,Yes,Yes,Yes,No,Yes,No,0
CUST-04947,49,29.46,1454.3,Month-to-month,Fiber optic,Mailed check,1,Yes,No,Yes,No,No,Yes,No,No,No,No,0
CUST-04948,9,53.47,462.17,Two year,DSL,Mailed check,0,No,Yes,Yes,Yes,Yes,No,Yes,No,No,Yes,0
CUST-04949,58,107.39,6211.73,One year,Fiber optic,Credit card,0,Yes,No,Yes,Yes,No,Yes,No,Yes,Yes,Yes,0
CUST-04950,45,38.57,1736.88,Month-to-month,DSL,Electronic check,0,Yes,No,Yes,No,Yes,Yes,Yes,No,No,Yes,1
CUST-04951,22,25.98,575.02,Month-to-month,DSL,Bank transfer,0,Yes,No,Yes,Yes,Yes,Yes,No,No,Yes,Yes,0
CUST-04952,32,98.39,3111.97,Month-to-month,DSL,Electronic check,0,No,Yes,Yes,No,No,No,Yes,No,No,Yes,1
CUST-04953,69,103.22,7131.28,Month-to-month,Fiber optic,Mailed check,0,Yes,Yes,Yes,No,Yes,Yes,Yes,No,No,Yes,0
CUST-04954,69,34.59,2402.16,One year,No,Bank transfer,0,Yes,No,Yes,Yes,No internet service,No internet service,No internet service,No internet service,No internet service,No,0
CUST-04955,42,105.14,4414.33,Month-to-month,DSL,Electronic check,0,Yes,No,Yes,Yes,No,Yes,No,Yes,Yes,No,0
CUST-04956,53,88.05,4714.14,Month-to-month,Fiber optic,Mailed check,0,Yes,No,Yes,Yes,Yes,Yes,Yes,Yes,No,Yes,0
CUST-04957,59,71.05,4178.29,Two year,DSL,Credit card,1,No,No,Yes,Yes,No,Yes,Yes,Yes,Yes,No,0
CUST-04958,39,102.69,3997.69,Month-to-month,Fiber optic,Bank transfer,0,Yes,No,Yes,No,No,Yes,Yes,No,No,No,1
CUST-04959,15,60.76,903.5,Two year,DSL,Bank transfer,0,Yes,Yes,Yes,Yes,Yes,Yes,Yes,Yes,No,No,0
CUST-04960,71,37.79,2681.57,Month-to-month,DSL,Electronic check,1,No,No,Yes,No,Yes,No,Yes,Yes,Yes,Yes,1
CUST-04961,29,47.05,1357.88,Two year,DSL,Mailed check,0,No,No,No,No phone service,No,No,Yes,Yes,Yes,Yes,0
CUST-04962,3,69.53,180.45,Month-to-month,No,Bank transfer,0,No,No,Yes,Yes,No internet service,No internet service,No internet service,No internet service,No internet service,Yes,0
CUST-04963,10,72.2,711.07,Month-to-month,Fiber optic,Credit card,0,No,No,Yes,Yes,Yes,No,Yes,No,Yes,No,1
CUST-04964,29,100.17,2902.98,Two year,DSL,Electronic check,0,Yes,Yes,Yes,Yes,No,No,No,No,No,No,0
CUST-04965,35,98.72,3479.77,One year,DSL,Bank transfer,0,No,No,Yes,Yes,Yes,Yes,Yes,No,Yes,Yes,0
CUST-04966,6,77.3,507.84,Month-to-month,DSL,Electronic check,0,No,No,Yes,Yes,Yes,Yes,Yes,No,No,Yes,1
CUST-04967,12,97.64,1198.39,Two year,DSL,Electronic check,0,No,Yes,Yes,No,Yes,Yes,Yes,Yes,Yes,Yes,0
CUST-04968,38,37.56,1411.77,Month-to-month,No,Mailed check,0,No,Yes,Yes,No,No internet service,No internet service,No internet service,No internet service,No internet service,Yes,1
CUST-04969,19,23.11,425.17,Two year,Fiber optic,Electronic check,0,Yes,No,Yes,Yes,No,No,Yes,No,Yes,Yes,1
CUST-04970,67,107.11,7173.18,Month-to-month,Fiber optic,Electronic check,0,Yes,No,Yes,Yes,Yes,No,No,Yes,No,No,1
CUST-04971,8,25.71,241.37,Month-to-month,DSL,Bank transfer,0,No,Yes,Yes,Yes,No,No,No,No,Yes,Yes,1
CUST-04972,8,43.16,341.97,Month-to-month,Fiber optic,Mailed check,0,Yes,Yes,Yes,Yes,No,Yes,Yes,Yes,No,Yes,1
CUST-04973,47,88.92,4152.69,Month-to-month,DSL,Credit card,0,No,No,No,No phone service,Yes,No,No,No,Yes,No,0
CUST-04974,4,59.76,229.02,Month-to-month,DSL,Bank transfer,0,No,Yes,No,No phone service,Yes,Yes,No,No,No,No,0
CUST-04975,51,107.38,5491.52,Month-to-month,Fiber optic,Bank transfer,0,Yes,Yes,No,No phone service,Yes,No,No,No,Yes,Yes,1
CUST-04976,67,48.39,3255.93,Month-to-month,DSL,Electronic check,0,Yes,No,Yes,No,Yes,No,No,Yes,Yes,No,0
CUST-04977,45,19.21,860.45,Month-to-month,Fiber optic,Electronic check,0,Yes,Yes,Yes,No,No,Yes,Yes,No,No,No,1
CUST-04978,8,48.67,403.03,Month-to-month,No,Bank transfer,1,Yes,No,Yes,Yes,No internet service,No internet service,No internet service,No internet service,No internet service,Yes,1
CUST-04979,16,76.96,1185.9,Two year,DSL,Electronic check,0,Yes,No,Yes,Yes,No,Yes,No,No,Yes,Yes,0
CUST-04980,67,56.35,3777.53,One year,No,Credit card,0,Yes,No,Yes,No,No internet service,No internet service,No internet service,No internet service,No internet service,Yes,0
CUST-04981,9,72.56,670.25,One year,DSL,Mailed check,1,Yes,No,No,No phone service,Yes,Yes,Yes,Yes,No,No,0
CUST-04982,60,107.41,6427.94,Two year,DSL,Electronic check,0,Yes,No,Yes,Yes,Yes,No,Yes,Yes,Yes,No,0
CUST-04983,71,111.07,7869.24,One year,Fiber optic,Bank transfer,0,Yes,Yes,Yes,Yes,No,Yes,Yes,Yes,Yes,Yes,0
CUST-04984,15,45.13,639.62,Two year,Fiber optic,Credit card,1,No,No,No,No phone service,No,No,No,No,Yes,Yes,0
CUST-04985,71,65.14,4656.74,Month-to-month,DSL,Electronic check,0,No,No,No,No phone service,No,Yes,No,No,Yes,No,1
CUST-04986,41,74.01,3020.01,Month-to-month,No,Electronic check,0,Yes,No,Yes,Yes,No internet service,No internet service,No internet service,No internet service,No internet service,Yes,1
CUST-04987,22,114.81,2530.64,Month-to-month,No,Credit card,0,Yes,No,Yes,No,No internet service,No internet service,No internet service,No internet service,No internet service,No,1
CUST-04988,24,119.86,2888.72,Month-to-month,DSL,Electronic check,0,No,No,Yes,No,Yes,Yes,No,No,No,Yes,0
CUST-04989,44,42.01,1878.68,Two year,No,Electronic check,0,Yes,No,Yes,No,No internet service,No internet service,No internet service,No internet service,No internet service,Yes,0
CUST-04990,1,92.15,89.07,One year,Fiber optic,Mailed check,0,No,Yes,Yes,No,No,No,Yes,Yes,Yes,Yes,1
CUST-04991,10,56.56,554.81,Month-to-month,No,Mailed check,0,Yes,Yes,Yes,No,No internet service,No internet service,No internet service,No internet service,No internet service,No,1
CUST-04992,72,18.83,1359.22,One year,DSL,Mailed check,0,Yes,No,Yes,No,Yes,Yes,Yes,No,No,No,0
CUST-04993,56,18.94,1086.32,Month-to-month,No,Mailed check,0,No,Yes,Yes,No,No internet service,No internet service,No internet service,No internet service,No internet service,No,0
CUST-04994,50,64.98,3245.6,Month-to-month,DSL,Credit card,0,No,No,Yes,No,Yes,Yes,Yes,No,Yes,No,0
CUST-04995,12,67.81,794.62,One year,No,Bank transfer,0,No,No,Yes,No,No internet service,No internet service,No internet service,No internet service,No internet service,Yes,0
CUST-04996,60,20.3,1187.18,Two year,Fiber optic,Credit card,0,Yes,No,Yes,No,Yes,No,Yes,No,Yes,No,0
CUST-04997,26,88.07,2265.39,Two year,Fiber optic,Mailed check,0,No,No,No,No phone service,Yes,Yes,No,Yes,Yes,Yes,1
CUST-04998,41,47.99,1984.88,One year,DSL,Electronic check,0,No,No,Yes,Yes,Yes,Yes,No,No,No,No,0
CUST-04999,36,75.11,2697.55,Month-to-month,No,Credit card,0,No,No,Yes,Yes,No internet service,No internet service,No internet service,No internet service,No internet service,Yes,1
CUST-05000,23,48.69,1107.72,Month-to-month,Fiber optic,Electronic check,0,No,No,Yes,Yes,No,No,No,Yes,Yes,Yes,0
